gene,raw_identifier,n_masked,neural_r,neural_mse,rank_r,rank_mse,quality_score
PYROXD1,PYROXD1,102,0.8946146,0.16489264369010925,0.9916264090177134,0.9967793880837359,0.9942028985507246
MAGEF1,MAGEF1,113,0.8907305,0.1589341163635254,0.989694041867955,0.9977455716586151,0.9937198067632851
FITM2,FITM2,103,0.9013445,0.18556749820709229,0.9948470209339775,0.9916264090177134,0.9932367149758454
KLHL6,KLHL6,103,0.89283293,0.16987840831279755,0.9909822866344605,0.9948470209339775,0.9929146537842191
NCOA5,NCOA5,104,0.8914059,0.16974586248397827,0.9906602254428342,0.9951690821256038,0.9929146537842191
MIR548A3,MIR548A3,88,0.90166277,0.1881243735551834,0.9951690821256038,0.9903381642512077,0.9927536231884058
ECE2,ECE2,89,0.89099133,0.1744672656059265,0.9903381642512077,0.9938808373590983,0.992109500805153
CPQ,CPQ,102,0.89598775,0.19187165796756744,0.9922705314009662,0.9900161030595813,0.9911433172302737
RAD52,RAD52,113,0.8987769,0.20242750644683838,0.9938808373590983,0.9867954911433172,0.9903381642512077
RN7SL31P,RN7SL31P,105,0.92943317,0.21547931432724,1.0,0.9774557165861514,0.9887278582930756
PABPC1L,PABPC1L,97,0.8793105,0.15373504161834717,0.9777777777777777,0.998389694041868,0.9880837359098229
MIR1257,MIR1257,119,0.8951203,0.20818865299224854,0.9919484702093397,0.9835748792270531,0.9877616747181964
snoU13,snoU13|ENSG00000238791.1,92,0.9108111,0.2230888456106186,0.998389694041868,0.9706924315619968,0.9845410628019324
HTR3E,HTR3E,102,0.8701665,0.1163165345788002,0.9665056360708535,1.0,0.9832528180354267
KLHL24,KLHL24,94,0.9070554,0.22671818733215332,0.9974235104669887,0.9677938808373591,0.9826086956521739
POP1,POP1,110,0.8808092,0.20738646388053894,0.9797101449275363,0.984219001610306,0.9819645732689211
THPO,THPO,103,0.8967111,0.2231164276599884,0.9925925925925926,0.9703703703703703,0.9814814814814814
CTCFL,CTCFL,99,0.8679893,0.15084345638751984,0.9636070853462158,0.9990338164251208,0.9813204508856683
MIR4448,MIR4448,83,0.8692169,0.16202828288078308,0.9642512077294686,0.9971014492753624,0.9806763285024155
LINC00494,LINC00494,115,0.8798106,0.21193596720695496,0.9784219001610306,0.9819645732689211,0.9801932367149758
UBE2C,UBE2C,105,0.8665755,0.17916661500930786,0.961352657004831,0.9925925925925926,0.9769726247987118
DCAF13,DCAF13,94,0.9025726,0.23672489821910858,0.9954911433172303,0.9568438003220612,0.9761674718196458
MTBP,MTBP,109,0.8985947,0.23404733836650848,0.9935587761674718,0.9587761674718196,0.9761674718196457
PLEKHF2,PLEKHF2,92,0.87930655,0.22201263904571533,0.9774557165861514,0.9713365539452496,0.9743961352657005
BCAS1,BCAS1,104,0.873137,0.21626710891723633,0.9697262479871176,0.9764895330112722,0.9731078904991949
RN7SL229P,RN7SL229P,92,0.86269975,0.18595190346240997,0.9549114331723028,0.991304347826087,0.9731078904991949
IFLTD1,IFLTD1,108,0.8725787,0.21807308495044708,0.9690821256038648,0.9752012882447665,0.9721417069243157
TBCCD1,TBCCD1,100,0.9111955,0.244991734623909,0.9987117552334943,0.9442834138486312,0.9714975845410627
SNX31,SNX31,111,0.887649,0.23812925815582275,0.9864734299516909,0.9552334943639291,0.97085346215781
PLTP,PLTP,112,0.8548036,0.13567304611206055,0.94170692431562,0.9996779388083736,0.9706924315619968
EIF4G1,EIF4G1,91,0.8681067,0.21554802358150482,0.9639291465378422,0.977133655394525,0.9705314009661836
PEX2,PEX2,96,0.92361975,0.24850249290466309,0.9996779388083736,0.9388083735909822,0.9692431561996779
SNORD112,SNORD112|ENSG00000252359.1,85,0.86797845,0.21856418251991272,0.9632850241545894,0.9745571658615136,0.9689210950080516
PSMD2,PSMD2,108,0.8569422,0.19607900083065033,0.9452495974235104,0.9887278582930756,0.966988727858293
NHLH1,NHLH1,99,0.8876924,0.24441707134246826,0.9871175523349437,0.9452495974235104,0.9661835748792271
SLC25A32,SLC25A32,117,0.8548979,0.19338181614875793,0.9420289855072463,0.989694041867955,0.9658615136876006
RN7SL350P,RN7SL350P,88,0.86389285,0.22170914709568024,0.9587761674718196,0.9719806763285024,0.965378421900161
GSG1,GSG1,98,0.857336,0.20897960662841797,0.9458937198067633,0.9832528180354267,0.9645732689210951
ZC2HC1A,ZC2HC1A,101,0.8614656,0.22399823367595673,0.9526570048309179,0.9690821256038648,0.9608695652173913
CCM2L,CCM2L,102,0.86347103,0.23083610832691193,0.9571658615136877,0.964573268921095,0.9608695652173913
BHLHE22,BHLHE22,108,0.86786735,0.23639996349811554,0.9626409017713365,0.9571658615136877,0.9599033816425121
KCNMB2,KCNMB2,107,0.8756372,0.24539518356323242,0.9748792270531401,0.943317230273752,0.9590982286634461
FCGR2A,FCGR2A,103,0.8486059,0.19908156991004944,0.9278582930756843,0.9884057971014493,0.9581320450885669
NOS1AP,NOS1AP,115,0.84664875,0.17152898013591766,0.9217391304347826,0.994524959742351,0.9581320450885669
ZIC1,ZIC1,98,0.8546805,0.2183823138475418,0.9410628019323671,0.9748792270531401,0.9579710144927536
ADAR,ADAR,102,0.8450017,0.15563631057739258,0.9175523349436393,0.9980676328502416,0.9578099838969405
CLEC4E,CLEC4E,104,0.8624944,0.2322610765695572,0.9539452495974236,0.9616747181964573,0.9578099838969405
EDN3,EDN3,112,0.8496459,0.20767603814601898,0.9301127214170692,0.9838969404186796,0.9570048309178745
FLAD1,FLAD1,95,0.8572765,0.23090599477291107,0.9455716586151369,0.9642512077294686,0.9549114331723028
U3,U3|ENSG00000221461.1,92,0.85339725,0.2239975929260254,0.9400966183574879,0.9694041867954911,0.9547504025764895
LELP1,LELP1,95,0.8624548,0.23804190754890442,0.9536231884057971,0.9555555555555556,0.9545893719806764
CLEC6A,CLEC6A,91,0.90400743,0.2618356943130493,0.996135265700483,0.9114331723027376,0.9537842190016104
MIR599,MIR599,137,0.8780027,0.2526050806045532,0.977133655394525,0.9294685990338164,0.9533011272141707
TDRKH,TDRKH,98,0.8507951,0.21937677264213562,0.9314009661835749,0.9739130434782609,0.952657004830918
LINC00967,LINC00967,85,0.8828196,0.25674211978912354,0.9826086956521739,0.9214170692431563,0.952012882447665
VWA5B2,VWA5B2,110,0.8545421,0.23272112011909485,0.9407407407407408,0.961352657004831,0.9510466988727859
SMCO1,SMCO1,102,0.85653126,0.23844413459300995,0.9449275362318841,0.9545893719806763,0.9497584541062802
PRR4,PRR4,98,0.8985115,0.26580774784088135,0.9932367149758454,0.9049919484702094,0.9491143317230274
SNORD77,SNORD77|ENSG00000212414.1,109,0.8579781,0.24244502186775208,0.9475040257648953,0.9497584541062802,0.9486312399355878
SNORA72,SNORA72|ENSG00000207067.1,109,0.85162,0.2313188910484314,0.9336553945249597,0.9632850241545894,0.9484702093397746
APOLD1,APOLD1,98,0.8703656,0.25272148847579956,0.9668276972624799,0.92914653784219,0.9479871175523349
PHACTR3,PHACTR3,103,0.8629562,0.24825337529182434,0.955877616747182,0.9397745571658616,0.9478260869565218
MOCS3,MOCS3,93,0.84140027,0.20659059286117554,0.9107890499194847,0.9848631239935588,0.9478260869565218
FAM60A,FAM60A,122,0.86119217,0.2466544508934021,0.9523349436392915,0.94170692431562,0.9470209339774558
RN7SKP262,RN7SKP262,94,0.83963233,0.2032008320093155,0.9075684380032206,0.9861513687600644,0.9468599033816425
EPPIN,EPPIN,117,0.8836415,0.2627273499965668,0.9835748792270531,0.9098228663446055,0.9466988727858293
RN7SL447P,RN7SL447P,99,0.8467826,0.22325372695922852,0.9223832528180355,0.970048309178744,0.9462157809983898
VAMP4,VAMP4,99,0.85182023,0.23444035649299622,0.9342995169082126,0.9581320450885669,0.9462157809983898
ILDR2,ILDR2,101,0.8376465,0.18373876810073853,0.8979066022544283,0.9922705314009662,0.9450885668276973
ZNF252P,ZNF252P,96,0.87748486,0.26161274313926697,0.9764895330112722,0.9120772946859903,0.9442834138486312
RTP2,RTP2,104,0.84706575,0.2290637344121933,0.9230273752012882,0.9655394524959743,0.9442834138486312
PI3,PI3,81,0.8363626,0.1783258020877838,0.8940418679549115,0.9932367149758454,0.9436392914653784
TSTD1,TSTD1,122,0.8465887,0.2305193543434143,0.9214170692431563,0.9648953301127214,0.9431561996779388
PRH2,PRH2,99,0.85442454,0.24425803124904633,0.9404186795491143,0.9458937198067633,0.9431561996779387
RN7SL637P,RN7SL637P,101,0.85188675,0.2415541261434555,0.9346215780998389,0.9510466988727858,0.9428341384863124
SETDB1,SETDB1,98,0.8497462,0.2383291870355606,0.9304347826086956,0.9549114331723028,0.9426731078904992
EIF2B5,EIF2B5,117,0.8348381,0.17282451689243317,0.8911433172302737,0.9942028985507246,0.9426731078904992
CD163,CD163,106,0.8800757,0.2649064362049103,0.978743961352657,0.9062801932367149,0.942512077294686
PCAT2,PCAT2,105,0.8619265,0.2533394694328308,0.9533011272141707,0.9285024154589372,0.940901771336554
TMEM70,TMEM70,86,0.86275035,0.2551785707473755,0.9552334943639291,0.9259259259259259,0.9405797101449276
SERINC3,SERINC3,90,0.8450612,0.23155038058757782,0.9178743961352657,0.9623188405797102,0.9400966183574879
TAS2R46,TAS2R46,122,0.8734181,0.2630924582481384,0.9706924315619968,0.9091787439613527,0.9399355877616747
ZFP64,ZFP64,101,0.83769387,0.2137174904346466,0.8985507246376812,0.9800322061191626,0.9392914653784219
ANKUB1,ANKUB1,102,0.8899916,0.2731918692588806,0.9884057971014493,0.8885668276972625,0.9384863123993559
SNORA44,SNORA44,94,0.8484333,0.24326319992542267,0.9268921095008051,0.9481481481481482,0.9375201288244767
SNORA18,SNORA18|ENSG00000200288.1,110,0.8297981,0.1670873463153839,0.8772946859903382,0.996135265700483,0.9367149758454106
PABPC1,PABPC1,82,0.85262996,0.24983133375644684,0.9365539452495975,0.9355877616747182,0.9360708534621578
APH1A,APH1A,95,0.8480068,0.24383226037025452,0.9252818035426731,0.9465378421900161,0.9359098228663446
GPR171,GPR171,103,0.9045722,0.2808776795864105,0.9964573268921095,0.8747181964573268,0.9355877616747181
ESRP1,ESRP1,103,0.8908027,0.2775627374649048,0.9900161030595813,0.8808373590982287,0.9354267310789051
RORC,RORC,86,0.844397,0.23866644501686096,0.9169082125603865,0.9536231884057971,0.9352657004830918
DUSP27,DUSP27,110,0.8493482,0.24845680594444275,0.9294685990338164,0.9391304347826087,0.9342995169082126
SPAG1,SPAG1,93,0.8803713,0.27480557560920715,0.9793880837359098,0.8863123993558776,0.9328502415458937
SAMD12,SAMD12,93,0.84879893,0.2493990808725357,0.9285024154589372,0.9368760064412238,0.9326892109500805
CSMD3,CSMD3,104,0.83487034,0.22034138441085815,0.8914653784219002,0.9735909822866344,0.9325281803542673
TNNC2,TNNC2,91,0.8377192,0.228195920586586,0.8988727858293075,0.966183574879227,0.9325281803542673
SPRR2D,SPRR2D,105,0.8717566,0.27089232206344604,0.9687600644122383,0.8946859903381642,0.9317230273752013
NUDCD1,NUDCD1,99,0.85325974,0.2561246454715729,0.9397745571658616,0.9233494363929147,0.9315619967793881
MIR4532,MIR4532,115,0.8556863,0.25762009620666504,0.9436392914653784,0.9188405797101449,0.9312399355877616
GP5,GP5,117,0.855803,0.2578792870044708,0.9442834138486312,0.9178743961352657,0.9310789049919485
AKAP3,AKAP3,108,0.82752925,0.18661506474018097,0.8689210950080515,0.9909822866344605,0.929951690821256
SNORD64,SNORD64|ENSG00000212161.1,104,0.8526922,0.2568128705024719,0.9368760064412238,0.9210950080515298,0.9289855072463769
UBAP2L,UBAP2L,99,0.8816249,0.27968835830688477,0.9809983896940419,0.8766505636070854,0.9288244766505636
ZFAND1,ZFAND1,97,0.87140024,0.2733088731765747,0.9684380032206119,0.8882447665056361,0.928341384863124
TG,TG,105,0.8652045,0.27044519782066345,0.9594202898550724,0.8959742351046699,0.9276972624798712
ARHGAP30,ARHGAP30,107,0.8367197,0.2337203174829483,0.895330112721417,0.9590982286634461,0.9272141706924315
PKIA,PKIA,94,0.8438316,0.24838638305664062,0.9146537842190016,0.9394524959742351,0.9270531400966183
TMEM207,TMEM207,102,0.88399553,0.28367677330970764,0.9838969404186796,0.8689210950080515,0.9264090177133655
TAS2R19,TAS2R19,110,0.9080578,0.2930566668510437,0.9980676328502416,0.8528180354267311,0.9254428341384864
PHC3,PHC3,102,0.82895607,0.2161521315574646,0.8734299516908213,0.9768115942028985,0.9251207729468599
OXR1,OXR1,102,0.83879,0.24351449310779572,0.9030595813204508,0.947181964573269,0.9251207729468599
LYPD2,LYPD2,106,0.84413403,0.250541090965271,0.9152979066022544,0.9346215780998389,0.9249597423510467
DVL3,DVL3,108,0.85577935,0.26640141010284424,0.9439613526570049,0.9046698872785829,0.9243156199677939
SCCPDH,SCCPDH,94,0.84023243,0.24787558615207672,0.9085346215780998,0.9400966183574879,0.9243156199677939
GPA33,GPA33,116,0.8638284,0.27270346879959106,0.9584541062801932,0.8901771336553945,0.9243156199677939
NIPAL2,NIPAL2,91,0.88977,0.28895455598831177,0.9880837359098229,0.8599033816425121,0.9239935587761675
ERGIC2,ERGIC2,120,0.84423715,0.25162771344184875,0.9156199677938809,0.9314009661835749,0.923510466988728
ANGPT1,ANGPT1,92,0.9073481,0.29454270005226135,0.9977455716586151,0.8492753623188406,0.9235104669887279
SPRR2B,SPRR2B,125,0.82490915,0.19908706843852997,0.8579710144927536,0.9880837359098229,0.9230273752012883
NOTCH2,NOTCH2,112,0.8578283,0.2685280740261078,0.9468599033816425,0.899194847020934,0.9230273752012883
COX6C,COX6C,94,0.8762285,0.28257784247398376,0.9752012882447665,0.87085346215781,0.9230273752012883
LCE1C,LCE1C,110,0.8300794,0.22718186676502228,0.8782608695652174,0.9674718196457327,0.922866344605475
RN7SL237P,RN7SL237P,93,0.87362456,0.2810916602611542,0.9713365539452496,0.8743961352657005,0.922866344605475
MED30,MED30,120,0.8777831,0.2857608497142792,0.9768115942028985,0.8663446054750402,0.9215780998389693
ADA,ADA,105,0.8301488,0.23139487206935883,0.879549114331723,0.9626409017713365,0.9210950080515298
MIR5194,MIR5194,115,0.84860736,0.2606373429298401,0.9281803542673108,0.913365539452496,0.9207729468599034
MIR1205,MIR1205,129,0.8339286,0.23970220983028412,0.8892109500805153,0.952012882447665,0.9206119162640902
LINC00184,LINC00184,112,0.84178287,0.2541255056858063,0.9123993558776168,0.9272141706924316,0.9198067632850242
MIR3151,MIR3151,108,0.8270949,0.22209621965885162,0.8679549114331723,0.9710144927536232,0.9194847020933977
SNORA4,SNORA4|ENSG00000263776.1,120,0.858213,0.27257269620895386,0.9478260869565217,0.8908212560386474,0.9193236714975845
CCDC50,CCDC50,89,0.8396617,0.25238728523254395,0.907890499194847,0.9297906602254429,0.9188405797101449
DLG1,DLG1,101,0.8370765,0.24758359789848328,0.8972624798711756,0.9404186795491143,0.9188405797101449
UBR5,UBR5,89,0.8392798,0.2516157627105713,0.9049919484702094,0.9317230273752013,0.9183574879227053
MIR3649,MIR3649,104,0.8466848,0.2605728209018707,0.922061191626409,0.9136876006441224,0.9178743961352657
C8orf56,C8orf56,103,0.8671437,0.28180620074272156,0.9616747181964573,0.8734299516908213,0.9175523349436393
ZNF7,ZNF7,107,0.8967326,0.2981962263584137,0.992914653784219,0.8421900161030595,0.9175523349436392
OPA1,OPA1,107,0.88098335,0.29173675179481506,0.980354267310789,0.8544283413848631,0.9173913043478261
RN7SL19P,RN7SL19P,102,0.872999,0.28654903173446655,0.9694041867954911,0.8650563607085346,0.9172302737520128
TRIQK,TRIQK,89,0.86339045,0.2796124815940857,0.9568438003220612,0.8772946859903382,0.9170692431561998
DNMT3B,DNMT3B,102,0.8336056,0.24390585720539093,0.8879227053140096,0.9462157809983897,0.9170692431561996
MC3R,MC3R,100,0.821234,0.18487659096717834,0.8418679549114332,0.9919484702093397,0.9169082125603865
DPYS,DPYS,91,0.8432956,0.257758229970932,0.9140096618357488,0.9181964573268921,0.9161030595813204
A2M,A2M,85,0.8224257,0.2031291127204895,0.8457326892109501,0.9864734299516909,0.9161030595813204
MYNN,MYNN,108,0.83930886,0.25436457991600037,0.9053140096618357,0.9265700483091788,0.9159420289855073
C12orf57,C12orf57,111,0.8442471,0.25991755723953247,0.9159420289855073,0.9143317230273752,0.9151368760064412
GSS,GSS,107,0.83558756,0.2487257421016693,0.8924315619967794,0.937842190016103,0.9151368760064412
CLEC2D,CLEC2D,114,0.871239,0.28794270753860474,0.9677938808373591,0.8621578099838969,0.914975845410628
HRASLS,HRASLS,104,0.854765,0.2736973166465759,0.9413848631239936,0.886634460547504,0.9140096618357488
SOX18,SOX18,118,0.85189134,0.2716447412967682,0.9349436392914654,0.8930756843800322,0.9140096618357487
EIF5A2,EIF5A2,99,0.83180547,0.24538643658161163,0.8840579710144928,0.9436392914653784,0.9138486312399356
RNA5SP149,RNA5SP149,113,0.8232266,0.21423210203647614,0.8492753623188406,0.9784219001610306,0.9138486312399356
LINC00940,LINC00940,106,0.8199551,0.1786077320575714,0.8347826086956521,0.992914653784219,0.9138486312399355
TRMT12,TRMT12,107,0.86252505,0.28188085556030273,0.9542673107890499,0.8727858293075684,0.9135265700483092
LINC00535,LINC00535,105,0.8367402,0.25165480375289917,0.8956521739130435,0.9310789049919485,0.913365539452496
RNA5SP145,RNA5SP145,109,0.85838664,0.27949321269989014,0.9481481481481482,0.8782608695652174,0.9132045088566828
ELMO2,ELMO2,99,0.8176586,0.15286611020565033,0.8270531400966183,0.9987117552334943,0.9128824476650563
CCNE2,CCNE2,118,0.846955,0.2669908106327057,0.9227053140096618,0.9027375201288245,0.9127214170692431
ETV5,ETV5,124,0.82637864,0.23319275677204132,0.8647342995169082,0.9603864734299516,0.91256038647343
EFCAB1,EFCAB1,97,0.8443606,0.2635386288166046,0.9165861513687601,0.9085346215780998,0.91256038647343
CRH,CRH,95,0.87938035,0.2960999011993408,0.9780998389694042,0.8463768115942029,0.9122383252818036
MCCC1,MCCC1,106,0.82256204,0.21687576174736023,0.8466988727858293,0.9761674718196457,0.9114331723027376
EPHB3,EPHB3,116,0.8209396,0.21271519362926483,0.8405797101449275,0.9813204508856683,0.9109500805152979
IVL,IVL,95,0.8324014,0.2503358721733093,0.8856682769726248,0.9349436392914654,0.9103059581320452
GDAP1,GDAP1,111,0.8481252,0.2715681493282318,0.9259259259259259,0.8933977455716586,0.9096618357487922
SYBU,SYBU,87,0.8266072,0.23912885785102844,0.8657004830917875,0.9526570048309179,0.9091787439613527
FCGR2B,FCGR2B,102,0.83425355,0.2542089819908142,0.8901771336553945,0.9268921095008051,0.9085346215780998
MIR214,MIR214,100,0.820724,0.21442994475364685,0.8386473429951691,0.9777777777777777,0.9082125603864735
SNORA63,SNORA63|ENSG00000199363.1,117,0.84555006,0.2699160575866699,0.9188405797101449,0.8969404186795491,0.907890499194847
HTR3D,HTR3D,96,0.8744606,0.29867154359817505,0.9739130434782609,0.8412238325281803,0.9075684380032206
C1orf204,C1orf204,100,0.8211045,0.2204703837633133,0.8415458937198068,0.9732689210950081,0.9074074074074074
ACSS2,ACSS2,88,0.8266777,0.2434895634651184,0.8663446054750402,0.9475040257648953,0.9069243156199678
SNORA81,SNORA81|ENSG00000221420.2,113,0.82339,0.2309219390153885,0.8502415458937198,0.9636070853462158,0.9069243156199678
MIR3194,MIR3194,109,0.8407449,0.2665949761867523,0.9088566827697262,0.9040257648953302,0.9064412238325281
BCHE,BCHE,91,0.900279,0.31037506461143494,0.994524959742351,0.8170692431561997,0.9057971014492754
LAX1,LAX1,97,0.8226189,0.23135796189308167,0.8476650563607085,0.9629629629629629,0.9053140096618357
DARC,DARC,85,0.8293251,0.25096601247787476,0.8760064412238325,0.9330112721417069,0.9045088566827697
KLF10,KLF10,117,0.8183667,0.21362540125846863,0.828341384863124,0.9806763285024155,0.9045088566827697
AHRR,AHRR,107,0.82517236,0.2430524080991745,0.8599033816425121,0.9484702093397746,0.9041867954911433
MIR1224,MIR1224,105,0.8126562,0.1683732569217682,0.8096618357487922,0.9958132045088567,0.9027375201288245
RN7SL486P,RN7SL486P,102,0.8905799,0.3108249008655548,0.9893719806763285,0.8157809983896941,0.9025764895330113
KIAA0226,KIAA0226,100,0.8246109,0.24261979758739471,0.8557165861513688,0.9491143317230274,0.9024154589371981
GRHL2,GRHL2,114,0.8515415,0.2824968099594116,0.9333333333333333,0.8711755233494364,0.9022544283413849
LINC00501,LINC00501,98,0.81610113,0.21140038967132568,0.8215780998389695,0.9822866344605475,0.9019323671497586
TCTEX1D2,TCTEX1D2,95,0.8301802,0.256470263004303,0.8798711755233495,0.9223832528180355,0.9011272141706925
MIR944,MIR944,101,0.84109133,0.2724221348762512,0.9101449275362319,0.8914653784219002,0.900805152979066
KCNS2,KCNS2,97,0.8267479,0.2505568861961365,0.8666666666666667,0.9342995169082126,0.9004830917874396
IMPA1P,IMPA1P,104,0.85324425,0.28811442852020264,0.9394524959742351,0.8611916264090177,0.9003220611916264
LCE3D,LCE3D,102,0.82134354,0.23482052981853485,0.842512077294686,0.9578099838969404,0.9001610305958132
DEFB124,DEFB124,94,0.86940557,0.3018651604652405,0.9652173913043478,0.8351046698872786,0.9001610305958132
FDPS,FDPS,106,0.8159346,0.21416790783405304,0.8209339774557166,0.9790660225442834,0.9
ZNF704,ZNF704,104,0.85948557,0.2947216033935547,0.9500805152979066,0.8483091787439614,0.899194847020934
RNA5SP147,RNA5SP147,114,0.8902751,0.313719779253006,0.9887278582930756,0.8096618357487922,0.8991948470209339
SPRR2A,SPRR2A,103,0.84311473,0.2755219638347626,0.913365539452496,0.8847020933977455,0.8990338164251208
C2CD5,C2CD5,115,0.8530185,0.28988564014434814,0.937842190016103,0.8586151368760064,0.8982286634460548
HAX1,HAX1,102,0.84079885,0.2748435139656067,0.9091787439613527,0.8859903381642512,0.8975845410628019
FAM203B,FAM203B,103,0.8171667,0.22382691502571106,0.8247987117552334,0.9697262479871176,0.8972624798711755
DEFB119,DEFB119,106,0.82471555,0.24917888641357422,0.856682769726248,0.9375201288244767,0.8971014492753624
NBPF18P,NBPF18P,97,0.8366233,0.26894623041152954,0.8950080515297907,0.8985507246376812,0.8967793880837359
MCF2L2,MCF2L2,98,0.82793343,0.2569516897201538,0.87085346215781,0.9204508856682769,0.8956521739130434
SNORA71A,SNORA71A,105,0.83787507,0.27256667613983154,0.8998389694041868,0.8911433172302737,0.8954911433172303
TNK2,TNK2,108,0.8257073,0.25291961431503296,0.8621578099838969,0.9288244766505636,0.8954911433172302
HEY1,HEY1,118,0.8367508,0.272391676902771,0.8959742351046699,0.8917874396135266,0.8938808373590983
TMEM41A,TMEM41A,93,0.84647524,0.2859261631965637,0.9207729468599034,0.8660225442834139,0.8933977455716586
CRCT1,CRCT1,89,0.8387237,0.2760387063026428,0.9027375201288245,0.8837359098228663,0.8932367149758453
TMEM79,TMEM79,100,0.860087,0.3020024001598358,0.9510466988727858,0.8347826086956521,0.892914653784219
POGK,POGK,93,0.8291676,0.26332035660743713,0.8747181964573268,0.9088566827697262,0.8917874396135266
CNTN2,CNTN2,107,0.8309367,0.2683716416358948,0.8818035426731079,0.8995169082125604,0.8906602254428342
LINC00970,LINC00970,111,0.82011616,0.24439354240894318,0.835426731078905,0.9455716586151369,0.8904991948470209
CA3,CA3,109,0.85303736,0.29812970757484436,0.9381642512077295,0.842512077294686,0.8903381642512078
ZFHX4,ZFHX4,99,0.8629114,0.30890125036239624,0.9555555555555556,0.8225442834138487,0.8890499194847021
KCNJ8,KCNJ8,97,0.8744384,0.31616711616516113,0.9735909822866344,0.8045088566827697,0.8890499194847021
ATAD2,ATAD2,120,0.8763799,0.3180887997150421,0.975523349436393,0.8016103059581321,0.8885668276972625
IGF2BP2,IGF2BP2,107,0.85310286,0.3002384305000305,0.9384863123993559,0.8386473429951691,0.8885668276972625
KLRK1,KLRK1,127,0.83841634,0.28077763319015503,0.9014492753623189,0.8750402576489533,0.8882447665056361
EHHADH,EHHADH,99,0.8597575,0.30744799971580505,0.9507246376811594,0.8254428341384863,0.8880837359098228
RN7SL243P,RN7SL243P,110,0.83655816,0.27747008204460144,0.8946859903381642,0.881159420289855,0.8879227053140096
RFC4,RFC4,95,0.84239244,0.287872314453125,0.9127214170692431,0.8624798711755234,0.8876006441223833
RNF114,RNF114,86,0.85170454,0.2995258569717407,0.9339774557165862,0.8392914653784219,0.886634460547504
PTK6,PTK6,95,0.8264046,0.2640410363674164,0.8650563607085346,0.907890499194847,0.8864734299516908
SCARNA7,SCARNA7,105,0.82484823,0.2591590881347656,0.8573268921095009,0.9152979066022544,0.8863123993558777
PPFIBP1,PPFIBP1,100,0.8940051,0.32795193791389465,0.991304347826087,0.7809983896940419,0.8861513687600644
OTUD6B,OTUD6B,98,0.8631996,0.3108457326889038,0.9565217391304348,0.8154589371980676,0.8859903381642512
OTOL1,OTOL1,122,0.82254237,0.25546419620513916,0.8463768115942029,0.9246376811594202,0.8855072463768116
SMCP,SMCP,89,0.8438163,0.2910623848438263,0.9143317230273752,0.8553945249597423,0.8848631239935587
RTP1,RTP1,101,0.81933475,0.25027379393577576,0.8338164251207729,0.9352657004830918,0.8845410628019323
TGM2,TGM2,88,0.83562106,0.27999165654182434,0.8927536231884058,0.8760064412238325,0.8843800322061192
OR10J5,OR10J5,94,0.82089585,0.25366857647895813,0.8399355877616748,0.9281803542673108,0.8840579710144928
MIR3617,MIR3617,113,0.87452704,0.32198366522789,0.9742351046698873,0.792914653784219,0.8835748792270531
ATP13A5,ATP13A5,106,0.80666965,0.2136315256357193,0.7861513687600644,0.980354267310789,0.8832528180354267
EMC2,EMC2,89,0.8191948,0.25068899989128113,0.8325281803542673,0.9336553945249597,0.8830917874396136
NDUFS2,NDUFS2,115,0.82863724,0.2715202271938324,0.8721417069243156,0.893719806763285,0.8829307568438003
EIF4A2,EIF4A2,97,0.84389967,0.29459741711616516,0.914975845410628,0.8486312399355878,0.8818035426731079
TBL1XR1,TBL1XR1,102,0.8216736,0.2573506236076355,0.8438003220611916,0.9194847020933977,0.8816425120772946
C20orf85,C20orf85,94,0.8661982,0.31798842549324036,0.9607085346215781,0.8019323671497585,0.8813204508856682
IQCG,IQCG,102,0.8088928,0.22789835929870605,0.7954911433172303,0.9668276972624799,0.881159420289855
TMEM71,TMEM71,103,0.86619604,0.3182595372200012,0.9603864734299516,0.8009661835748793,0.8806763285024155
RN7SL69P,RN7SL69P,96,0.8826675,0.3292073607444763,0.9822866344605475,0.7777777777777778,0.8800322061191627
DGKG,DGKG,102,0.8485518,0.30400705337524414,0.927536231884058,0.8305958132045088,0.8790660225442835
TRA2B,TRA2B,103,0.8385996,0.29239875078201294,0.9020933977455716,0.8537842190016103,0.877938808373591
MIR548AQ,MIR548AQ,93,0.82014304,0.25740504264831543,0.8357487922705314,0.9191626409017714,0.8774557165861514
SYS1,SYS1,108,0.8551614,0.3127351403236389,0.9429951690821256,0.8119162640901771,0.8774557165861514
AHCY,AHCY,104,0.87390226,0.3275943994522095,0.9726247987117552,0.7822866344605475,0.8774557165861514
FAM43A,FAM43A,111,0.8236947,0.26833081245422363,0.851207729468599,0.8998389694041868,0.875523349436393
H2AFJ,H2AFJ,94,0.91401833,0.3426980674266815,0.9990338164251208,0.750402576489533,0.874718196457327
POLR2K,POLR2K,110,0.805888,0.22933945059776306,0.7829307568438003,0.9652173913043478,0.874074074074074
MFN1,MFN1,122,0.8635731,0.32371586561203003,0.957487922705314,0.7903381642512077,0.8739130434782609
ABRA,ABRA,101,0.84806603,0.3091738224029541,0.9256038647342996,0.8215780998389695,0.8735909822866346
CLCN2,CLCN2,107,0.8003623,0.20393460988998413,0.7619967793880837,0.9851851851851852,0.8735909822866345
RN7SKP265,RN7SKP265,119,0.8767296,0.33131569623947144,0.9761674718196457,0.7706924315619967,0.8734299516908213
PSMA7,PSMA7,120,0.82331765,0.2705440819263458,0.8499194847020934,0.8956521739130435,0.8727858293075685
FZD6,FZD6,109,0.8138155,0.2515977621078491,0.8128824476650564,0.9320450885668277,0.872463768115942
TAS2R31,TAS2R31,101,0.8692431,0.3283828794956207,0.964573268921095,0.7800322061191627,0.8723027375201289
RN7SKP173,RN7SKP173,122,0.82033414,0.2644447684288025,0.8373590982286635,0.9072463768115943,0.8723027375201289
TP53INP1,TP53INP1,83,0.8337847,0.2930171489715576,0.8888888888888888,0.8531400966183574,0.8710144927536232
SENP2,SENP2,93,0.81191814,0.25066351890563965,0.8077294685990338,0.9339774557165862,0.87085346215781
FAM157A,FAM157A,101,0.8393176,0.30119144916534424,0.9056360708534622,0.8360708534621578,0.87085346215781
S100A3,S100A3,98,0.8192154,0.2643333077430725,0.8334943639291466,0.9075684380032206,0.8705314009661835
JTB,JTB,107,0.79898596,0.2033405900001526,0.7545893719806763,0.985829307568438,0.8702093397745572
RP1,RP1,92,0.8458385,0.3100299537181854,0.9194847020933977,0.8196457326892109,0.8695652173913043
LINC00624,LINC00624,102,0.8242012,0.27508193254470825,0.8537842190016103,0.8853462157809984,0.8695652173913043
DDX27,DDX27,101,0.8881109,0.34247028827667236,0.9874396135265701,0.7513687600644122,0.8694041867954911
HNF4G,HNF4G,94,0.86430687,0.3285938501358032,0.9590982286634461,0.7793880837359098,0.869243156199678
SNORA7,SNORA7|ENSG00000201316.1,89,0.8030188,0.2274758666753769,0.7713365539452496,0.9671497584541063,0.869243156199678
RNY4P16,RNY4P16,102,0.8585525,0.32485273480415344,0.9487922705314009,0.7884057971014493,0.8685990338164251
BAALC,BAALC,106,0.8416214,0.3077811896800995,0.9114331723027376,0.8251207729468599,0.8682769726247987
NELFCD,NELFCD,99,0.8261675,0.28286677598953247,0.8640901771336554,0.8702093397745572,0.8671497584541064
ATP13A4,ATP13A4,103,0.83160067,0.2945936918258667,0.8830917874396135,0.8489533011272141,0.8660225442834137
CHIT1,CHIT1,89,0.86268073,0.3297436237335205,0.9545893719806763,0.7755233494363929,0.8650563607085346
SNORA20,SNORA20|ENSG00000206649.1,104,0.7988935,0.21714924275875092,0.75426731078905,0.9758454106280193,0.8650563607085346
LSG1,LSG1,107,0.8028983,0.23411670327186584,0.7710144927536232,0.9584541062801932,0.8647342995169083
MIR922,MIR922,109,0.8048799,0.24249233305454254,0.7784219001610306,0.9494363929146538,0.8639291465378423
MRPL13,MRPL13,91,0.8861106,0.3461068868637085,0.985829307568438,0.74170692431562,0.863768115942029
LINC00489,LINC00489,106,0.81383044,0.260129451751709,0.8132045088566827,0.9140096618357488,0.8636070853462158
CA1,CA1,94,0.79735273,0.2142300307750702,0.7484702093397746,0.978743961352657,0.8636070853462158
C1orf68,C1orf68,104,0.81552374,0.26541611552238464,0.8196457326892109,0.9053140096618357,0.8624798711755233
LOR,LOR,102,0.8109844,0.25649842619895935,0.8025764895330113,0.9217391304347826,0.8621578099838969
POFUT1,POFUT1,98,0.852998,0.32568782567977905,0.9375201288244767,0.7861513687600644,0.8618357487922705
FETUB,FETUB,88,0.86360687,0.33371567726135254,0.9578099838969404,0.7658615136876007,0.8618357487922705
GBAP1,GBAP1,100,0.8130088,0.2615486979484558,0.8109500805152979,0.9123993558776168,0.8616747181964574
GID8,GID8,94,0.8209787,0.27738142013549805,0.840901771336554,0.8818035426731079,0.8613526570048309
R3HDML,R3HDML,105,0.8876522,0.350067138671875,0.9867954911433172,0.7330112721417069,0.8599033816425121
RPL39L,RPL39L,103,0.85777235,0.33036285638809204,0.9465378421900161,0.7729468599033816,0.8597423510466988
GUCY2C,GUCY2C,104,0.8630993,0.335704505443573,0.9561996779388083,0.7623188405797101,0.8592592592592592
LINC00578,LINC00578,97,0.92322755,0.35517627000808716,0.9993558776167472,0.7188405797101449,0.8590982286634461
RN7SL116P,RN7SL116P,101,0.8185005,0.2730298340320587,0.8289855072463768,0.8888888888888888,0.8589371980676328
RN7SL46P,RN7SL46P,112,0.8432907,0.31671062111854553,0.9136876006441224,0.803220611916264,0.8584541062801931
ERP27,ERP27,95,0.8736435,0.34475764632225037,0.971658615136876,0.744927536231884,0.8582930756843801
C1orf85,C1orf85,93,0.79596806,0.22115002572536469,0.7429951690821256,0.9726247987117552,0.8578099838969404
CLK2,CLK2,119,0.82581127,0.29357969760894775,0.8628019323671497,0.8515297906602255,0.8571658615136877
SARS2,SARS2,107,0.7874559,0.1459600031375885,0.7123993558776167,0.9993558776167472,0.855877616747182
ARC,ARC,108,0.85201573,0.3298191726207733,0.9352657004830918,0.77487922705314,0.855072463768116
WWP1,WWP1,115,0.8205413,0.28192761540412903,0.8380032206119162,0.8721417069243156,0.855072463768116
SDC2,SDC2,114,0.8116779,0.26678216457366943,0.8061191626409018,0.9037037037037037,0.8549114331723027
LY6D,LY6D,112,0.8376537,0.31302788853645325,0.8982286634460548,0.8109500805152979,0.8545893719806763
ATP1A4,ATP1A4,111,0.8003637,0.2448348104953766,0.7623188405797101,0.9449275362318841,0.8536231884057971
MB21D2,MB21D2,100,0.81915915,0.2819243371486664,0.8322061191626409,0.8724637681159421,0.8523349436392915
RNA5SP270,RNA5SP270,107,0.81721616,0.2793009877204895,0.8254428341384863,0.8789049919484702,0.8521739130434782
SLC33A1,SLC33A1,89,0.8346146,0.3115982413291931,0.8904991948470209,0.8135265700483092,0.852012882447665
TSNARE1,TSNARE1,112,0.8743554,0.35106179118156433,0.9729468599033816,0.7301127214170693,0.8515297906602255
SNORA3,SNORA3|ENSG00000221093.1,108,0.8826131,0.35501745343208313,0.9819645732689211,0.7191626409017713,0.8505636070853462
BHLHE41,BHLHE41,107,0.8217957,0.29031214118003845,0.8441223832528181,0.856682769726248,0.8504025764895331
GAPDH,GAPDH,93,0.8843416,0.3580096364021301,0.9848631239935588,0.7152979066022545,0.8500805152979066
WFDC3,WFDC3,106,0.80667204,0.2613276243209839,0.7864734299516908,0.9127214170692431,0.849597423510467
ALDH9A1,ALDH9A1,114,0.8288811,0.3083338141441345,0.8727858293075684,0.8238325281803542,0.8483091787439614
RNA5SP272,RNA5SP272,83,0.7968874,0.243463933467865,0.7458937198067633,0.9478260869565217,0.8468599033816425
MUC4,MUC4,113,0.7993245,0.24970659613609314,0.7574879227053141,0.936231884057971,0.8468599033816425
ARL14,ARL14,102,0.82629067,0.30520954728126526,0.8644122383252818,0.8289855072463768,0.8466988727858293
PRR9,PRR9,89,0.84137076,0.3273758292198181,0.9104669887278583,0.782608695652174,0.846537842190016
GPR19,GPR19,111,0.8378713,0.3227228820323944,0.8995169082125604,0.7913043478260869,0.8454106280193237
RN7SL590P,RN7SL590P,103,0.7994648,0.2510946989059448,0.7581320450885668,0.9326892109500805,0.8454106280193237
SULF2,SULF2,98,0.81541485,0.2827598452568054,0.8186795491143317,0.8705314009661835,0.8446054750402576
KLRF2,KLRF2,103,0.87045836,0.35385945439338684,0.9671497584541063,0.722061191626409,0.8446054750402576
C8orf37,C8orf37,88,0.87389547,0.3576323390007019,0.9723027375201289,0.7159420289855073,0.8441223832528181
GDF6,GDF6,111,0.84588826,0.3327210247516632,0.9198067632850242,0.7681159420289855,0.8439613526570049
RN7SKP222,RN7SKP222,104,0.7964807,0.24595171213150024,0.744927536231884,0.9426731078904992,0.8438003220611916
RN7SL308P,RN7SL308P,80,0.83097905,0.31601300835609436,0.8821256038647343,0.8051529790660226,0.8436392914653784
TM9SF4,TM9SF4,103,0.7858255,0.21404583752155304,0.7075684380032206,0.9793880837359098,0.8434782608695652
YWHAZ,YWHAZ,126,0.8221078,0.2983473539352417,0.8450885668276973,0.8415458937198068,0.843317230273752
RN7SL425P,RN7SL425P,111,0.8043304,0.26248082518577576,0.7761674718196457,0.9104669887278583,0.8433172302737519
HSPA6,HSPA6,120,0.81342393,0.28173828125,0.8119162640901771,0.8737520128824476,0.8428341384863124
TAS2R42,TAS2R42,99,0.7833145,0.20156091451644897,0.6982286634460547,0.9871175523349437,0.8426731078904992
SRSF6,SRSF6,111,0.8003671,0.25646719336509705,0.7626409017713366,0.9227053140096618,0.8426731078904992
RN7SL666P,RN7SL666P,103,0.83526415,0.32368144392967224,0.8917874396135266,0.7906602254428341,0.8412238325281803
ZNF570,ZNF570,101,0.7848127,0.21436883509159088,0.7037037037037037,0.9780998389694042,0.840901771336554
CADM3,CADM3,110,0.7980432,0.2520539164543152,0.7513687600644122,0.9304347826086956,0.8409017713365539
MIR875,MIR875,117,0.8385658,0.3284625709056854,0.9017713365539453,0.7797101449275362,0.8407407407407408
RN7SKP298,RN7SKP298,105,0.85238796,0.34502705931663513,0.936231884057971,0.7439613526570048,0.8400966183574878
WFDC6,WFDC6,98,0.8202957,0.2979716956615448,0.8367149758454107,0.8428341384863124,0.8397745571658615
BCL6,BCL6,113,0.78688574,0.22651219367980957,0.7111111111111111,0.9681159420289855,0.8396135265700484
CT64,CT64,104,0.8022359,0.2623206675052643,0.7681159420289855,0.9107890499194847,0.8394524959742351
MIR190B,MIR190B,96,0.8551531,0.3481431007385254,0.9426731078904992,0.7359098228663447,0.8392914653784219
EIF3E,EIF3E,114,0.8753362,0.36178258061408997,0.9745571658615136,0.7027375201288245,0.8386473429951691
RN7SL798P,RN7SL798P,118,0.80676645,0.2727515995502472,0.7867954911433173,0.8895330112721417,0.8381642512077294
NUP210L,NUP210L,126,0.8086359,0.2766174376010895,0.7935587761674718,0.8827697262479871,0.8381642512077294
TRPS1,TRPS1,98,0.8026095,0.26492220163345337,0.770048309178744,0.9059581320450886,0.8380032206119163
ADIPOQ,ADIPOQ,116,0.8078951,0.2758721709251404,0.7913043478260869,0.8840579710144928,0.8376811594202899
DNTTIP1,DNTTIP1,91,0.8203052,0.3006923496723175,0.837037037037037,0.8373590982286635,0.8371980676328503
SNORA40,SNORA40|ENSG00000212134.1,122,0.80244726,0.26651453971862793,0.7690821256038647,0.9043478260869565,0.8367149758454107
NRROS,NRROS,96,0.79347867,0.24562592804431915,0.7297906602254428,0.9429951690821256,0.8363929146537842
PEX19,PEX19,118,0.8213009,0.30440792441368103,0.8421900161030595,0.8302737520128824,0.836231884057971
FSBP,FSBP,108,0.81320655,0.28828155994415283,0.8112721417069243,0.8608695652173913,0.8360708534621578
RN7SKP153,RN7SKP153,109,0.8170795,0.2951527237892151,0.8244766505636071,0.8473429951690822,0.8359098228663446
XKR4,XKR4,105,0.8301103,0.32239511609077454,0.8785829307568438,0.7922705314009661,0.835426731078905
MIR298,MIR298,91,0.84610826,0.34269803762435913,0.9201288244766506,0.7507246376811594,0.835426731078905
RN7SKP234,RN7SKP234,103,0.8158355,0.2944715619087219,0.8202898550724638,0.849597423510467,0.8349436392914653
C1orf111,C1orf111,101,0.79852915,0.25859951972961426,0.7529790660225443,0.9165861513687601,0.8347826086956522
FCRLA,FCRLA,107,0.8214818,0.3063053488731384,0.8431561996779388,0.8264090177133655,0.8347826086956521
RN7SL396P,RN7SL396P,110,0.8117681,0.28799742460250854,0.8067632850241546,0.8618357487922705,0.8342995169082126
SLC7A13,SLC7A13,113,0.8324417,0.3276878297328949,0.8859903381642512,0.7819645732689211,0.8339774557165862
RN7SKP134,RN7SKP134,100,0.7772685,0.20046566426753998,0.6782608695652174,0.9877616747181964,0.8330112721417069
LRRIQ4,LRRIQ4,93,0.8276922,0.32133349776268005,0.8698872785829308,0.7951690821256039,0.8325281803542673
WFDC5,WFDC5,126,0.8734177,0.365579754114151,0.9703703703703703,0.6933977455716586,0.8318840579710145
CLEC1A,CLEC1A,99,0.90555567,0.3775767982006073,0.9967793880837359,0.6647342995169082,0.8307568438003221
SPO11,SPO11,100,0.81495756,0.2971775531768799,0.8167471819645733,0.8444444444444444,0.8305958132045088
MTERFD1,MTERFD1,101,0.8266576,0.3219115138053894,0.8660225442834139,0.7942028985507247,0.8301127214170693
SPATA25,SPATA25,114,0.81216687,0.29349634051322937,0.8080515297906602,0.8518518518518519,0.8299516908212561
MIR1207,MIR1207,106,0.8251847,0.31879764795303345,0.8602254428341385,0.7996779388083736,0.8299516908212561
DENND3,DENND3,100,0.79445857,0.2554028630256653,0.734621578099839,0.9249597423510467,0.8297906602254428
LRRC23,LRRC23,111,0.83596784,0.3340327739715576,0.8933977455716586,0.7655394524959742,0.8294685990338164
FAM83A,FAM83A,100,0.81617504,0.30146604776382446,0.8219001610305958,0.8357487922705314,0.8288244766505637
RCSD1,RCSD1,88,0.8529785,0.35468360781669617,0.9371980676328503,0.720450885668277,0.8288244766505637
CTDSP2,CTDSP2,106,0.8205061,0.3099450170993805,0.8376811594202899,0.8199677938808374,0.8288244766505637
ANKRD18DP,ANKRD18DP,111,0.78478587,0.23844940960407257,0.7033816425120772,0.9542673107890499,0.8288244766505636
GPRC5D,GPRC5D,104,0.88219804,0.3739795386791229,0.9816425120772947,0.6756843800322061,0.8286634460547504
PIK3C2B,PIK3C2B,96,0.8073841,0.28415215015411377,0.789049919484702,0.8679549114331723,0.8285024154589371
LMNA,LMNA,96,0.88818526,0.3758290708065033,0.9877616747181964,0.6689210950080515,0.828341384863124
RN7SL603P,RN7SL603P,105,0.8140899,0.29822832345962524,0.8144927536231884,0.8418679549114332,0.8281803542673107
PKHD1L1,PKHD1L1,114,0.8661276,0.3649608790874481,0.9600644122383253,0.6956521739130435,0.8278582930756844
MIR3610,MIR3610,88,0.7847532,0.23929929733276367,0.7030595813204509,0.9523349436392915,0.8276972624798712
NDUFB5,NDUFB5,104,0.8444906,0.3473387360572815,0.9172302737520129,0.7378421900161031,0.827536231884058
OR10J3,OR10J3,87,0.8192029,0.3099403381347656,0.8328502415458937,0.8202898550724638,0.8265700483091787
GPAA1,GPAA1,91,0.8115642,0.2962700128555298,0.8057971014492754,0.8457326892109501,0.8257648953301128
LTBR,LTBR,91,0.85738283,0.3612135946750641,0.9462157809983897,0.7053140096618358,0.8257648953301127
LMX1A,LMX1A,108,0.81474876,0.3027074337005615,0.8164251207729468,0.8341384863123994,0.8252818035426731
MIR4325,MIR4325,109,0.83224565,0.3340403735637665,0.885024154589372,0.7652173913043478,0.8251207729468599
ASAP1,ASAP1,115,0.8616614,0.36511102318763733,0.9529790660225442,0.6953301127214171,0.8241545893719806
MYT1,MYT1,113,0.8241783,0.3217587172985077,0.8531400966183574,0.794524959742351,0.8238325281803542
ART4,ART4,101,0.8251125,0.325388640165329,0.8595813204508856,0.7874396135265701,0.8235104669887279
NANOGP1,NANOGP1,91,0.84558064,0.3521347939968109,0.9191626409017714,0.7265700483091787,0.822866344605475
RNU6ATAC8P,RNU6ATAC8P,106,0.84772265,0.35465481877326965,0.9249597423510467,0.7207729468599033,0.822866344605475
ABCF3,ABCF3,104,0.8522819,0.3595525324344635,0.9359098228663446,0.7095008051529791,0.8227053140096618
TMCO1,TMCO1,107,0.8162325,0.3088358938694,0.8222222222222222,0.822866344605475,0.8225442834138486
NFKBIB,NFKBIB,93,0.7884864,0.2522906959056854,0.714975845410628,0.9301127214170692,0.8225442834138486
NSMAF,NSMAF,90,0.8108311,0.29771509766578674,0.8009661835748793,0.8431561996779388,0.822061191626409
MIR4663,MIR4663,122,0.8277309,0.3301628828048706,0.8702093397745572,0.7735909822866345,0.8219001610305958
KLHL38,KLHL38,102,0.8100097,0.29699188470840454,0.7987117552334944,0.8447665056360708,0.8217391304347825
PAG1,PAG1,111,0.8286706,0.33211374282836914,0.8724637681159421,0.7694041867954912,0.8209339774557166
ZC3H11A,ZC3H11A,94,0.8008504,0.27958914637565613,0.7639291465378422,0.8776167471819646,0.8207729468599034
FAM210B,FAM210B,111,0.81865346,0.31301969289779663,0.8299516908212561,0.8112721417069243,0.8206119162640901
MAFB,MAFB,106,0.83268285,0.3402911424636841,0.8863123993558776,0.7545893719806763,0.820450885668277
ZNF669,ZNF669,114,0.8252727,0.32834625244140625,0.8605475040257649,0.780354267310789,0.820450885668277
DOK5,DOK5,97,0.7935082,0.26264774799346924,0.7301127214170693,0.9101449275362319,0.8201288244766506
RPRD1B,RPRD1B,95,0.7785323,0.2369258850812912,0.6827697262479872,0.9565217391304348,0.819645732689211
RN7SKP177,RN7SKP177,127,0.80365765,0.28670990467071533,0.773268921095008,0.8647342995169082,0.8190016103059581
FBXO17,FBXO17,95,0.7741876,0.22118082642555237,0.6657004830917874,0.9723027375201289,0.8190016103059581
LINC00937,LINC00937,94,0.8735402,0.37635859847068787,0.9710144927536232,0.6666666666666666,0.8188405797101449
FAM189B,FAM189B,106,0.8025762,0.28417420387268066,0.7697262479871175,0.8676328502415459,0.8186795491143317
PSCA,PSCA,108,0.7947495,0.26776328682899475,0.7359098228663447,0.9014492753623189,0.8186795491143317
DCAF4L2,DCAF4L2,105,0.8637012,0.3725125193595886,0.9581320450885669,0.6789049919484702,0.8185185185185185
CP,CP,113,0.81905794,0.3163665533065796,0.8318840579710145,0.8038647342995169,0.8178743961352657
TERF1,TERF1,82,0.9033437,0.3872264623641968,0.9958132045088567,0.6396135265700483,0.8177133655394525
CLSTN3,CLSTN3,120,0.82321835,0.32616132497787476,0.8489533011272141,0.7848631239935587,0.8169082125603864
GOLIM4,GOLIM4,107,0.8136653,0.30991604924201965,0.81256038647343,0.8206119162640901,0.81658615136876
RERGL,RERGL,94,0.82761556,0.33525657653808594,0.8695652173913043,0.762962962962963,0.8162640901771336
PTPRT,PTPRT,103,0.7766079,0.23609507083892822,0.6750402576489533,0.957487922705314,0.8162640901771336
SEMG2,SEMG2,96,0.8079416,0.2990264594554901,0.7916264090177134,0.840901771336554,0.8162640901771336
ETNK2,ETNK2,97,0.82319134,0.32731619477272034,0.8486312399355878,0.7832528180354267,0.8159420289855073
GRIN2B,GRIN2B,96,0.8589877,0.3709166944026947,0.9497584541062802,0.6821256038647343,0.8159420289855073
MIR3646,MIR3646,98,0.8081034,0.3003072440624237,0.7919484702093398,0.8383252818035427,0.8151368760064412
MIR200C,MIR200C,101,0.79749715,0.27841174602508545,0.7497584541062802,0.8801932367149758,0.814975845410628
C1orf105,C1orf105,87,0.80587214,0.29750970005989075,0.782608695652174,0.8438003220611916,0.8132045088566828
DSN1,DSN1,108,0.85086286,0.3654794991016388,0.9317230273752013,0.6940418679549114,0.8128824476650564
SGK2,SGK2,106,0.85498184,0.36994367837905884,0.9423510466988728,0.6834138486312399,0.8128824476650564
RNA5SP276,RNA5SP276,110,0.7931666,0.2704356610774994,0.7288244766505636,0.8962962962962963,0.8125603864734299
SERPINI1,SERPINI1,97,0.8843256,0.38697224855422974,0.9845410628019323,0.6399355877616747,0.8122383252818035
SNRPE,SNRPE,96,0.8154738,0.317355751991272,0.8190016103059581,0.8025764895330113,0.8107890499194848
FAM138D,FAM138D,130,0.8414271,0.35928621888160706,0.9111111111111111,0.7101449275362319,0.8106280193236715
SNORD5,SNORD5|ENSG00000238854.1,90,0.8152004,0.3170706331729889,0.8177133655394525,0.8028985507246377,0.8103059581320451
BPI,BPI,95,0.79805315,0.28550654649734497,0.7516908212560387,0.8666666666666667,0.8091787439613527
COPS5,COPS5,91,0.8113297,0.3116447329521179,0.8045088566827697,0.8132045088566827,0.8088566827697262
C5orf51,C5orf51,96,0.78925556,0.26827552914619446,0.71658615136876,0.9004830917874396,0.8085346215780997
C1RL,C1RL,108,0.8586369,0.376283198595047,0.9491143317230274,0.6669887278582931,0.8080515297906603
VPS72,VPS72,94,0.8113792,0.31304508447647095,0.8048309178743961,0.8106280193236715,0.8077294685990337
PIGX,PIGX,92,0.79579353,0.28187239170074463,0.7413848631239935,0.8731078904991948,0.8072463768115942
STMN3,STMN3,89,0.82939994,0.3472830057144165,0.8763285024154589,0.7381642512077294,0.8072463768115942
SPAG4,SPAG4,101,0.8489581,0.3694208860397339,0.9288244766505636,0.6853462157809984,0.807085346215781
ZBTB7B,ZBTB7B,105,0.7760118,0.24681369960308075,0.6721417069243156,0.9413848631239936,0.8067632850241546
PLCH1,PLCH1,102,0.8145336,0.32025423645973206,0.8161030595813205,0.7964573268921095,0.806280193236715
MCMDC2,MCMDC2,89,0.80866426,0.31018394231796265,0.7938808373590982,0.8183574879227054,0.8061191626409018
MIR1825,MIR1825,102,0.7693015,0.23185424506664276,0.6489533011272142,0.9619967793880837,0.8054750402576489
SNORD12C,SNORD12C,108,0.7997414,0.2937873303890228,0.7594202898550725,0.8508856682769727,0.8051529790660226
RN7SL685P,RN7SL685P,102,0.8381869,0.36013251543045044,0.900805152979066,0.707890499194847,0.8043478260869565
LY96,LY96,104,0.8809711,0.3915954828262329,0.9800322061191626,0.6286634460547504,0.8043478260869565
SALL4,SALL4,110,0.88178724,0.3925289809703827,0.9813204508856683,0.6270531400966184,0.8041867954911434
PEX5,PEX5,106,0.78535,0.2682986259460449,0.706280193236715,0.9001610305958132,0.8032206119162641
MIR378D2,MIR378D2,91,0.8679208,0.3860848844051361,0.9629629629629629,0.642512077294686,0.8027375201288245
WFDC9,WFDC9,89,0.78034204,0.2581614851951599,0.688244766505636,0.9169082125603865,0.8025764895330112
ZHX2,ZHX2,107,0.7946974,0.2835254967212677,0.7352657004830918,0.8695652173913043,0.8024154589371981
KLRC2,KLRC2,99,0.8521191,0.3760140836238861,0.9355877616747182,0.6679549114331723,0.8017713365539453
KRT8P12,KRT8P12,92,0.8014224,0.30105850100517273,0.7665056360708534,0.8367149758454107,0.8016103059581321
SPRR1A,SPRR1A,114,0.8296018,0.35233253240585327,0.8769726247987117,0.725925925925926,0.8014492753623188
RIMS2,RIMS2,114,0.8315871,0.3548707664012909,0.8827697262479871,0.7198067632850241,0.8012882447665056
TSPY26P,TSPY26P,105,0.7665273,0.2327783703804016,0.6402576489533012,0.9610305958132045,0.8006441223832528
AURKA,AURKA,98,0.8236501,0.34270137548446655,0.8508856682769727,0.7500805152979066,0.8004830917874397
MIR3919,MIR3919,82,0.8903397,0.3994261920452118,0.9890499194847021,0.6119162640901772,0.8004830917874397
LCE3C,LCE3C,109,0.7955577,0.28809183835983276,0.7394524959742351,0.8615136876006442,0.8004830917874397
C20orf62,C20orf62,106,0.8085489,0.31508737802505493,0.7932367149758454,0.8074074074074075,0.8003220611916264
MPZL1,MPZL1,93,0.79885507,0.2959423363208771,0.7536231884057971,0.8466988727858293,0.8001610305958132
GPR20,GPR20,102,0.84536105,0.3710649609565735,0.9185185185185185,0.6818035426731079,0.8001610305958132
SNX27,SNX27,102,0.84717214,0.37368273735046387,0.9233494363929147,0.6766505636070853,0.8
VPS8,VPS8,96,0.810513,0.31905052065849304,0.8003220611916264,0.7993558776167472,0.7998389694041868
PIGC,PIGC,113,0.7767813,0.2560132145881653,0.6756843800322061,0.9239935587761675,0.7998389694041868
SNHG6,SNHG6,98,0.8841994,0.3978385031223297,0.984219001610306,0.614170692431562,0.799194847020934
CDH22,CDH22,107,0.86767584,0.38855618238449097,0.9623188405797102,0.6360708534621579,0.799194847020934
KNG1,KNG1,109,0.8201533,0.33605095744132996,0.8360708534621578,0.7616747181964574,0.7988727858293077
TNFRSF11B,TNFRSF11B,108,0.8463102,0.3738366961479187,0.9204508856682769,0.6763285024154589,0.798389694041868
EID2B,EID2B,106,0.75946534,0.21392548084259033,0.6164251207729469,0.9797101449275363,0.7980676328502416
CLEC4C,CLEC4C,117,0.8390004,0.36709532141685486,0.9040257648953302,0.6911433172302738,0.797584541062802
RN7SL703P,RN7SL703P,124,0.87139815,0.3927290439605713,0.9681159420289855,0.6264090177133655,0.7972624798711756
MAP3K13,MAP3K13,87,0.83014095,0.3581082820892334,0.8792270531400966,0.714975845410628,0.7971014492753623
DAP3,DAP3,100,0.8279246,0.35379886627197266,0.8705314009661835,0.7227053140096619,0.7966183574879226
RNA5SP82,RNA5SP82,106,0.83270794,0.3611309826374054,0.886634460547504,0.7059581320450886,0.7962962962962963
PTDSS1,PTDSS1,105,0.87441325,0.3957637846469879,0.9732689210950081,0.6190016103059581,0.7961352657004831
RBM12B,RBM12B,86,0.8150425,0.3300415575504303,0.8173913043478261,0.7742351046698873,0.7958132045088567
THEM4,THEM4,106,0.7864992,0.277384877204895,0.7091787439613526,0.8814814814814815,0.7953301127214171
BPIFA2,BPIFA2,99,0.8175022,0.3350316882133484,0.8260869565217391,0.7632850241545893,0.7946859903381642
ZIC4,ZIC4,100,0.8060515,0.31655076146125793,0.7835748792270532,0.8035426731078905,0.7935587761674718
RN7SKP40,RN7SKP40,119,0.83807623,0.36925625801086426,0.9004830917874396,0.6859903381642513,0.7932367149758455
ADCY10,ADCY10,99,0.75390536,0.19579902291297913,0.5967793880837359,0.9890499194847021,0.792914653784219
PTPRO,PTPRO,94,0.7851838,0.27886730432510376,0.7053140096618358,0.879549114331723,0.7924315619967794
BAI1,BAI1,92,0.7819551,0.2727411985397339,0.6946859903381642,0.8898550724637682,0.7922705314009661
TPRG1,TPRG1,113,0.7752285,0.2593498229980469,0.6692431561996779,0.914975845410628,0.792109500805153
KLRD1,KLRD1,98,0.8165757,0.3366917669773102,0.8231884057971014,0.7607085346215781,0.7919484702093398
SHC1,SHC1,125,0.81428105,0.3327194154262543,0.8151368760064412,0.768438003220612,0.7917874396135266
ZNF384,ZNF384,110,0.8336702,0.3651355803012848,0.8885668276972625,0.6950080515297906,0.7917874396135265
GHSR,GHSR,106,0.8182604,0.34010130167007446,0.8280193236714976,0.7555555555555555,0.7917874396135265
FABP9,FABP9,104,0.82917905,0.36007773876190186,0.8750402576489533,0.7082125603864734,0.7916264090177134
YEATS4,YEATS4,107,0.7758409,0.26230910420417786,0.6708534621578099,0.9111111111111111,0.7909822866344605
SLC51A,SLC51A,112,0.7747224,0.25964784622192383,0.6666666666666666,0.9146537842190016,0.7906602254428341
LEKR1,LEKR1,114,0.8504428,0.3830474019050598,0.9307568438003221,0.6502415458937199,0.790499194847021
GNB3,GNB3,98,0.7783992,0.2694447338581085,0.6824476650563607,0.8982286634460548,0.7903381642512077
SDHAP1,SDHAP1,104,0.81094784,0.32901471853256226,0.8022544283413848,0.7784219001610306,0.7903381642512077
LINC00051,LINC00051,113,0.8342085,0.36784201860427856,0.8898550724637682,0.6898550724637681,0.7898550724637681
IFT52,IFT52,118,0.8256287,0.3559722900390625,0.8615136876006442,0.7178743961352657,0.789694041867955
DEFB121,DEFB121,114,0.79040104,0.29009950160980225,0.7210950080515298,0.8576489533011272,0.7893719806763285
HIST4H4,HIST4H4,111,0.80302674,0.31551095843315125,0.7716586151368761,0.8061191626409018,0.788888888888889
PHF20L1,PHF20L1,111,0.8370055,0.3716960549354553,0.8962962962962963,0.6814814814814815,0.7888888888888889
MROH9,MROH9,117,0.795144,0.2995174527168274,0.7371980676328502,0.8396135265700483,0.7884057971014493
CEP170,CEP170,99,0.7904765,0.29163068532943726,0.7214170692431562,0.855072463768116,0.788244766505636
SCARNA20,SCARNA20|ENSG00000253060.1,104,0.7896193,0.28989705443382263,0.7181964573268921,0.8582930756843801,0.788244766505636
MIR646,MIR646,98,0.7521506,0.2068074494600296,0.5909822866344605,0.9845410628019323,0.7877616747181964
METTL13,METTL13,93,0.75757843,0.23090896010398865,0.6103059581320451,0.9639291465378422,0.7871175523349436
RN7SL773P,RN7SL773P,115,0.8697541,0.40184250473976135,0.9658615136876006,0.6064412238325282,0.7861513687600644
OLFML2B,OLFML2B,92,0.76569307,0.2508402168750763,0.6380032206119163,0.9333333333333333,0.7856682769726249
ATP2B4,ATP2B4,124,0.80971783,0.33067432045936584,0.7980676328502415,0.7723027375201288,0.7851851851851852
SNORA25,SNORA25|ENSG00000251744.1,107,0.81363034,0.33948540687561035,0.8122383252818035,0.7571658615136876,0.7847020933977455
LINC00293,LINC00293,95,0.77593344,0.26984095573425293,0.6714975845410628,0.8972624798711756,0.7843800322061192
CASC9,CASC9,93,0.80568784,0.3254273235797882,0.7816425120772947,0.7867954911433173,0.784219001610306
PSMB4,PSMB4,102,0.7819549,0.28119373321533203,0.6943639291465379,0.8740740740740741,0.784219001610306
OR2G3,OR2G3,120,0.7848774,0.28760668635368347,0.7040257648953301,0.8631239935587761,0.7835748792270532
MIR4756,MIR4756,120,0.8196009,0.3506634831428528,0.8344605475040258,0.7320450885668277,0.7832528180354268
RXFP4,RXFP4,112,0.8246844,0.35948655009269714,0.8563607085346215,0.7098228663446055,0.7830917874396135
TNFSF10,TNFSF10,100,0.7683302,0.25697433948516846,0.6450885668276972,0.9201288244766506,0.7826086956521738
TMEM55A,TMEM55A,96,0.8828604,0.41529133915901184,0.9829307568438003,0.5819645732689211,0.7824476650563608
MRPL9,MRPL9,105,0.78430265,0.2875079810619354,0.7011272141706925,0.8634460547504026,0.7822866344605475
GCNT7,GCNT7,116,0.83893275,0.37912246584892273,0.9037037037037037,0.6605475040257649,0.7821256038647343
LINC00881,LINC00881,112,0.8013594,0.3198474049568176,0.7661835748792271,0.7971014492753623,0.7816425120772947
SLC32A1,SLC32A1,103,0.7992276,0.3153752386569977,0.7565217391304347,0.8067632850241546,0.7816425120772947
DECR1,DECR1,98,0.82824534,0.3670940697193146,0.8714975845410629,0.6914653784219001,0.7814814814814814
RAD51AP1,RAD51AP1,96,0.8291569,0.36843886971473694,0.8743961352657005,0.6879227053140097,0.7811594202898551
STK3,STK3,100,0.82701135,0.36545926332473755,0.8676328502415459,0.6943639291465379,0.7809983896940419
IGSF10,IGSF10,95,0.7883263,0.295519083738327,0.7140096618357488,0.8470209339774557,0.7805152979066022
ZNF569,ZNF569,94,0.81084865,0.33772414922714233,0.8016103059581321,0.759098228663446,0.780354267310789
PI4KB,PI4KB,103,0.7487256,0.21298418939113617,0.5793880837359098,0.9809983896940419,0.7801932367149758
EDARADD,EDARADD,92,0.77247715,0.26822423934936523,0.6589371980676328,0.9011272141706924,0.7800322061191627
LINC00536,LINC00536,103,0.79694605,0.31185564398765564,0.7468599033816425,0.81256038647343,0.7797101449275363
RAB22A,RAB22A,119,0.7899948,0.29912394285202026,0.7191626409017713,0.8402576489533011,0.7797101449275362
EFCAB2,EFCAB2,93,0.7921148,0.3034393787384033,0.7262479871175523,0.8325281803542673,0.7793880837359098
S100A6,S100A6,102,0.781469,0.28630906343460083,0.6924315619967794,0.865378421900161,0.7789049919484702
C20orf201,C20orf201,99,0.79468274,0.30890315771102905,0.7349436392914653,0.8222222222222222,0.7785829307568437
RTP4,RTP4,99,0.81239486,0.34364816546440125,0.8090177133655394,0.7471819645732689,0.7780998389694042
TAS2R43,TAS2R43,111,0.8330982,0.3762665390968323,0.8876006441223833,0.6673107890499195,0.7774557165861513
ARHGAP40,ARHGAP40,110,0.804722,0.3294435739517212,0.7774557165861514,0.7768115942028986,0.777133655394525
PTHLH,PTHLH,113,0.82328343,0.36141732335090637,0.849597423510467,0.7043478260869566,0.7769726247987118
RNA5SP150,RNA5SP150,99,0.80538636,0.3303050696849823,0.7806763285024154,0.773268921095008,0.7769726247987117
GPT,GPT,99,0.77496463,0.27579331398010254,0.6689210950080515,0.8843800322061192,0.7766505636070853
GDAP1L1,GDAP1L1,87,0.82433337,0.3634002208709717,0.8544283413848631,0.6988727858293076,0.7766505636070853
RN7SL672P,RN7SL672P,97,0.75940734,0.24918721616268158,0.6154589371980677,0.9371980676328503,0.7763285024154589
DCSTAMP,DCSTAMP,113,0.82297665,0.36162009835243225,0.8483091787439614,0.7033816425120772,0.7758454106280193
LOH12CR2,LOH12CR2,89,0.8210285,0.35919204354286194,0.8412238325281803,0.7104669887278583,0.7758454106280193
JPH1,JPH1,102,0.75838786,0.2485952228307724,0.6128824476650564,0.9384863123993559,0.7756843800322062
OSER1,OSER1,119,0.8417549,0.38773462176322937,0.9120772946859903,0.6389694041867955,0.7755233494363929
RN7SKP88,RN7SKP88,133,0.7709879,0.2701161503791809,0.6537842190016103,0.8966183574879227,0.7752012882447665
B3GNT5,B3GNT5,94,0.8803192,0.4199061691761017,0.9790660225442834,0.5710144927536231,0.7750402576489532
RPL31P11,RPL31P11,100,0.77810574,0.2851257026195526,0.6818035426731079,0.8669887278582931,0.7743961352657005
WFDC10B,WFDC10B,93,0.77860194,0.28694459795951843,0.6830917874396135,0.8640901771336554,0.7735909822866345
YTHDF3,YTHDF3,92,0.87660706,0.4201381206512451,0.9758454106280193,0.5703703703703704,0.7731078904991948
SNORA32,SNORA32|ENSG00000206776.1,106,0.8082313,0.341028094291687,0.7922705314009661,0.7536231884057971,0.7729468599033816
FGF12,FGF12,103,0.79506946,0.31435680389404297,0.7368760064412239,0.808695652173913,0.7727858293075685
RNA5SP486,RNA5SP486,96,0.7948541,0.3138425350189209,0.736231884057971,0.8090177133655394,0.7726247987117552
ERO1LB,ERO1LB,105,0.8123094,0.3480411469936371,0.808695652173913,0.736231884057971,0.7724637681159421
XKR9,XKR9,95,0.8000918,0.3269810080528259,0.7607085346215781,0.7838969404186795,0.7723027375201288
NDUFAF6,NDUFAF6,97,0.87072587,0.4177108705043793,0.9674718196457327,0.577133655394525,0.7723027375201288
POLR3C,POLR3C,89,0.8395774,0.3881042003631592,0.9072463768115943,0.6370370370370371,0.7721417069243157
RBM8A,RBM8A,77,0.77752036,0.2862643599510193,0.6785829307568438,0.8657004830917875,0.7721417069243157
RNA5SP148,RNA5SP148,80,0.8584995,0.4092838764190674,0.9484702093397746,0.5938808373590982,0.7711755233494364
LRP12,LRP12,111,0.7739518,0.2795507609844208,0.663768115942029,0.877938808373591,0.77085346215781
NCOA2,NCOA2,95,0.8694625,0.41881969571113586,0.9655394524959743,0.5748792270531401,0.7702093397745572
MATN4,MATN4,106,0.8032594,0.33322855830192566,0.7719806763285024,0.7668276972624799,0.7694041867954912
CYP11B2,CYP11B2,107,0.8110141,0.3487803339958191,0.803220611916264,0.7355877616747182,0.769404186795491
ABCC5,ABCC5,99,0.8858285,0.4283806383609772,0.9855072463768116,0.5529790660225443,0.769243156199678
LRTM2,LRTM2,109,0.8155449,0.3554126024246216,0.8199677938808374,0.7185185185185186,0.769243156199678
GMNC,GMNC,122,0.7973725,0.3242849111557007,0.748792270531401,0.789049919484702,0.7689210950080515
DERA,DERA,118,0.7852594,0.3037548363208771,0.7056360708534621,0.8315619967793881,0.7685990338164251
LINC00303,LINC00303,108,0.7807122,0.29489266872406006,0.6888888888888889,0.8476650563607085,0.7682769726247987
SBSPON,SBSPON,97,0.7678422,0.2720698416233063,0.6434782608695652,0.8924315619967794,0.7679549114331723
RNY5P3,RNY5P3,107,0.81397915,0.35447150468826294,0.814170692431562,0.7214170692431562,0.7677938808373591
RN7SKP85,RN7SKP85,107,0.8058031,0.34178343415260315,0.7822866344605475,0.7523349436392914,0.7673107890499195
GEM,GEM,90,0.8051887,0.3414290249347687,0.7800322061191627,0.7526570048309179,0.7663446054750402
RN7SKP97,RN7SKP97,103,0.81187284,0.35291746258735657,0.8074074074074075,0.7252818035426731,0.7663446054750402
NECAB1,NECAB1,107,0.79396003,0.31866589188575745,0.7320450885668277,0.8006441223832528,0.7663446054750402
XXYLT1,XXYLT1,101,0.88132834,0.42935416102409363,0.9806763285024155,0.5516908212560386,0.7661835748792271
CTNNBL1,CTNNBL1,113,0.79032135,0.3137863874435425,0.7207729468599033,0.8093397745571659,0.7650563607085346
C8orf59,C8orf59,89,0.85153216,0.4078746438026428,0.9330112721417069,0.5967793880837359,0.7648953301127214
NSMCE2,NSMCE2,91,0.7640644,0.2706880271434784,0.633816425120773,0.895330112721417,0.764573268921095
PLEC,PLEC,87,0.80559856,0.3438988924026489,0.7809983896940419,0.7468599033816425,0.7639291465378422
CBX3P4,CBX3P4,104,0.8144382,0.3591112494468689,0.8157809983896941,0.7111111111111111,0.7634460547504026
LINC00888,LINC00888,106,0.85312504,0.41296666860580444,0.9388083735909822,0.5877616747181964,0.7632850241545893
ANXA2R,ANXA2R,95,0.7574325,0.2586820423603058,0.6093397745571658,0.9162640901771336,0.7628019323671498
RN7SKP185,RN7SKP185,103,0.86072034,0.4194084405899048,0.952012882447665,0.573268921095008,0.7626409017713365
HPYR1,HPYR1,114,0.82928306,0.38320380449295044,0.8753623188405797,0.6492753623188405,0.7623188405797101
PEX5L,PEX5L,97,0.76298606,0.2714877724647522,0.6302737520128825,0.8940418679549115,0.762157809983897
MIR4671,MIR4671,108,0.7990151,0.33221709728240967,0.7552334943639292,0.7690821256038647,0.7621578099838969
DNAJC5B,DNAJC5B,102,0.8064221,0.347170352935791,0.7845410628019324,0.7391304347826086,0.7618357487922705
LRRN2,LRRN2,107,0.80406517,0.3434281647205353,0.7752012882447665,0.7481481481481481,0.7616747181964574
RN7SKP296,RN7SKP296,105,0.76057005,0.26827484369277954,0.6219001610305959,0.900805152979066,0.761352657004831
PRKCI,PRKCI,96,0.7365594,0.20997639000415802,0.5397745571658615,0.9829307568438003,0.7613526570048309
ZNF34,ZNF34,119,0.8386197,0.3953750431537628,0.9024154589371981,0.619645732689211,0.7610305958132045
RFX5,RFX5,116,0.7658455,0.2763613760471344,0.6386473429951691,0.8830917874396135,0.7608695652173914
ZNF572,ZNF572,116,0.74515057,0.23879945278167725,0.5684380032206119,0.9529790660225442,0.7607085346215781
CA2,CA2,116,0.8000017,0.3362339735031128,0.7597423510466988,0.7613526570048309,0.7605475040257649
FAM150A,FAM150A,109,0.8394752,0.39812976121902466,0.9069243156199678,0.6138486312399356,0.7603864734299517
ACTL6A,ACTL6A,112,0.7756997,0.2941412031650543,0.6705314009661836,0.8499194847020934,0.7602254428341385
KHDRBS3,KHDRBS3,85,0.81749725,0.36520686745643616,0.8257648953301128,0.6946859903381642,0.7602254428341385
LRRC6,LRRC6,103,0.8225915,0.37441888451576233,0.8470209339774557,0.6734299516908212,0.7602254428341384
C3orf70,C3orf70,107,0.7595893,0.2673088610172272,0.6180354267310789,0.9020933977455716,0.7600644122383253
CD27,CD27,96,0.8091732,0.3538114130496979,0.7967793880837359,0.7223832528180354,0.7595813204508857
WFDC2,WFDC2,93,0.8240132,0.37753430008888245,0.8524959742351047,0.6650563607085346,0.7587761674718196
RN7SL372P,RN7SL372P,112,0.7618035,0.27193644642829895,0.6244766505636071,0.8927536231884058,0.7586151368760065
RN7SL826P,RN7SL826P,111,0.8302016,0.3881986439228058,0.8801932367149758,0.6367149758454106,0.7584541062801933
KCNG1,KCNG1,91,0.7492862,0.24974089860916138,0.5809983896940418,0.9359098228663446,0.7584541062801933
ZNF251,ZNF251,103,0.81551534,0.36417555809020996,0.8193236714975846,0.6972624798711755,0.75829307568438
EYA2,EYA2,116,0.776969,0.30023184418678284,0.6772946859903382,0.8389694041867954,0.7581320450885668
TAS2R14,TAS2R14,105,0.7832783,0.3102211654186249,0.6979066022544284,0.8180354267310789,0.7579710144927536
MFSD3,MFSD3,103,0.82080954,0.3739776909351349,0.8396135265700483,0.6760064412238326,0.7578099838969404
PMVK,PMVK,96,0.7906208,0.3219262659549713,0.7217391304347827,0.7935587761674718,0.7576489533011272
MSC,MSC,94,0.84846777,0.4134944677352905,0.9272141706924316,0.5867954911433172,0.7570048309178744
MIR551B,MIR551B,106,0.7942629,0.32830899953842163,0.7333333333333333,0.7806763285024154,0.7570048309178743
GLI4,GLI4,95,0.8267806,0.38409751653671265,0.8669887278582931,0.6466988727858293,0.7568438003220612
HIST2H3C,HIST2H3C,101,0.75945306,0.2696884870529175,0.6161030595813205,0.8975845410628019,0.7568438003220612
SPRR4,SPRR4,115,0.8472792,0.4117164611816406,0.9239935587761675,0.5896940418679549,0.7568438003220612
ZSWIM3,ZSWIM3,98,0.7908447,0.3239361047744751,0.7230273752012882,0.7896940418679549,0.7563607085346216
ZFPM2,ZFPM2,112,0.7780575,0.30382850766181946,0.6811594202898551,0.8312399355877617,0.7561996779388084
MIR3616,MIR3616,102,0.77132267,0.29010865092277527,0.6544283413848632,0.8573268921095009,0.755877616747182
SNORD66,SNORD66|ENSG00000212158.1,114,0.8152542,0.3661942780017853,0.8180354267310789,0.6927536231884058,0.7553945249597424
LINC00604,LINC00604,105,0.763225,0.27924710512161255,0.6312399355877617,0.8792270531400966,0.7552334943639292
SENP5,SENP5,108,0.80659884,0.3531808853149414,0.785829307568438,0.7243156199677939,0.755072463768116
TSACC,TSACC,95,0.8373116,0.3994556665420532,0.8975845410628019,0.6115942028985507,0.7545893719806763
LCE3A,LCE3A,103,0.78674054,0.3190986216068268,0.7101449275362319,0.7990338164251207,0.7545893719806763
EFNA4,EFNA4,111,0.7490467,0.25381481647491455,0.5806763285024155,0.927536231884058,0.7541062801932368
SNHG11,SNHG11,112,0.8394459,0.40532106161117554,0.9066022544283414,0.6012882447665057,0.7539452495974235
BEST3,BEST3,109,0.77908295,0.30875131487846375,0.6843800322061192,0.8235104669887279,0.7539452495974235
BCL2L14,BCL2L14,94,0.82378846,0.3812558948993683,0.8518518518518519,0.6553945249597424,0.7536231884057971
RNA5SP57,RNA5SP57,121,0.765369,0.2837222218513489,0.6373590982286634,0.8685990338164251,0.7529790660225443
WISP2,WISP2,105,0.7348401,0.22184380888938904,0.5336553945249597,0.971658615136876,0.7526570048309178
ZNF217,ZNF217,107,0.81900215,0.37445297837257385,0.8315619967793881,0.6731078904991948,0.7523349436392914
RHBG,RHBG,109,0.7955966,0.33447301387786865,0.740096618357488,0.7642512077294686,0.7521739130434784
GDF3,GDF3,104,0.79412526,0.3309631049633026,0.7326892109500805,0.7716586151368761,0.7521739130434784
AHSG,AHSG,110,0.8002499,0.34550774097442627,0.7613526570048309,0.7423510466988728,0.7518518518518518
SST,SST,102,0.8352896,0.39946895837783813,0.8921095008051529,0.6112721417069243,0.7516908212560387
MIR1234,MIR1234,96,0.8365185,0.4007909297943115,0.8943639291465378,0.6086956521739131,0.7515297906602254
HES1,HES1,107,0.7976951,0.3423956632614136,0.750402576489533,0.7520128824476651,0.751207729468599
MAL2,MAL2,115,0.8292833,0.3926776349544525,0.8756843800322062,0.6267310789049919,0.751207729468599
RN7SL466P,RN7SL466P,97,0.78916454,0.32569557428359985,0.7162640901771337,0.785829307568438,0.7510466988727859
PDE6H,PDE6H,95,0.89921916,0.4517108201980591,0.9942028985507246,0.507890499194847,0.7510466988727857
SLC2A2,SLC2A2,108,0.8389073,0.40719661116600037,0.9033816425120773,0.5977455716586151,0.7505636070853462
S100A13,S100A13,121,0.8201568,0.37759026885032654,0.8363929146537842,0.6644122383252818,0.750402576489533
SNTB1,SNTB1,102,0.78199613,0.31583327054977417,0.6950080515297906,0.8054750402576489,0.7502415458937197
MIR555,MIR555,116,0.80109537,0.3491983115673065,0.7652173913043478,0.7349436392914653,0.7500805152979066
RNA5SP480,RNA5SP480,104,0.7780361,0.31014183163642883,0.6808373590982286,0.8190016103059581,0.7499194847020934
TSC22D2,TSC22D2,99,0.83912396,0.4093622863292694,0.9043478260869565,0.5935587761674718,0.7489533011272141
MED29,MED29,100,0.7250823,0.19359104335308075,0.5056360708534622,0.9893719806763285,0.7475040257648953
MIR28,MIR28,95,0.7801715,0.31539440155029297,0.6876006441223832,0.8064412238325281,0.7470209339774556
FBXO32,FBXO32,108,0.8164622,0.3751445710659027,0.8225442834138487,0.6705314009661836,0.7465378421900162
SCRIB,SCRIB,116,0.7255894,0.21126648783683777,0.5082125603864734,0.9826086956521739,0.7454106280193237
NBPF16,NBPF16,108,0.7512723,0.2673583924770355,0.5864734299516908,0.9017713365539453,0.7441223832528181
REXO1L11P,REXO1L11P,119,0.8113943,0.3707347810268402,0.8051529790660226,0.6824476650563607,0.7438003220611916
SCARNA10,SCARNA10,107,0.8329834,0.40542566776275635,0.8869565217391304,0.6006441223832528,0.7438003220611916
SLCO1B3,SLCO1B3,101,0.82574874,0.39393559098243713,0.8624798711755234,0.6238325281803543,0.7431561996779388
DPY19L4,DPY19L4,108,0.8484038,0.424725741147995,0.9265700483091788,0.5597423510466989,0.7431561996779388
TMEM74,TMEM74,106,0.83939505,0.4169430136680603,0.9062801932367149,0.5793880837359098,0.7428341384863124
PTX3,PTX3,95,0.81681406,0.3789491057395935,0.8238325281803542,0.6615136876006441,0.7426731078904991
IMPAD1,IMPAD1,83,0.8083163,0.36683839559555054,0.7925925925925926,0.6917874396135266,0.7421900161030597
TOP1MT,TOP1MT,110,0.8514238,0.42936772108078003,0.9326892109500805,0.5513687600644123,0.7420289855072464
IRF2BP2,IRF2BP2,94,0.78287417,0.3256276249885559,0.6969404186795491,0.7864734299516908,0.74170692431562
PTK2,PTK2,124,0.798858,0.3512638807296753,0.7539452495974235,0.72914653784219,0.7415458937198067
UHMK1,UHMK1,104,0.7396903,0.25132378935813904,0.5507246376811594,0.9323671497584541,0.7415458937198067
ARHGEF26,ARHGEF26,96,0.7621312,0.29002174735069275,0.6251207729468599,0.8579710144927536,0.7415458937198067
C1orf100,C1orf100,91,0.8226133,0.38860607147216797,0.8473429951690822,0.635426731078905,0.7413848631239937
NACAP1,NACAP1,101,0.8362561,0.41246163845062256,0.893719806763285,0.5884057971014492,0.7410628019323671
DUSP12,DUSP12,112,0.78283906,0.32581019401550293,0.6966183574879227,0.7855072463768116,0.7410628019323671
SNORA51,SNORA51|ENSG00000206853.1,94,0.7991958,0.35297688841819763,0.755877616747182,0.7249597423510467,0.7404186795491143
LEPREL1,LEPREL1,106,0.7902605,0.33766937255859375,0.720450885668277,0.7597423510466988,0.740096618357488
UBXN7,UBXN7,115,0.8874083,0.45700281858444214,0.9861513687600644,0.49404186795491145,0.740096618357488
PRKAA1,PRKAA1,101,0.72999096,0.2333013266324997,0.5201288244766505,0.9600644122383253,0.740096618357488
WISP1,WISP1,106,0.817182,0.3817827105522156,0.8251207729468599,0.6537842190016103,0.7394524959742351
SHOX2,SHOX2,123,0.8200499,0.3861173093318939,0.8351046698872786,0.6421900161030596,0.7386473429951691
BPIFB1,BPIFB1,107,0.80006355,0.35727205872535706,0.7603864734299517,0.71658615136876,0.7384863123993559
REXO1L10P,REXO1L10P|ENSG00000255940.1,99,0.7971451,0.3512289524078369,0.7475040257648953,0.7294685990338164,0.7384863123993559
DUSP23,DUSP23,128,0.7807974,0.32539910078048706,0.6895330112721417,0.7871175523349436,0.7383252818035426
LEPREL2,LEPREL2,82,0.8379059,0.4183964729309082,0.9001610305958132,0.5761674718196458,0.7381642512077295
MMP9,MMP9,96,0.8665091,0.44829273223876953,0.9610305958132045,0.5152979066022544,0.7381642512077294
RGS22,RGS22,101,0.82495105,0.3964262008666992,0.8582930756843801,0.6167471819645732,0.7375201288244766
CLC,CLC,113,0.8001294,0.3582645058631897,0.7610305958132045,0.7140096618357488,0.7375201288244766
ADNP,ADNP,101,0.84163064,0.42338165640830994,0.9117552334943639,0.562962962962963,0.7373590982286635
SPRR2E,SPRR2E,105,0.79471886,0.3471910357475281,0.7355877616747182,0.7388083735909823,0.7371980676328502
DLGAP4,DLGAP4,117,0.8378294,0.4188216030597687,0.899194847020934,0.5745571658615137,0.7368760064412239
LIPH,LIPH,93,0.7941705,0.34656012058258057,0.7330112721417069,0.7404186795491143,0.7367149758454106
ZHX1,ZHX1,111,0.7968506,0.352098286151886,0.7455716586151369,0.7268921095008052,0.736231884057971
NPBWR1,NPBWR1,108,0.8490933,0.4347204566001892,0.92914653784219,0.5404186795491144,0.7347826086956522
HHLA1,HHLA1,107,0.80274343,0.36310744285583496,0.7703703703703704,0.6991948470209339,0.7347826086956522
DCAF6,DCAF6,110,0.8034105,0.3648967444896698,0.7726247987117553,0.6959742351046699,0.7342995169082126
NCEH1,NCEH1,108,0.83221817,0.41475996375083923,0.8847020933977455,0.5829307568438004,0.7338164251207729
SIAH2,SIAH2,102,0.77016574,0.31043490767478943,0.6508856682769726,0.8167471819645733,0.7338164251207729
GJA5,GJA5,102,0.7794962,0.3279331922531128,0.6859903381642513,0.7813204508856683,0.7336553945249598
NUP155,NUP155,115,0.77627075,0.3219728469848633,0.6731078904991948,0.7932367149758454,0.7331723027375201
LINC00534,LINC00534,106,0.76596415,0.30585986375808716,0.6389694041867955,0.8273752012882448,0.7331723027375201
RN7SKP155,RN7SKP155,99,0.80067945,0.3624870181083679,0.7636070853462158,0.7014492753623188,0.7325281803542674
NPEPL1,NPEPL1,102,0.7532795,0.2832818627357483,0.5948470209339775,0.8698872785829308,0.7323671497584541
KCNB2,KCNB2,92,0.7421261,0.2668827474117279,0.5603864734299517,0.9030595813204508,0.7317230273752013
MIR5681A,MIR5681A,99,0.7363242,0.2552732527256012,0.537842190016103,0.9256038647342996,0.7317230273752013
FCER1A,FCER1A,94,0.75239766,0.2824905514717102,0.5916264090177134,0.8714975845410629,0.731561996779388
IQCJ,IQCJ,101,0.82090926,0.39427411556243896,0.8402576489533011,0.6222222222222222,0.7312399355877617
FLG2,FLG2,99,0.7496121,0.2785591185092926,0.5816425120772947,0.8798711755233495,0.730756843800322
RTEL1,RTEL1,99,0.74046475,0.2639703154563904,0.5533011272141707,0.9082125603864735,0.730756843800322
TOP1,TOP1,111,0.79431957,0.3520842492580414,0.7339774557165861,0.7272141706924315,0.7305958132045088
FAM131A,FAM131A,101,0.85789865,0.44993481040000916,0.947181964573269,0.513365539452496,0.7302737520128825
ANKRD46,ANKRD46,98,0.7550809,0.28903666138648987,0.6012882447665057,0.8592592592592593,0.7302737520128825
SLCO1C1,SLCO1C1,92,0.71127295,0.17496873438358307,0.4669887278582931,0.9935587761674718,0.7302737520128825
RN7SL680P,RN7SL680P,107,0.7606441,0.300469309091568,0.6225442834138486,0.8380032206119162,0.7302737520128824
NDRG3,NDRG3,106,0.7994573,0.36182594299316406,0.7578099838969404,0.702415458937198,0.7301127214170693
TBC1D31,TBC1D31,112,0.8027663,0.36788442730903625,0.7706924315619967,0.6895330112721417,0.7301127214170693
ERGIC3,ERGIC3,106,0.7586546,0.2964325249195099,0.6138486312399356,0.8454106280193237,0.7296296296296296
MIR3150B,MIR3150B,118,0.824627,0.404812753200531,0.8560386473429952,0.6019323671497585,0.7289855072463769
CPN2,CPN2,108,0.7416863,0.2696398198604584,0.5594202898550724,0.8979066022544283,0.7286634460547503
A2MP1,A2MP1,104,0.8258436,0.4091801345348358,0.8631239935587761,0.5942028985507246,0.7286634460547503
STYK1,STYK1,108,0.8370464,0.4244478940963745,0.8966183574879227,0.5603864734299517,0.7285024154589372
SDCCAG8,SDCCAG8,98,0.7963258,0.35857072472572327,0.7439613526570048,0.7123993558776167,0.7281803542673108
MIR3137,MIR3137,112,0.78868246,0.3468790650367737,0.7152979066022545,0.7394524959742351,0.7273752012882448
C5orf28,C5orf28,97,0.82507634,0.4081128239631653,0.8592592592592593,0.5954911433172303,0.7273752012882448
COMMD2,COMMD2,113,0.82888776,0.4154353141784668,0.8731078904991948,0.5816425120772947,0.7273752012882447
RALYL,RALYL,107,0.8256754,0.4103408455848694,0.8618357487922705,0.5919484702093398,0.7268921095008052
EGFEM1P,EGFEM1P,98,0.72307414,0.2385430783033371,0.4998389694041868,0.9539452495974236,0.7268921095008052
MIR499A,MIR499A,104,0.7126211,0.21195541322231293,0.4718196457326892,0.9816425120772947,0.7267310789049919
TRIM59,TRIM59,115,0.8510334,0.4453613758087158,0.9320450885668277,0.5214170692431562,0.7267310789049919
APCDD1L,APCDD1L,96,0.727792,0.24969486892223358,0.514975845410628,0.9365539452495975,0.7257648953301128
CASC7,CASC7,96,0.7421272,0.27269089221954346,0.5607085346215781,0.8904991948470209,0.7256038647342995
CBLN4,CBLN4,102,0.7995371,0.36665400862693787,0.7587761674718196,0.692109500805153,0.7254428341384863
MIR5708,MIR5708,97,0.8014264,0.36973506212234497,0.7668276972624799,0.6840579710144927,0.7254428341384863
CD163L1,CD163L1,102,0.7222814,0.2386719435453415,0.49694041867954913,0.9533011272141707,0.72512077294686
ZFR,ZFR,99,0.74854225,0.2820051610469818,0.5780998389694042,0.8718196457326892,0.7249597423510468
ARMC1,ARMC1,108,0.85105276,0.44785207509994507,0.9323671497584541,0.5169082125603864,0.7246376811594203
CPNE3,CPNE3,87,0.75537705,0.2968858778476715,0.6035426731078904,0.8450885668276973,0.7243156199677938
SLC9A8,SLC9A8,112,0.7525972,0.2904617190361023,0.5922705314009662,0.8560386473429952,0.7241545893719807
SLC12A5,SLC12A5,103,0.7667113,0.3152453303337097,0.6409017713365539,0.807085346215781,0.7239935587761674
RN7SKP231,RN7SKP231,108,0.83177924,0.42309272289276123,0.8837359098228663,0.5639291465378422,0.7238325281803543
CRTC2,CRTC2,105,0.83169204,0.4231663942337036,0.88341384863124,0.5636070853462157,0.7235104669887278
IFI16,IFI16,105,0.74165756,0.27339476346969604,0.559098228663446,0.8876006441223833,0.7233494363929147
ATP1B1,ATP1B1,111,0.77692205,0.3324797451496124,0.6769726247987118,0.7687600644122383,0.722866344605475
CSE1L,CSE1L,97,0.784017,0.3445839583873749,0.7004830917874396,0.7452495974235105,0.722866344605475
PREX1,PREX1,115,0.7716438,0.3239578902721405,0.6563607085346216,0.7893719806763285,0.722866344605475
GALNT8,GALNT8,115,0.71515703,0.22640946507453918,0.47665056360708535,0.9684380032206119,0.7225442834138487
ZBBX,ZBBX,99,0.76353985,0.31295984983444214,0.6328502415458938,0.8115942028985508,0.7222222222222223
PKLR,PKLR,113,0.7630178,0.3115605413913727,0.6305958132045089,0.8138486312399356,0.7222222222222222
KIAA0196,KIAA0196,93,0.8301265,0.42218145728111267,0.8789049919484702,0.5655394524959743,0.7222222222222222
ZBTB10,ZBTB10,102,0.8507258,0.4499666094779968,0.9310789049919485,0.5130434782608696,0.722061191626409
TAS2R13,TAS2R13,103,0.75106305,0.29022571444511414,0.585829307568438,0.8570048309178744,0.7214170692431562
FAM188B2,FAM188B2,92,0.804761,0.377885639667511,0.7777777777777778,0.6634460547504025,0.7206119162640902
LRRC52,LRRC52,117,0.82148165,0.4076767563819885,0.8428341384863124,0.5971014492753624,0.7199677938808373
MIR2053,MIR2053,106,0.80601895,0.3810768723487854,0.7832528180354267,0.6563607085346216,0.7198067632850241
ABHD16B,ABHD16B,104,0.78186333,0.344929039478302,0.693719806763285,0.7442834138486313,0.7190016103059582
TRAPPC9,TRAPPC9,93,0.7812467,0.3443964421749115,0.6911433172302738,0.7458937198067633,0.7185185185185186
CLEC7A,CLEC7A,92,0.8588371,0.46027663350105286,0.9494363929146538,0.48695652173913045,0.7181964573268921
OPRL1,OPRL1,102,0.7937201,0.36125078797340393,0.730756843800322,0.7049919484702093,0.7178743961352656
DENND5B,DENND5B,112,0.79923624,0.3725378215312958,0.7568438003220612,0.6785829307568438,0.7177133655394525
RNA5SP274,RNA5SP274,112,0.82959944,0.4249661862850189,0.8766505636070854,0.5584541062801932,0.7175523349436392
IL7,IL7,94,0.8322682,0.4302557408809662,0.8853462157809984,0.5497584541062802,0.7175523349436392
RN7SL44P,RN7SL44P,120,0.77691656,0.33951786160469055,0.6766505636070853,0.7568438003220612,0.7167471819645732
MIR30D,MIR30D,110,0.8276063,0.42300766706466675,0.869243156199678,0.5642512077294686,0.7167471819645732
KCNMB3,KCNMB3,111,0.74383646,0.28386250138282776,0.5652173913043478,0.8682769726247987,0.7167471819645732
KCNK9,KCNK9,99,0.7972529,0.3695054054260254,0.7481481481481481,0.6847020933977456,0.7164251207729468
TMCC2,TMCC2,107,0.71948546,0.24647527933120728,0.49082125603864735,0.9420289855072463,0.7164251207729468
AGXT2,AGXT2,96,0.7741747,0.33341631293296814,0.665378421900161,0.7665056360708534,0.7159420289855072
CLEC4D,CLEC4D,98,0.83938384,0.4432193636894226,0.9059581320450886,0.5252818035426731,0.7156199677938808
TMEM68,TMEM68,103,0.77782136,0.3431766927242279,0.6805152979066023,0.748792270531401,0.7146537842190016
OPRK1,OPRK1,100,0.75916487,0.3114836812019348,0.6148148148148148,0.814170692431562,0.7144927536231884
TRIB1,TRIB1,103,0.8254511,0.42154455184936523,0.8608695652173913,0.567793880837359,0.7143317230273751
PDCD10,PDCD10,101,0.7549892,0.30555495619773865,0.6006441223832528,0.8276972624798712,0.7141706924315621
C8orf47,C8orf47,102,0.8370641,0.43916043639183044,0.8969404186795491,0.5310789049919484,0.7140096618357488
KLRB1,KLRB1,115,0.8465699,0.4519238770008087,0.9210950080515298,0.5069243156199678,0.7140096618357488
ACA64,ACA64|ENSG00000238934.1,119,0.77589345,0.3399346172809601,0.6711755233494364,0.7561996779388084,0.7136876006441224
LAPTM4B,LAPTM4B,104,0.8149576,0.3998248279094696,0.8170692431561997,0.6099838969404187,0.7135265700483091
RN7SKP226,RN7SKP226,114,0.7637039,0.32192307710647583,0.6331723027375201,0.7938808373590982,0.7135265700483091
GGH,GGH,97,0.7981217,0.3743060827255249,0.7520128824476651,0.6743961352657005,0.7132045088566827
NOV,NOV,101,0.80924606,0.39246195554733276,0.7971014492753623,0.6273752012882448,0.7122383252818035
EIF2S3L,EIF2S3L,92,0.8090116,0.39213940501213074,0.7961352657004831,0.628341384863124,0.7122383252818035
TRHR,TRHR,98,0.8474316,0.4540554881095886,0.9243156199677939,0.4998389694041868,0.7120772946859903
COMMD5,COMMD5,111,0.8118177,0.3963761627674103,0.807085346215781,0.6170692431561997,0.7120772946859903
PIAS3,PIAS3,110,0.8005199,0.3789657950401306,0.762962962962963,0.6611916264090177,0.7120772946859903
PLAGL2,PLAGL2,128,0.75356007,0.30536702275276184,0.5958132045088567,0.828341384863124,0.7120772946859903
CEP19,CEP19,98,0.83403,0.43806231021881104,0.8895330112721417,0.5333333333333333,0.7114331723027375
TAS2R7,TAS2R7,113,0.8244738,0.4218173623085022,0.855072463768116,0.5668276972624798,0.710950080515298
HIST2H3D,HIST2H3D,97,0.7949129,0.36969953775405884,0.7365539452495974,0.6843800322061192,0.7104669887278583
RN7SL675P,RN7SL675P,122,0.75390804,0.3087799549102783,0.5971014492753624,0.8231884057971014,0.7101449275362319
GNB4,GNB4,114,0.7357195,0.2769719958305359,0.5362318840579711,0.8824476650563607,0.7093397745571659
FABP5,FABP5,94,0.7525534,0.3062026798725128,0.5919484702093398,0.826731078904992,0.7093397745571659
MFI2,MFI2,90,0.7563218,0.31197604537010193,0.605475040257649,0.8122383252818035,0.7088566827697262
MIR151A,MIR151A,122,0.8336087,0.4406193792819977,0.8882447665056361,0.5294685990338164,0.7088566827697262
MRPL51,MRPL51,114,0.83038914,0.4368433952331543,0.8808373590982287,0.5359098228663446,0.7083735909822866
U8,U8|ENSG00000201398.1,103,0.7598015,0.3197094202041626,0.6190016103059581,0.7977455716586151,0.7083735909822866
ENO2,ENO2,102,0.7257836,0.264532208442688,0.5088566827697263,0.9066022544283414,0.7077294685990339
KCNN3,KCNN3,119,0.81174135,0.4006350338459015,0.8064412238325281,0.6090177133655394,0.7077294685990339
RBM38,RBM38,109,0.819376,0.4158623516559601,0.8341384863123994,0.5813204508856683,0.7077294685990339
FXR1,FXR1,104,0.7409616,0.2883019745349884,0.5545893719806764,0.8605475040257649,0.7075684380032206
MDM4,MDM4,111,0.8017488,0.3837450444698334,0.7674718196457327,0.6473429951690821,0.7074074074074075
PIK3C2G,PIK3C2G,83,0.7518405,0.30708277225494385,0.5887278582930757,0.8257648953301128,0.7072463768115942
WDR49,WDR49,92,0.79532784,0.37404507398605347,0.7384863123993559,0.6750402576489533,0.7067632850241545
SH2D1B,SH2D1B,115,0.7628745,0.3267974555492401,0.6289855072463768,0.784219001610306,0.7066022544283415
SHE,SHE,89,0.78612596,0.3612683415412903,0.7082125603864734,0.7046698872785829,0.7064412238325282
SLC10A5,SLC10A5,111,0.8699836,0.483089417219162,0.966183574879227,0.4454106280193237,0.7057971014492753
SLC39A1,SLC39A1,104,0.77918696,0.3525529205799103,0.6847020933977456,0.7256038647342995,0.7051529790660225
FER1L6,FER1L6,113,0.80500424,0.39144498109817505,0.7793880837359098,0.6296296296296297,0.7045088566827697
SLC45A4,SLC45A4,99,0.746028,0.3007265627384186,0.5710144927536231,0.837037037037037,0.7040257648953301
GOLPH3L,GOLPH3L,104,0.7893738,0.3678109347820282,0.7172302737520129,0.6904991948470209,0.7038647342995169
RALGAPB,RALGAPB,115,0.7910066,0.3697577714920044,0.7233494363929146,0.6837359098228664,0.7035426731078904
RPS27,RPS27,115,0.769384,0.33947616815567017,0.6492753623188405,0.7574879227053141,0.7033816425120774
UBE2V1,UBE2V1,107,0.78585464,0.3634030222892761,0.707890499194847,0.6985507246376812,0.7032206119162641
GSDMC,GSDMC,88,0.79589534,0.37806424498558044,0.7426731078904992,0.662157809983897,0.702415458937198
PIK3CA,PIK3CA,127,0.7954239,0.37693116068840027,0.7388083735909823,0.6660225442834139,0.702415458937198
RDH10,RDH10,85,0.71733695,0.25727760791778564,0.485024154589372,0.9198067632850242,0.702415458937198
TCEA1,TCEA1,104,0.75940794,0.3251799941062927,0.615780998389694,0.7880837359098228,0.7019323671497584
MAPRE1,MAPRE1,98,0.7961755,0.3794959783554077,0.743317230273752,0.659903381642512,0.701610305958132
DERL1,DERL1,119,0.8656089,0.4844950735569,0.9597423510466989,0.4431561996779388,0.7014492753623188
RPL35A,RPL35A,107,0.7687421,0.3397669494152069,0.6463768115942029,0.7565217391304347,0.7014492753623188
TPI1,TPI1,96,0.86013424,0.47923198342323303,0.9513687600644123,0.4515297906602254,0.7014492753623188
MIR613,MIR613,97,0.8451045,0.4610537588596344,0.9181964573268921,0.48470209339774556,0.7014492753623188
RN7SKP184,RN7SKP184,119,0.8103691,0.4045203924179077,0.7993558776167472,0.6032206119162641,0.7012882447665056
YY1AP1,YY1AP1,94,0.7597786,0.3271498680114746,0.6186795491143318,0.7835748792270532,0.7011272141706925
ATP13A3,ATP13A3,101,0.7907781,0.37239354848861694,0.7227053140096619,0.679549114331723,0.7011272141706925
CLDN16,CLDN16,83,0.8036749,0.39216792583465576,0.7735909822866345,0.6280193236714976,0.700805152979066
CD9,CD9,97,0.7529723,0.3145129680633545,0.5932367149758454,0.8083735909822867,0.700805152979066
COL22A1,COL22A1,117,0.8046303,0.39390185475349426,0.777133655394525,0.6241545893719807,0.7006441223832528
C1orf229,C1orf229,101,0.80116874,0.38894301652908325,0.7658615136876007,0.6341384863123993,0.7
GPR160,GPR160,98,0.8731787,0.492031455039978,0.970048309178744,0.42995169082125606,0.7
RNA5SP267,RNA5SP267,113,0.80384785,0.3933744430541992,0.7742351046698873,0.6251207729468599,0.6996779388083736
WNT5B,WNT5B,96,0.70882213,0.24744777381420135,0.4579710144927536,0.9407407407407408,0.6993558776167472
MMP16,MMP16,99,0.8383148,0.4551760256290436,0.9011272141706924,0.4972624798711755,0.6991948470209339
RN7SKP161,RN7SKP161,94,0.79626757,0.3815602958202362,0.7436392914653784,0.6544283413848632,0.6990338164251209
CCDC39,CCDC39,100,0.8494676,0.4720423221588135,0.9297906602254429,0.4679549114331723,0.6988727858293076
MIR4664,MIR4664,111,0.7786302,0.35819676518440247,0.6834138486312399,0.7143317230273752,0.6988727858293076
RNA5SP278,RNA5SP278,108,0.8237319,0.43256500363349915,0.8515297906602255,0.5452495974235104,0.6983896940418679
SCARNA11,SCARNA11|ENSG00000252727.1,119,0.769551,0.3439526855945587,0.649597423510467,0.7465378421900161,0.6980676328502415
SNX21,SNX21,111,0.7595191,0.3290479779243469,0.6177133655394524,0.7780998389694042,0.6979066022544282
ATP6V0D2,ATP6V0D2,119,0.7862407,0.3689924478530884,0.7085346215780999,0.6869565217391305,0.6977455716586152
OGFR,OGFR,92,0.70107114,0.2333735227584839,0.4357487922705314,0.9597423510466989,0.6977455716586152
RN7SL329P,RN7SL329P,95,0.75303763,0.31819358468055725,0.5935587761674718,0.8012882447665056,0.6974235104669887
TMEM249,TMEM249,108,0.8302456,0.4494260847568512,0.8805152979066022,0.5140096618357488,0.6972624798711755
C1orf138,C1orf138,89,0.7736397,0.35073262453079224,0.6631239935587762,0.7314009661835749,0.6972624798711755
SNORD2,SNORD2|ENSG00000238942.1,105,0.7129094,0.2564951777458191,0.47246376811594204,0.922061191626409,0.6972624798711755
VWF,VWF,98,0.80957437,0.40795284509658813,0.7977455716586151,0.5961352657004831,0.6969404186795491
PYDC2,PYDC2,83,0.7707808,0.3463810086250305,0.6531400966183575,0.7407407407407407,0.6969404186795491
HNF4A,HNF4A,100,0.804945,0.3975237309932709,0.778743961352657,0.6151368760064412,0.6969404186795491
SCXA,SCXA,110,0.7596532,0.3301510512828827,0.6183574879227053,0.7739130434782608,0.6961352657004831
KIAA1429,KIAA1429,101,0.8139681,0.41757383942604065,0.8135265700483092,0.5777777777777777,0.6956521739130435
P2RY14,P2RY14,110,0.82603884,0.44153672456741333,0.863768115942029,0.527536231884058,0.6956521739130435
IL7R,IL7R,129,0.77024853,0.3466843366622925,0.6512077294685991,0.740096618357488,0.6956521739130435
PAK2,PAK2,105,0.8129801,0.41624072194099426,0.8106280193236715,0.5806763285024155,0.6956521739130435
S100A9,S100A9,100,0.8207467,0.42923644185066223,0.8392914653784219,0.5520128824476651,0.6956521739130435
LY6H,LY6H,106,0.7990873,0.38860267400741577,0.7555555555555555,0.6357487922705314,0.6956521739130435
RIIAD1,RIIAD1,103,0.799221,0.3890569508075714,0.7561996779388084,0.633816425120773,0.6950080515297907
MIR548AG2,MIR548AG2,99,0.7938754,0.38113078474998474,0.7314009661835749,0.6560386473429952,0.693719806763285
OC90,OC90,115,0.77166665,0.3509944975376129,0.656682769726248,0.7304347826086957,0.6935587761674717
NCAPD2,NCAPD2,120,0.71088785,0.2568175196647644,0.46602254428341383,0.9207729468599034,0.6933977455716587
B4GALT5,B4GALT5,98,0.7845776,0.3694571554660797,0.7017713365539453,0.6850241545893719,0.6933977455716587
RNF13,RNF13,83,0.77642244,0.3584594130516052,0.674074074074074,0.7127214170692432,0.6933977455716587
MIR199A2,MIR199A2,112,0.7228201,0.27336961030960083,0.4985507246376812,0.8879227053140096,0.6932367149758454
B3GALNT2,B3GALNT2,90,0.7414273,0.30515986680984497,0.5568438003220612,0.8293075684380032,0.6930756843800322
B4GALNT3,B4GALNT3,109,0.70542616,0.24868464469909668,0.4476650563607085,0.9381642512077295,0.692914653784219
SLURP1,SLURP1,108,0.83300686,0.4544984698295593,0.8872785829307569,0.4985507246376812,0.692914653784219
HAR1B,HAR1B,94,0.7647231,0.342896044254303,0.6357487922705314,0.7497584541062802,0.6927536231884057
TP53RK,TP53RK,92,0.80362886,0.39927321672439575,0.7729468599033816,0.6125603864734299,0.6927536231884057
SLC2A10,SLC2A10,79,0.90600395,0.5195552110671997,0.9971014492753624,0.38582930756843803,0.6914653784219003
ALG10,ALG10,94,0.7253591,0.2798183858394623,0.5066022544283414,0.8763285024154589,0.6914653784219001
ALG10B,ALG10B,106,0.7152988,0.26503878831863403,0.4769726247987118,0.9056360708534622,0.691304347826087
LY9,LY9,105,0.71447694,0.26450836658477783,0.4753623188405797,0.9069243156199678,0.6911433172302738
SDC4,SDC4,108,0.69046736,0.22092503309249878,0.40901771336553944,0.9729468599033816,0.6909822866344605
SAMD10,SAMD10,110,0.8207391,0.43353497982025146,0.8389694041867954,0.5423510466988728,0.6906602254428341
POU2F1,POU2F1,111,0.7021095,0.24740658700466156,0.4392914653784219,0.9410628019323671,0.6901771336553946
LINC00880,LINC00880,103,0.7683138,0.3493535816669464,0.6447665056360709,0.7342995169082126,0.6895330112721417
TARBP1,TARBP1,99,0.7794377,0.3659766614437103,0.6856682769726248,0.6930756843800322,0.6893719806763285
AZIN1,AZIN1,113,0.74984246,0.32062870264053345,0.5826086956521739,0.7958132045088567,0.6892109500805152
S100A7L2,S100A7L2,105,0.80425537,0.40477344393730164,0.7755233494363929,0.6022544283413849,0.6888888888888889
DYNLRB1,DYNLRB1,90,0.7567427,0.33209988474845886,0.607085346215781,0.7697262479871175,0.6884057971014492
SLC25A44,SLC25A44,116,0.7690145,0.3513471782207489,0.6473429951690821,0.7288244766505636,0.6880837359098229
LINC00884,LINC00884,87,0.8179251,0.43114352226257324,0.8276972624798712,0.5478260869565217,0.6877616747181965
RN7SL615P,RN7SL615P,111,0.7184428,0.2735101878643036,0.48792270531400966,0.8872785829307569,0.6876006441223833
CYP2AB1P,CYP2AB1P,100,0.8596093,0.4953697919845581,0.950402576489533,0.4241545893719807,0.6872785829307568
FGF6,FGF6,118,0.7270544,0.28884461522102356,0.5127214170692431,0.8602254428341385,0.6864734299516908
CHRNB2,CHRNB2,107,0.7971736,0.3941124677658081,0.7478260869565218,0.6235104669887278,0.6856682769726248
ATN1,ATN1,105,0.78414094,0.3757447302341461,0.700805152979066,0.6692431561996779,0.6850241545893719
L3MBTL1,L3MBTL1,112,0.7856604,0.3779385983943939,0.7069243156199678,0.6628019323671498,0.6848631239935588
LINC00302,LINC00302,106,0.7954929,0.39072421193122864,0.7391304347826086,0.6302737520128825,0.6847020933977456
SI,SI,100,0.7375858,0.30589911341667175,0.5423510466988728,0.8270531400966183,0.6847020933977456
VPS13B,VPS13B,100,0.8009977,0.4028126001358032,0.764573268921095,0.6048309178743961,0.6847020933977456
SPINT4,SPINT4,105,0.7923047,0.38626375794410706,0.7268921095008052,0.6415458937198067,0.684219001610306
SNORA42,SNORA42|ENSG00000207475.1,113,0.7646354,0.3501224219799042,0.635426731078905,0.7326892109500805,0.6840579710144927
SLC35F3,SLC35F3,99,0.7911502,0.38590753078460693,0.7236714975845411,0.6434782608695652,0.6835748792270531
FLG,FLG,120,0.8104257,0.42191213369369507,0.8,0.5661835748792271,0.6830917874396136
AP2M1,AP2M1,112,0.6937604,0.24370872974395752,0.4190016103059581,0.9468599033816425,0.6829307568438003
CHD6,CHD6,105,0.75345665,0.33144059777259827,0.5954911433172303,0.7703703703703704,0.6829307568438003
TRPA1,TRPA1,106,0.7469057,0.32259541749954224,0.5735909822866344,0.7919484702093398,0.682769726247987
SOX2,SOX2,115,0.7792947,0.37215161323547363,0.6853462157809984,0.6798711755233494,0.682608695652174
LCE1F,LCE1F,107,0.7363263,0.30633512139320374,0.5381642512077295,0.8260869565217391,0.6821256038647343
S100A11,S100A11,113,0.7539166,0.3334309458732605,0.5974235104669887,0.7661835748792271,0.6818035426731079
S100A2,S100A2,117,0.7521425,0.33067944645881653,0.5906602254428341,0.7719806763285024,0.6813204508856683
ARFGEF2,ARFGEF2,82,0.7015458,0.25595471262931824,0.43703703703703706,0.9243156199677939,0.6806763285024154
MIR661,MIR661,115,0.8022412,0.4102463722229004,0.768438003220612,0.5922705314009662,0.6803542673107891
AQP10,AQP10,95,0.79257405,0.3902861773967743,0.7285024154589372,0.6315619967793881,0.6800322061191626
FAM203A,FAM203A,85,0.7775438,0.37187492847442627,0.6789049919484702,0.6808373590982286,0.6798711755233494
RNU6ATAC24P,RNU6ATAC24P,106,0.74602675,0.32478946447372437,0.5706924315619968,0.7887278582930757,0.6797101449275362
THBS3,THBS3,107,0.8177296,0.43856391310691833,0.8273752012882448,0.5320450885668278,0.6797101449275362
RN7SKP162,RN7SKP162,120,0.70302355,0.25807294249534607,0.44154589371980674,0.9175523349436393,0.679549114331723
TM4SF19,TM4SF19,101,0.8103536,0.4247799515724182,0.7990338164251207,0.5594202898550724,0.6792270531400966
THEM6,THEM6,112,0.8056989,0.4185045659542084,0.7819645732689211,0.5758454106280193,0.6789049919484702
B4GALT3,B4GALT3,94,0.73046744,0.3014912009239197,0.5220611916264091,0.835426731078905,0.678743961352657
MIR30B,MIR30B,107,0.82640535,0.45846742391586304,0.865378421900161,0.49114331723027377,0.6782608695652174
PDZK1P1,PDZK1P1,99,0.77264583,0.36445102095603943,0.659903381642512,0.6962962962962963,0.6780998389694042
RNA5SP353,RNA5SP353,92,0.6908909,0.24486981332302094,0.41127214170692433,0.9446054750402576,0.677938808373591
SRMS,SRMS,102,0.7969259,0.4009633958339691,0.7465378421900161,0.6077294685990338,0.6771336553945249
SLAMF8,SLAMF8,98,0.8089502,0.42571109533309937,0.7958132045088567,0.557487922705314,0.6766505636070854
FAM217B,FAM217B,91,0.7964868,0.4008796513080597,0.7452495974235105,0.6080515297906602,0.6766505636070854
RNA5SP266,RNA5SP266,98,0.75415176,0.34022027254104614,0.5977455716586151,0.7549114331723027,0.6763285024154588
PLEKHA6,PLEKHA6,117,0.7560312,0.34361910820007324,0.6048309178743961,0.7475040257648953,0.6761674718196458
PBXIP1,PBXIP1,119,0.7776754,0.374836802482605,0.679549114331723,0.6721417069243156,0.6758454106280194
PRELP,PRELP,97,0.7438656,0.3261542320251465,0.5655394524959743,0.7851851851851852,0.6753623188405797
ATP11B,ATP11B,97,0.70960283,0.27300769090652466,0.4615136876006441,0.8892109500805153,0.6753623188405797
FMN2,FMN2,102,0.7849565,0.38461440801620483,0.7046698872785829,0.6447665056360709,0.6747181964573269
CLEC2A,CLEC2A,100,0.7957361,0.4008520245552063,0.7407407407407407,0.6083735909822866,0.6745571658615137
SNORA12,SNORA12|ENSG00000212342.1,114,0.7974153,0.4066483974456787,0.7491143317230273,0.5990338164251208,0.674074074074074
REXO1L1,REXO1L1,79,0.74606365,0.3294832110404968,0.5713365539452496,0.7764895330112721,0.6739130434782609
LASP1,LASP1,110,0.6953561,0.25528573989868164,0.4222222222222222,0.9252818035426731,0.6737520128824477
RBM12,RBM12,118,0.76294196,0.35705599188804626,0.629951690821256,0.7172302737520129,0.6735909822866344
P2RY1,P2RY1,106,0.7685967,0.3628438413143158,0.6460547504025765,0.7001610305958132,0.673107890499195
CHRD,CHRD,105,0.7236704,0.29766401648521423,0.5017713365539452,0.8434782608695652,0.6726247987117553
MIR1914,MIR1914,96,0.73691034,0.31873372197151184,0.54170692431562,0.8003220611916264,0.6710144927536232
WFDC13,WFDC13,112,0.8476048,0.49889498949050903,0.9246376811594202,0.41739130434782606,0.6710144927536231
RPN2,RPN2,99,0.7663535,0.36187219619750977,0.6396135265700483,0.7020933977455717,0.6708534621578099
TAS2R10,TAS2R10,103,0.88311195,0.5370007753372192,0.9832528180354267,0.3571658615136876,0.6702093397745572
C3orf80,C3orf80,97,0.8009316,0.41861486434936523,0.7642512077294686,0.5755233494363929,0.6698872785829308
SLAMF9,SLAMF9,112,0.8073976,0.4303894639015198,0.7893719806763285,0.5494363929146537,0.6694041867954912
DEFA3,DEFA3,99,0.7604575,0.35723039507865906,0.6215780998389694,0.7169082125603865,0.6692431561996779
TP63,TP63,97,0.718351,0.2936371862888336,0.48695652173913045,0.851207729468599,0.6690821256038647
HNRNPU,HNRNPU,104,0.72496176,0.30372294783592224,0.5053140096618357,0.8318840579710145,0.6685990338164252
LACTB2,LACTB2,117,0.7254347,0.3049825131893158,0.5072463768115942,0.8296296296296296,0.6684380032206119
AMN1,AMN1,94,0.76291186,0.3605850338935852,0.6293075684380032,0.7072463768115942,0.6682769726247987
COLEC10,COLEC10,104,0.80784816,0.4322242736816406,0.7903381642512077,0.5458937198067633,0.6681159420289855
LINC00887,LINC00887,117,0.7561514,0.3507334291934967,0.6051529790660225,0.7310789049919485,0.6681159420289855
RNU6ATAC38P,RNU6ATAC38P,104,0.754767,0.3488366901874542,0.5996779388083736,0.7352657004830918,0.6674718196457328
PCMTD1,PCMTD1,113,0.8737,0.533640444278717,0.9719806763285024,0.3619967793880837,0.6669887278582931
AICDA,AICDA,112,0.8033174,0.42373234033584595,0.7723027375201288,0.561352657004831,0.6668276972624798
LRRC31,LRRC31,107,0.82415175,0.4651000201702118,0.8528180354267311,0.47954911433172304,0.6661835748792271
UGT3A1,UGT3A1,110,0.7936536,0.40519335865974426,0.7304347826086957,0.601610305958132,0.6660225442834138
DHX35,DHX35,106,0.8044414,0.42705342173576355,0.7768115942028986,0.5549114331723027,0.6658615136876007
7SK,7SK|ENSG00000254144.2,114,0.8425197,0.4982050061225891,0.9130434782608695,0.41867954911433175,0.6658615136876006
TRIM55,TRIM55,98,0.7564672,0.3530389368534088,0.6061191626409018,0.7246376811594203,0.665378421900161
LCE2A,LCE2A,119,0.80705386,0.4335334897041321,0.7877616747181965,0.5426731078904992,0.6652173913043478
RALY,RALY,100,0.7890022,0.39759236574172974,0.7156199677938808,0.6148148148148148,0.6652173913043478
RGS5,RGS5,122,0.71939105,0.29932311177253723,0.4901771336553945,0.8399355877616748,0.6650563607085347
OPLAH,OPLAH,121,0.7447037,0.33581414818763733,0.5674718196457327,0.7619967793880837,0.6647342995169082
SS18L1,SS18L1,104,0.7222591,0.3036438226699829,0.4962962962962963,0.8322061191626409,0.6642512077294686
BLCAP,BLCAP,94,0.75857097,0.3581874668598175,0.6135265700483091,0.7146537842190016,0.6640901771336554
EXT1,EXT1,107,0.81879115,0.45537129044532776,0.8309178743961353,0.4966183574879227,0.663768115942029
PEX11B,PEX11B,110,0.74973327,0.34449657797813416,0.5819645732689211,0.7455716586151369,0.663768115942029
HRSP12,HRSP12,104,0.7958287,0.4138064980506897,0.7420289855072464,0.5851851851851851,0.6636070853462157
TP53TG5,TP53TG5,95,0.84107244,0.49903079867362976,0.9098228663446055,0.4170692431561997,0.6634460547504026
MLF2,MLF2,95,0.7883438,0.39927491545677185,0.7143317230273752,0.6122383252818036,0.6632850241545893
RPL30,RPL30,98,0.81083834,0.4435330331325531,0.8012882447665056,0.5249597423510467,0.6631239935587762
MIR4654,MIR4654,118,0.7446119,0.33830782771110535,0.5671497584541063,0.7581320450885668,0.6626409017713366
MTMR11,MTMR11,104,0.7480048,0.34350141882896423,0.5764895330112721,0.7478260869565218,0.662157809983897
HNRNPL,HNRNPL,122,0.67346996,0.23743408918380737,0.3681159420289855,0.955877616747182,0.6619967793880838
SYCP2,SYCP2,107,0.76407343,0.3680085241794586,0.6341384863123993,0.6892109500805152,0.6616747181964573
SNHG17,SNHG17,114,0.7459855,0.341230571269989,0.5700483091787439,0.7529790660225443,0.6615136876006441
SERP1,SERP1,99,0.7762038,0.38307198882102966,0.6727858293075685,0.6499194847020934,0.6613526570048309
C12orf71,C12orf71,129,0.7553759,0.35551002621650696,0.6032206119162641,0.7181964573268921,0.6607085346215781
UTS2B,UTS2B,115,0.867643,0.5360654592514038,0.9619967793880837,0.35845410628019325,0.6602254428341385
DDR2,DDR2,98,0.7086301,0.28683918714523315,0.45603864734299515,0.8644122383252818,0.6602254428341385
PDE7A,PDE7A,100,0.77260214,0.3792148530483246,0.6592592592592592,0.6602254428341385,0.6597423510466989
SPINT3,SPINT3,112,0.8021849,0.42940568923950195,0.7677938808373591,0.5510466988727858,0.6594202898550725
PARP11,PARP11,104,0.8241808,0.47336211800575256,0.8534621578099839,0.4650563607085346,0.6592592592592592
TSPYL5,TSPYL5,105,0.8298963,0.4853723347187042,0.8776167471819646,0.4402576489533011,0.6589371980676328
ARNTL2,ARNTL2,108,0.7896107,0.40644562244415283,0.7178743961352657,0.5993558776167471,0.6586151368760065
LY6K,LY6K,97,0.7309818,0.32262295484542847,0.5243156199677939,0.7916264090177134,0.6579710144927536
C1orf189,C1orf189,111,0.78793037,0.40467289090156555,0.7133655394524959,0.6025764895330112,0.6579710144927535
MIR1263,MIR1263,99,0.7551334,0.3583318591117859,0.6019323671497585,0.7133655394524959,0.6576489533011272
RN7SKP100,RN7SKP100,104,0.8168419,0.4584710896015167,0.8241545893719807,0.49082125603864735,0.6574879227053141
RN7SL480P,RN7SL480P,102,0.7510616,0.3518458306789398,0.5855072463768116,0.7275362318840579,0.6565217391304348
RNA5SP63,RNA5SP63,126,0.7666302,0.37468430399894714,0.6405797101449275,0.672463768115942,0.6565217391304348
NCOA3,NCOA3,107,0.7955799,0.41948172450065613,0.7397745571658615,0.5726247987117552,0.6561996779388084
NECAP1,NECAP1,104,0.8556434,0.5301313996315002,0.943317230273752,0.3687600644122383,0.6560386473429951
IL6R,IL6R,96,0.8321403,0.4934166669845581,0.8843800322061192,0.4270531400966184,0.6557165861513687
ATP5E,ATP5E,116,0.77098507,0.3808826208114624,0.6534621578099838,0.656682769726248,0.6550724637681159
CYHR1,CYHR1,122,0.7915521,0.4143368601799011,0.7252818035426731,0.5845410628019324,0.6549114331723027
LCE6A,LCE6A,111,0.7471078,0.349287211894989,0.5745571658615137,0.734621578099839,0.6545893719806763
GYS2,GYS2,93,0.8010454,0.43271908164024353,0.7648953301127214,0.5442834138486312,0.6545893719806763
JRK,JRK,90,0.7942718,0.418748676776886,0.7336553945249598,0.5752012882447665,0.654428341384863
LAG3,LAG3,94,0.7080452,0.2927553355693817,0.4544283413848631,0.8534621578099839,0.6539452495974235
RN7SL156P,RN7SL156P,100,0.7469643,0.3495529592037201,0.5742351046698873,0.7336553945249598,0.6539452495974235
KCNA6,KCNA6,97,0.6580609,0.2259082794189453,0.3391304347826087,0.9687600644122383,0.6539452495974235
RN7SL323P,RN7SL323P,112,0.81871593,0.46704283356666565,0.8305958132045088,0.47665056360708535,0.653623188405797
PRUNE,PRUNE,96,0.7342757,0.3299042284488678,0.5320450885668278,0.7745571658615137,0.6533011272141707
TATDN1,TATDN1,95,0.80505556,0.44184204936027527,0.7797101449275362,0.5268921095008051,0.6533011272141707
TMEM64,TMEM64,100,0.807083,0.4468567669391632,0.7880837359098228,0.5181964573268921,0.6531400966183575
SLC7A14,SLC7A14,113,0.7551854,0.361549437046051,0.6022544283413849,0.7040257648953301,0.6531400966183575
MRPL47,MRPL47,100,0.8003152,0.4327976107597351,0.7616747181964574,0.5439613526570048,0.6528180354267311
KCNA5,KCNA5,98,0.80384976,0.439333438873291,0.7745571658615137,0.5307568438003221,0.6526570048309179
RNA5SP484,RNA5SP484,100,0.7994823,0.4318481683731079,0.7584541062801933,0.5465378421900161,0.6524959742351046
SLC6A12,SLC6A12,95,0.6608468,0.2333812564611435,0.34492753623188405,0.9594202898550724,0.6521739130434783
PLD1,PLD1,127,0.77723014,0.3930036425590515,0.677938808373591,0.6260869565217392,0.6520128824476651
ARL5C,ARL5C,98,0.67865974,0.25603196024894714,0.38003220611916266,0.923671497584541,0.6518518518518519
AIM2,AIM2,101,0.72513103,0.31974077224731445,0.5059581320450885,0.7974235104669888,0.6516908212560386
HTR7P1,HTR7P1,90,0.7120322,0.3033822476863861,0.47020933977455714,0.8331723027375201,0.6516908212560386
BPIFA4P,BPIFA4P,85,0.7552946,0.36297011375427246,0.6028985507246377,0.6995169082125604,0.6512077294685991
FAM65C,FAM65C,96,0.7716204,0.3845261037349701,0.6560386473429952,0.6457326892109501,0.6508856682769726
CRYGS,CRYGS,108,0.8606462,0.5433263182640076,0.9516908212560387,0.34911433172302736,0.650402576489533
VANGL2,VANGL2,104,0.7270051,0.32522016763687134,0.5123993558776168,0.7877616747181965,0.6500805152979066
SNORD87,SNORD87,108,0.7838028,0.4061458706855774,0.7001610305958132,0.5996779388083736,0.6499194847020935
PGLYRP4,PGLYRP4,88,0.7581731,0.3684508502483368,0.6115942028985507,0.6876006441223832,0.6495974235104669
ZNF831,ZNF831,88,0.8087836,0.4525242745876312,0.7942028985507247,0.504669887278583,0.6494363929146538
STAU1,STAU1,112,0.72960806,0.32886794209480286,0.5191626409017713,0.778743961352657,0.6489533011272142
PRB1,PRB1,101,0.738922,0.3424188494682312,0.5462157809983897,0.7516908212560387,0.6489533011272142
CHRNA4,CHRNA4,106,0.76008576,0.37315720319747925,0.619645732689211,0.6772946859903382,0.6484702093397745
ZMAT3,ZMAT3,92,0.8183717,0.4720337390899658,0.8286634460547504,0.4682769726247987,0.6484702093397745
CEBPB,CEBPB,102,0.7429872,0.3502708077430725,0.562962962962963,0.7323671497584541,0.6476650563607085
HRNR,HRNR,101,0.68648785,0.27077949047088623,0.4,0.8950080515297907,0.6475040257648954
PBX1,PBX1,92,0.77228844,0.38848188519477844,0.65829307568438,0.6363929146537842,0.6473429951690821
ZBTB46,ZBTB46,107,0.7707095,0.38678407669067383,0.6524959742351046,0.6405797101449275,0.6465378421900161
DSCC1,DSCC1,107,0.7565825,0.3692261278629303,0.6064412238325282,0.6863123993558776,0.6463768115942029
CD84,CD84,99,0.69617593,0.28458261489868164,0.4251207729468599,0.8673107890499195,0.6462157809983897
RN7SL473P,RN7SL473P,100,0.71603185,0.3117970824241638,0.47954911433172304,0.8128824476650564,0.6462157809983897
KCNAB1,KCNAB1,113,0.839154,0.5184569954872131,0.9046698872785829,0.38776167471819645,0.6462157809983897
AGTR1,AGTR1,91,0.76926786,0.3859369158744812,0.6486312399355878,0.6431561996779388,0.6458937198067634
LMO3,LMO3,110,0.71693134,0.31507062911987305,0.48373590982286635,0.8077294685990338,0.6457326892109501
LINC00968,LINC00968,135,0.7749319,0.39423868060112,0.6682769726247987,0.6225442834138486,0.6454106280193237
RN7SKP29,RN7SKP29,107,0.81864935,0.4752334952354431,0.8296296296296296,0.46119162640901773,0.6454106280193237
TFB2M,TFB2M,99,0.76566035,0.3824000954627991,0.6376811594202898,0.6524959742351046,0.6450885668276972
DGAT1,DGAT1,94,0.82279027,0.485087126493454,0.8479871175523349,0.44122383252818037,0.6446054750402577
SNORD12B,SNORD12B,100,0.74233156,0.3521367907524109,0.561352657004831,0.7262479871175523,0.6438003220611916
RAB2A,RAB2A,110,0.8048334,0.45128658413887024,0.7780998389694042,0.509500805152979,0.6438003220611916
NUAK2,NUAK2,113,0.69066435,0.27962592244148254,0.4096618357487923,0.8769726247987117,0.643317230273752
CASC8,CASC8,115,0.7394593,0.34736141562461853,0.548792270531401,0.7375201288244766,0.6431561996779388
MGC4294,MGC4294,99,0.8223631,0.48527970910072327,0.8454106280193237,0.44090177133655395,0.6431561996779388
ATP9A,ATP9A,101,0.82480377,0.49267813563346863,0.8570048309178744,0.4293075684380032,0.6431561996779388
SCAMP3,SCAMP3,95,0.7754774,0.3968718647956848,0.6698872785829307,0.6161030595813205,0.6429951690821256
C3orf33,C3orf33,111,0.69535017,0.28720325231552124,0.4219001610305958,0.863768115942029,0.6428341384863123
PLBD1,PLBD1,108,0.76798373,0.3864085376262665,0.6438003220611916,0.6409017713365539,0.6423510466988728
CCDC26,CCDC26,104,0.80753815,0.45699426531791687,0.7896940418679549,0.4943639291465378,0.6420289855072463
RRS1,RRS1,101,0.81239545,0.4688979387283325,0.8093397745571659,0.4731078904991948,0.6412238325281804
LAMA5,LAMA5,91,0.8249686,0.4956238269805908,0.8586151368760064,0.42318840579710143,0.6409017713365539
DSTNP2,DSTNP2,117,0.6876489,0.2793843746185303,0.4025764895330113,0.8785829307568438,0.6405797101449275
GPR137B,GPR137B,97,0.7641696,0.3845476508140564,0.6344605475040258,0.6454106280193237,0.6399355877616748
SPTSSB,SPTSSB,105,0.8049633,0.45359566807746887,0.7790660225442834,0.500805152979066,0.6399355877616747
RAD54B,RAD54B,102,0.79690325,0.4382494390010834,0.7462157809983897,0.5323671497584541,0.6392914653784219
NLGN1,NLGN1,85,0.6307247,0.20367778837680817,0.29178743961352654,0.9855072463768116,0.6386473429951691
VSIG8,VSIG8,92,0.7473744,0.3627163767814636,0.5752012882447665,0.700805152979066,0.6380032206119162
ATF7IP,ATF7IP,108,0.72570753,0.3332010507583618,0.5085346215780998,0.7671497584541063,0.6378421900161031
MATN2,MATN2,89,0.7821692,0.4167567491531372,0.6953301127214171,0.5800322061191626,0.6376811594202898
RPL30P11,RPL30P11,118,0.69352037,0.2903798222541809,0.41867954911433175,0.8563607085346215,0.6375201288244766
ADCY8,ADCY8,91,0.73813486,0.3508206009864807,0.5442834138486312,0.730756843800322,0.6375201288244766
NID1,NID1,103,0.81871384,0.48424744606018066,0.8302737520128824,0.44380032206119163,0.6370370370370371
TFAP2C,TFAP2C,95,0.7437155,0.3597707152366638,0.5648953301127214,0.7085346215780999,0.6367149758454107
GPR162,GPR162,88,0.6761595,0.2688080966472626,0.37455716586151366,0.8988727858293075,0.6367149758454106
SLC50A1,SLC50A1,111,0.8088297,0.46660274267196655,0.7951690821256039,0.477938808373591,0.6365539452495974
RN7SL194P,RN7SL194P,127,0.774244,0.4014735221862793,0.6660225442834139,0.6067632850241546,0.6363929146537842
PRB2,PRB2,111,0.83572406,0.523484468460083,0.8930756843800322,0.3790660225442834,0.6360708534621577
SCARNA15,SCARNA15|ENSG00000252193.1,90,0.6916754,0.28903982043266296,0.41320450885668275,0.8589371980676328,0.6360708534621577
NPR3,NPR3,104,0.6324679,0.21727262437343597,0.29533011272141707,0.975523349436393,0.635426731078905
RASSF8,RASSF8,94,0.66688854,0.25807589292526245,0.3526570048309179,0.9172302737520129,0.6349436392914654
OR10J4,OR10J4,100,0.7912906,0.43259385228157043,0.7243156199677939,0.5449275362318841,0.634621578099839
GBAS,GBAS,100,0.64731956,0.24217471480369568,0.31851851851851853,0.9500805152979066,0.6342995169082126
LCE1B,LCE1B,114,0.71568155,0.32385706901550293,0.4782608695652174,0.7900161030595814,0.6341384863123993
SNORD59,SNORD59|ENSG00000252682.1,104,0.7740533,0.40461546182632446,0.6644122383252818,0.6028985507246377,0.6336553945249598
TPD52L2,TPD52L2,96,0.72226703,0.3314954340457916,0.4966183574879227,0.770048309178744,0.6333333333333333
GHR,GHR,112,0.635499,0.228744238615036,0.3001610305958132,0.9658615136876006,0.6330112721417069
ZNF607,ZNF607,110,0.66379577,0.25901415944099426,0.3500805152979066,0.9159420289855073,0.6330112721417069
S100A16,S100A16,107,0.7726098,0.4025086462497711,0.6595813204508857,0.605475040257649,0.6325281803542673
RN7SL197P,RN7SL197P,115,0.8122542,0.4778984487056732,0.8083735909822867,0.45539452495974236,0.6318840579710145
VPS28,VPS28,114,0.8234642,0.5009241700172424,0.8505636070853462,0.4128824476650564,0.6317230273752013
PCYT1A,PCYT1A,84,0.7570313,0.3815140128135681,0.6080515297906602,0.6550724637681159,0.6315619967793881
LCE1D,LCE1D,97,0.8176131,0.48770397901535034,0.826731078904992,0.4360708534621578,0.6314009661835749
PLEKHO1,PLEKHO1,121,0.74096143,0.36058858036994934,0.5542673107890499,0.7069243156199678,0.6305958132045089
SNORA31,SNORA31|ENSG00000252852.1,112,0.80985296,0.47467491030693054,0.798389694041868,0.46247987117552336,0.6304347826086957
AHCTF1,AHCTF1,111,0.7513571,0.37434786558151245,0.5867954911433172,0.674074074074074,0.6304347826086956
TSHZ2,TSHZ2,95,0.7829541,0.42328277230262756,0.6972624798711755,0.5632850241545894,0.6302737520128825
PIBF1,PIBF1,102,0.7518411,0.37506455183029175,0.5890499194847021,0.6708534621578099,0.629951690821256
RIPK2,RIPK2,111,0.8084482,0.47241467237472534,0.792914653784219,0.4666666666666667,0.6297906602254428
TERC,TERC,88,0.7914422,0.4373173415660858,0.7246376811594203,0.5349436392914654,0.6297906602254428
ADIG,ADIG,96,0.73359704,0.3517580032348633,0.5304347826086957,0.7278582930756844,0.6291465378421901
RN7SL434P,RN7SL434P,114,0.8127326,0.4818733036518097,0.8099838969404187,0.4466988727858293,0.6283413848631241
C1orf226,C1orf226,108,0.7030735,0.3110109865665436,0.44186795491143316,0.8144927536231884,0.6281803542673108
CHCHD7,CHCHD7,88,0.75550884,0.382607102394104,0.6041867954911433,0.6518518518518519,0.6280193236714976
RNU105C,RNU105C,97,0.8274755,0.5189275741577148,0.8685990338164251,0.38711755233494366,0.6278582930756844
PAK4,PAK4,103,0.6437404,0.2453496754169464,0.3111111111111111,0.9439613526570049,0.627536231884058
TNFRSF1A,TNFRSF1A,103,0.613962,0.16922150552272797,0.25925925925925924,0.9954911433172303,0.6273752012882448
ACTR5,ACTR5,105,0.7004421,0.3093114495277405,0.43381642512077295,0.8209339774557166,0.6273752012882448
TIPARP,TIPARP,89,0.7740759,0.4119705855846405,0.6650563607085346,0.5890499194847021,0.6270531400966184
HRG,HRG,111,0.7604532,0.38979676365852356,0.621256038647343,0.6325281803542673,0.6268921095008051
TBCE,TBCE,89,0.7907045,0.4387551546096802,0.722061191626409,0.5317230273752013,0.6268921095008051
NDUFB9,NDUFB9,107,0.821982,0.5039926171302795,0.8444444444444444,0.4077294685990338,0.6260869565217391
RNF168,RNF168,102,0.8248929,0.5141331553459167,0.8576489533011272,0.394524959742351,0.6260869565217391
KCNB1,KCNB1,104,0.77363956,0.41325509548187256,0.6628019323671498,0.5871175523349437,0.6249597423510467
ATP6V1C1,ATP6V1C1,111,0.8065191,0.4735219180583954,0.7855072463768116,0.4644122383252818,0.6249597423510467
SPSB2,SPSB2,115,0.7486278,0.3752685487270355,0.5790660225442834,0.6702093397745572,0.6246376811594203
TM4SF4,TM4SF4,109,0.8472542,0.562673807144165,0.923671497584541,0.3252818035426731,0.624476650563607
RNA5SP275,RNA5SP275,126,0.77130866,0.4087412357330322,0.6541062801932367,0.5948470209339775,0.624476650563607
RN7SL861P,RN7SL861P,102,0.76216125,0.39416441321372986,0.6254428341384863,0.6231884057971014,0.6243156199677939
LRP6,LRP6,105,0.8006529,0.4610408544540405,0.7632850241545893,0.485024154589372,0.6241545893719807
KCNA1,KCNA1,98,0.78648376,0.43543216586112976,0.7088566827697262,0.5388083735909823,0.6238325281803543
KIAA0907,KIAA0907,106,0.8291158,0.5275064706802368,0.8740740740740741,0.37326892109500803,0.6236714975845411
FAM83H,FAM83H,107,0.77536076,0.41767817735671997,0.6695652173913044,0.5774557165861514,0.6235104669887279
TMEM44,TMEM44,96,0.7624066,0.39535367488861084,0.6267310789049919,0.6199677938808373,0.6233494363929146
RBPJL,RBPJL,111,0.7627397,0.39609479904174805,0.628341384863124,0.6177133655394524,0.6230273752012883
MGST1,MGST1,105,0.7851166,0.4345978796482086,0.7049919484702093,0.5407407407407407,0.622866344605475
SMYD3,SMYD3,90,0.7993111,0.45964452624320984,0.7571658615136876,0.4882447665056361,0.6227053140096619
INTS8,INTS8,112,0.7689747,0.40681523084640503,0.6470209339774557,0.5983896940418679,0.6227053140096619
CHRAC1,CHRAC1,99,0.73912084,0.3640766739845276,0.5475040257648953,0.6979066022544284,0.6227053140096619
SPATC1,SPATC1,107,0.81397724,0.49062949419021606,0.8138486312399356,0.43156199677938806,0.6227053140096618
ZNF334,ZNF334,102,0.75545007,0.38637039065361023,0.6038647342995169,0.6412238325281804,0.6225442834138486
PDE3A,PDE3A,90,0.62718,0.23317082226276398,0.2843800322061192,0.9607085346215781,0.6225442834138486
MAP6D1,MAP6D1,88,0.7717594,0.41300514340400696,0.6573268921095008,0.58743961352657,0.6223832528180354
LPP,LPP,93,0.73750395,0.3624628186225891,0.5420289855072464,0.7017713365539453,0.6219001610305959
NRIP2,NRIP2,69,0.7545947,0.3852054178714752,0.5993558776167471,0.6438003220611916,0.6215780998389694
LGALS7B,LGALS7B,105,0.6628058,0.27122437953948975,0.34814814814814815,0.8943639291465378,0.621256038647343
LINC00861,LINC00861,131,0.6959027,0.31080102920532227,0.4241545893719807,0.8161030595813205,0.6201288244766505
FAM84B,FAM84B,115,0.7364258,0.36283841729164124,0.5384863123993558,0.7004830917874396,0.6194847020933978
ZNF695,ZNF695,103,0.76166874,0.3976980447769165,0.6241545893719807,0.6144927536231884,0.6193236714975845
RXFP3,RXFP3,100,0.78239554,0.43422749638557434,0.6959742351046699,0.5413848631239936,0.6186795491143318
TPM3,TPM3,113,0.7691575,0.41241803765296936,0.647987117552335,0.5887278582930757,0.6183574879227054
MFAP5,MFAP5,95,0.7652151,0.4056510031223297,0.6363929146537842,0.6003220611916265,0.6183574879227054
EIF6,EIF6,116,0.81131345,0.4897857904434204,0.8041867954911434,0.4322061191626409,0.6181964573268921
RNA5SP151,RNA5SP151,112,0.78126425,0.4332466125488281,0.6914653784219001,0.543317230273752,0.6173913043478261
BRD9,BRD9,104,0.75284445,0.3862138092517853,0.5925925925925926,0.6418679549114332,0.6172302737520129
FAM72C,FAM72C,100,0.7115267,0.33420947194099426,0.4689210950080515,0.764573268921095,0.6167471819645732
LINC00885,LINC00885,99,0.823898,0.5226732492446899,0.8521739130434782,0.3813204508856683,0.6167471819645732
MIR548O2,MIR548O2,97,0.7626844,0.4029138386249542,0.6280193236714976,0.6045088566827698,0.6162640901771337
ILF2,ILF2,109,0.76844656,0.41360941529273987,0.6454106280193237,0.5864734299516908,0.6159420289855073
SLA,SLA,107,0.80878764,0.48746782541275024,0.794524959742351,0.43671497584541064,0.6156199677938808
DNAH11,DNAH11,84,0.6903364,0.3090756833553314,0.40837359098228665,0.8219001610305958,0.6151368760064413
GPR149,GPR149,132,0.7357386,0.3655105233192444,0.5365539452495974,0.693719806763285,0.6151368760064413
C3orf79,C3orf79,111,0.7307307,0.3610623776912689,0.5233494363929146,0.706280193236715,0.6148148148148148
NUF2,NUF2,104,0.6838488,0.3023739457130432,0.39420289855072466,0.8344605475040258,0.6143317230273753
CALB1,CALB1,112,0.8185801,0.5115151405334473,0.8293075684380032,0.3987117552334944,0.6140096618357488
MYC,MYC,112,0.7130454,0.3404470980167389,0.47342995169082125,0.75426731078905,0.6138486312399356
ZNFX1,ZNFX1,120,0.79818654,0.4674816429615021,0.7526570048309179,0.4750402576489533,0.6138486312399356
PFDN2,PFDN2,93,0.6351276,0.253812700510025,0.2995169082125604,0.9278582930756843,0.6136876006441223
PHC1,PHC1,113,0.7713674,0.4194827377796173,0.6550724637681159,0.5723027375201288,0.6136876006441223
BTG2,BTG2,113,0.75499177,0.3933514356613159,0.6009661835748792,0.6254428341384863,0.6132045088566828
BICD1,BICD1,115,0.5966865,0.18673233687877655,0.23413848631239936,0.9906602254428342,0.6123993558776167
C8orf76,C8orf76,95,0.79581,0.46221014857292175,0.74170692431562,0.4830917874396135,0.6123993558776167
LRRC15,LRRC15,104,0.7939278,0.45798736810684204,0.7317230273752013,0.4924315619967794,0.6120772946859904
CREBL2,CREBL2,121,0.6759017,0.29403895139694214,0.3739130434782609,0.8502415458937198,0.6120772946859904
RB1CC1,RB1CC1,111,0.7897248,0.4523116648197174,0.7185185185185186,0.5049919484702093,0.6117552334943639
FRG1B,FRG1B,120,0.7713658,0.42161500453948975,0.6547504025764895,0.5674718196457327,0.6111111111111112
PGLYRP3,PGLYRP3,105,0.7114303,0.3407066762447357,0.4682769726247987,0.7539452495974235,0.6111111111111112
TAS2R1,TAS2R1,110,0.6423641,0.26110753417015076,0.3088566827697262,0.9130434782608695,0.6109500805152979
ZDHHC19,ZDHHC19,116,0.8693121,0.6347236037254333,0.9648953301127214,0.2570048309178744,0.6109500805152979
S100A14,S100A14,99,0.8040391,0.48215121030807495,0.77487922705314,0.4463768115942029,0.6106280193236715
ETV6,ETV6,82,0.7957567,0.46446171402931213,0.7410628019323672,0.4801932367149758,0.6106280193236715
RYR1,RYR1,103,0.6199561,0.24186593294143677,0.2689210950080515,0.9507246376811594,0.6098228663446055
NANOGNB,NANOGNB,97,0.82827014,0.5445959568023682,0.8718196457326892,0.34782608695652173,0.6098228663446055
RN7SL261P,RN7SL261P,96,0.6563949,0.27609482407569885,0.3355877616747182,0.88341384863124,0.6095008051529791
USP5,USP5,114,0.68116665,0.3044949173927307,0.3884057971014493,0.8299516908212561,0.6091787439613527
POU5F1B,POU5F1B,115,0.71317804,0.3448117673397064,0.47375201288244767,0.7446054750402576,0.6091787439613526
LCE3B,LCE3B,121,0.77807146,0.4364891052246094,0.6814814814814815,0.5365539452495974,0.6090177133655394
EMILIN3,EMILIN3,96,0.751049,0.3894384801387787,0.5851851851851851,0.6328502415458938,0.6090177133655394
FCER1G,FCER1G,109,0.7516779,0.3912397623062134,0.5877616747181964,0.629951690821256,0.6088566827697262
SLPI,SLPI,107,0.7409797,0.377972811460495,0.5549114331723027,0.6624798711755233,0.6086956521739131
CLEC1B,CLEC1B,99,0.66249084,0.2836489975452423,0.34718196457326894,0.869243156199678,0.6082125603864734
GSDMD,GSDMD,116,0.7595146,0.40674176812171936,0.6173913043478261,0.5987117552334944,0.6080515297906602
DESI2,DESI2,113,0.724338,0.35885119438171387,0.5037037037037037,0.7120772946859903,0.6078904991948471
RNA5SP273,RNA5SP273,111,0.6997569,0.3273533880710602,0.4322061191626409,0.7829307568438003,0.6075684380032206
C1orf110,C1orf110,115,0.6788112,0.3032146394252777,0.3813204508856683,0.8334943639291466,0.6074074074074074
TMEM65,TMEM65,114,0.74539644,0.38455769419670105,0.5687600644122384,0.6450885668276972,0.6069243156199677
SLC30A8,SLC30A8,108,0.7049759,0.3329806923866272,0.44605475040257647,0.7674718196457327,0.6067632850241547
SNORD88,SNORD88,140,0.70832735,0.33837488293647766,0.45539452495974236,0.7578099838969404,0.6066022544283414
CLDN1,CLDN1,117,0.8398388,0.5809410214424133,0.9082125603864735,0.30499194847020933,0.6066022544283414
MIR548AA1,MIR548AA1,109,0.7503014,0.3915082812309265,0.5835748792270531,0.6289855072463768,0.606280193236715
RNA5SP265,RNA5SP265,120,0.82243776,0.5315200686454773,0.8460547504025765,0.36650563607085346,0.606280193236715
RHPN1,RHPN1,120,0.76767594,0.4210628271102905,0.6428341384863124,0.5690821256038647,0.6059581320450886
DNM3,DNM3,112,0.67880404,0.3038959503173828,0.3809983896940419,0.8309178743961353,0.6059581320450886
MRPS30,MRPS30,100,0.67952245,0.30534911155700684,0.3832528180354267,0.8286634460547504,0.6059581320450885
CHRM3,CHRM3,102,0.79529077,0.4683450758457184,0.7378421900161031,0.47375201288244767,0.6057971014492753
FMO9P,FMO9P,117,0.70057184,0.3295132517814636,0.4341384863123994,0.7761674718196457,0.6051529790660226
PMEPA1,PMEPA1,100,0.73404396,0.37254011631011963,0.5317230273752013,0.6782608695652174,0.6049919484702093
COL14A1,COL14A1,109,0.8068383,0.49581751227378845,0.7871175523349436,0.42254428341384864,0.6048309178743961
CDC42SE1,CDC42SE1,105,0.6900402,0.31789085268974304,0.407085346215781,0.8022544283413848,0.604669887278583
NECAB3,NECAB3,101,0.6505805,0.27523311972618103,0.3243156199677939,0.885024154589372,0.604669887278583
RAB25,RAB25,123,0.7351874,0.3745993971824646,0.534621578099839,0.6727858293075685,0.6037037037037037
WWTR1,WWTR1,119,0.7536424,0.39966291189193726,0.5964573268921095,0.6109500805152979,0.6037037037037036
SKP2,SKP2,105,0.73589927,0.3755209743976593,0.5371980676328503,0.6698872785829307,0.6035426731078906
MTRR,MTRR,110,0.719315,0.3573148548603058,0.48985507246376814,0.7162640901771337,0.6030595813204509
CLEC9A,CLEC9A,102,0.7049402,0.3370998501777649,0.4457326892109501,0.7600644122383253,0.6028985507246377
ST8SIA1,ST8SIA1,93,0.7856802,0.4545725882053375,0.7072463768115942,0.49822866344605476,0.6027375201288245
SELV,SELV,119,0.594061,0.21864444017410278,0.23091787439613526,0.9742351046698873,0.6025764895330112
UBE2Q1,UBE2Q1,103,0.7510983,0.39587509632110596,0.5861513687600645,0.6183574879227053,0.6022544283413849
IFT80,IFT80,109,0.73653305,0.3772088289260864,0.5391304347826087,0.665378421900161,0.6022544283413849
ARHGAP39,ARHGAP39,97,0.7704951,0.42873913049697876,0.6518518518518519,0.5526570048309178,0.6022544283413849
HM13,HM13,102,0.678306,0.3078025281429291,0.37874396135265703,0.8247987117552334,0.6017713365539452
TCEA2,TCEA2,91,0.76805526,0.4256535768508911,0.6444444444444445,0.5578099838969404,0.6011272141706925
LAMP3,LAMP3,119,0.7825158,0.45223742723464966,0.6962962962962963,0.5059581320450885,0.6011272141706925
MIR4755,MIR4755,110,0.77715904,0.44404837489128113,0.6776167471819645,0.5243156199677939,0.6009661835748792
CYP7B1,CYP7B1,113,0.6961464,0.3293600082397461,0.4247987117552335,0.777133655394525,0.6009661835748792
FAM66C,FAM66C,102,0.7532484,0.40264469385147095,0.5945249597423511,0.6051529790660225,0.5998389694041868
MAFA,MAFA,98,0.73255485,0.37498438358306885,0.5278582930756843,0.6711755233494364,0.5995169082125604
LY6E,LY6E,102,0.76734877,0.4261515140533447,0.6421900161030596,0.5565217391304348,0.5993558776167471
TEAD4,TEAD4,103,0.7095655,0.34758898615837097,0.46119162640901773,0.7371980676328502,0.599194847020934
FXYD7,FXYD7,100,0.8063252,0.5006040930747986,0.784219001610306,0.4138486312399356,0.5990338164251208
HSF1,HSF1,109,0.7721346,0.43486952781677246,0.6579710144927536,0.5397745571658615,0.5988727858293076
SNORA26,SNORA26|ENSG00000212224.1,104,0.7957062,0.47761300206184387,0.7404186795491143,0.45603864734299515,0.5982286634460547
CEBPD,CEBPD,87,0.7079868,0.3457094728946686,0.45410628019323673,0.7420289855072464,0.5980676328502416
SNORA75,SNORA75|ENSG00000212440.1,112,0.69574744,0.3303739130496979,0.42318840579710143,0.7726247987117553,0.5979066022544284
RNA5SP146,RNA5SP146,94,0.77483875,0.4415947198867798,0.6676328502415458,0.5272141706924316,0.5974235104669887
HTR3C,HTR3C,100,0.669919,0.30113857984542847,0.357487922705314,0.8363929146537842,0.5969404186795491
MIR569,MIR569,114,0.78130126,0.45339855551719666,0.692109500805153,0.5017713365539452,0.5969404186795491
MAF1,MAF1,97,0.69877225,0.33466461300849915,0.4289855072463768,0.7639291465378422,0.5964573268921095
VEPH1,VEPH1,111,0.76217586,0.4219077527523041,0.6257648953301127,0.5665056360708535,0.596135265700483
LCE1A,LCE1A,93,0.78687745,0.46445679664611816,0.7107890499194847,0.48051529790660225,0.5956521739130435
SLAMF7,SLAMF7,106,0.67875737,0.31356102228164673,0.38067632850241545,0.8099838969404187,0.5953301127214171
MIR3650,MIR3650,106,0.6727845,0.307840496301651,0.36618357487922704,0.8244766505636071,0.595330112721417
PFN2,PFN2,90,0.8410047,0.6075451374053955,0.909500805152979,0.28083735909822866,0.5951690821256038
S100A7A,S100A7A,121,0.72349465,0.36827871203422546,0.5011272141706924,0.6885668276972625,0.5948470209339775
SDCBP,SDCBP,105,0.81663746,0.531843364238739,0.8235104669887279,0.36586151368760067,0.5946859903381643
RN7SL431P,RN7SL431P,105,0.74435014,0.3947584927082062,0.5661835748792271,0.621256038647343,0.5937198067632851
ST6GAL1,ST6GAL1,108,0.79248595,0.4765035808086395,0.7278582930756844,0.4576489533011272,0.5927536231884059
UBE2W,UBE2W,93,0.7951876,0.48136410117149353,0.7375201288244766,0.44798711755233495,0.5927536231884057
CYP24A1,CYP24A1,85,0.7531695,0.41128993034362793,0.5938808373590982,0.5909822866344605,0.5924315619967794
GPRC5A,GPRC5A,97,0.74581194,0.3973098695278168,0.5694041867954911,0.6154589371980677,0.5924315619967794
PRDM14,PRDM14,101,0.8268198,0.5692735314369202,0.8673107890499195,0.31755233494363927,0.5924315619967794
CLEC4A,CLEC4A,97,0.7519032,0.4085771143436432,0.5896940418679549,0.5951690821256038,0.5924315619967794
SLC35C2,SLC35C2,88,0.7629373,0.4277205467224121,0.6296296296296297,0.5533011272141707,0.5914653784219002
ATP6V1H,ATP6V1H,110,0.63660514,0.27728471159935,0.300805152979066,0.8821256038647343,0.5914653784219002
SCRT1,SCRT1,86,0.725419,0.3740159869194031,0.5069243156199678,0.6753623188405797,0.5911433172302738
RBP5,RBP5,98,0.77481,0.44941073656082153,0.6669887278582931,0.5143317230273752,0.5906602254428341
LCE5A,LCE5A,86,0.6810888,0.3220519721508026,0.38776167471819645,0.7925925925925926,0.5901771336553945
LPAR5,LPAR5,99,0.76744014,0.4358290135860443,0.642512077294686,0.5375201288244766,0.5900161030595813
AKT3,AKT3,106,0.78473103,0.46704038977622986,0.702415458937198,0.4769726247987118,0.5896940418679549
MUC1,MUC1,91,0.6615025,0.3034094274044037,0.3458937198067633,0.8328502415458937,0.5893719806763285
PUF60,PUF60,97,0.79011923,0.4762512147426605,0.7198067632850241,0.45829307568438005,0.5890499194847021
CTHRC1,CTHRC1,109,0.78194183,0.46171998977661133,0.6940418679549114,0.48373590982286635,0.5888888888888889
THEM5,THEM5,106,0.7542079,0.4171546697616577,0.5980676328502416,0.578743961352657,0.5884057971014494
C8orf44,C8orf44,106,0.7705855,0.444681853055954,0.6521739130434783,0.5233494363929146,0.5877616747181964
ZBTB18,ZBTB18,103,0.77821404,0.45711609721183777,0.6821256038647343,0.4930756843800322,0.5876006441223832
EIF2S2,EIF2S2,113,0.7164052,0.3662596046924591,0.48148148148148145,0.6924315619967794,0.5869565217391304
DNM3OS,DNM3OS,100,0.81104827,0.5297940373420715,0.8035426731078905,0.370048309178744,0.5867954911433173
NTF3,NTF3,96,0.7023419,0.3497830629348755,0.43993558776167474,0.7333333333333333,0.586634460547504
CPA3,CPA3,117,0.7315616,0.38348478078842163,0.5256038647342995,0.6476650563607085,0.586634460547504
EFCAB4B,EFCAB4B,98,0.7849021,0.4716138243675232,0.7043478260869566,0.46859903381642515,0.5864734299516908
METTL20,METTL20,107,0.79002666,0.4787246584892273,0.7194847020933978,0.4528180354267311,0.5861513687600645
CCT2,CCT2,109,0.57674456,0.22816845774650574,0.20547504025764896,0.9665056360708535,0.5859903381642513
RNA5SP271,RNA5SP271,122,0.82460546,0.5698041319847107,0.8553945249597423,0.31658615136876006,0.5859903381642512
MIR720,MIR720,107,0.7563663,0.4219568967819214,0.6057971014492753,0.5658615136876006,0.585829307568438
TAS2R8,TAS2R8,110,0.80232936,0.5094183087348938,0.7687600644122383,0.40225442834138486,0.5855072463768116
TMEM189,TMEM189,88,0.77456164,0.45261088013648987,0.6663446054750403,0.5043478260869565,0.5853462157809983
LRRCC1,LRRCC1,116,0.82897997,0.5921108722686768,0.8737520128824476,0.2959742351046699,0.5848631239935588
MRGBP,MRGBP,113,0.7350763,0.3886250853538513,0.5342995169082125,0.6351046698872785,0.5847020933977456
LINC00612,LINC00612,88,0.74841034,0.4107406437397003,0.5774557165861514,0.5916264090177134,0.5845410628019323
LIX1L,LIX1L,110,0.6952996,0.3442416489124298,0.4215780998389694,0.7462157809983897,0.5838969404186796
C3orf65,C3orf65,111,0.73303014,0.3879564702510834,0.5288244766505636,0.6383252818035426,0.5835748792270532
GBA,GBA,106,0.78986734,0.48115500807762146,0.7188405797101449,0.44830917874396137,0.5835748792270532
GOLPH3,GOLPH3,121,0.73936623,0.39598631858825684,0.5484702093397745,0.6180354267310789,0.5832528180354267
HPS3,HPS3,108,0.65486324,0.30309221148490906,0.3320450885668277,0.8338164251207729,0.5829307568438002
UBE2V2,UBE2V2,108,0.74127346,0.40053409337997437,0.5561996779388084,0.6093397745571658,0.5827697262479872
RSPO2,RSPO2,114,0.7812677,0.46859514713287354,0.6917874396135266,0.47342995169082125,0.5826086956521739
CASQ1,CASQ1,94,0.6893216,0.3377203643321991,0.4057971014492754,0.7594202898550725,0.5826086956521739
EPB41L1,EPB41L1,108,0.8443172,0.6457858085632324,0.9162640901771336,0.24702093397745573,0.5816425120772947
FAM209B,FAM209B,104,0.7314523,0.38809460401535034,0.5252818035426731,0.6373590982286634,0.5813204508856682
FAM83D,FAM83D,94,0.8011362,0.5126705169677734,0.7655394524959742,0.3967793880837359,0.5811594202898551
MMP24,MMP24,117,0.8056817,0.522746741771698,0.7813204508856683,0.3809983896940419,0.5811594202898551
FAM209A,FAM209A,103,0.72676903,0.383002907037735,0.5114331723027375,0.6505636070853462,0.5809983896940418
SOX13,SOX13,116,0.7777495,0.46348071098327637,0.6801932367149759,0.48148148148148145,0.5808373590982286
POLR2H,POLR2H,103,0.75324035,0.42166393995285034,0.5942028985507246,0.5671497584541063,0.5806763285024155
BCL2L1,BCL2L1,92,0.7575268,0.4300391972064972,0.6096618357487923,0.5500805152979066,0.5798711755233494
RERG,RERG,109,0.80787945,0.53077632188797,0.7909822866344606,0.3677938808373591,0.5793880837359098
DSTYK,DSTYK,119,0.7392971,0.39985984563827515,0.5481481481481482,0.6096618357487923,0.5789049919484702
WDR64,WDR64,104,0.70417887,0.3582819402217865,0.44380032206119163,0.7136876006441224,0.578743961352657
CA14,CA14,107,0.74508566,0.4117724299430847,0.5681159420289855,0.5893719806763285,0.578743961352657
S100A12,S100A12,118,0.769264,0.4513159394264221,0.6483091787439613,0.5088566827697263,0.5785829307568437
ZNF623,ZNF623,117,0.8091218,0.5346060991287231,0.7964573268921095,0.3607085346215781,0.5785829307568437
ADAM15,ADAM15,111,0.70124435,0.35459744930267334,0.4360708534621578,0.7210950080515298,0.5785829307568437
WBP11,WBP11,110,0.69274145,0.3462337851524353,0.41545893719806765,0.7413848631239935,0.5784219001610306
LINC00969,LINC00969,90,0.6715693,0.3214263916015625,0.3616747181964573,0.7948470209339774,0.5782608695652174
DEFB115,DEFB115,92,0.7262449,0.3847625255584717,0.5107890499194847,0.6444444444444445,0.5776167471819647
PIP5K1A,PIP5K1A,88,0.68519735,0.33812597393989563,0.3967793880837359,0.7584541062801933,0.5776167471819647
ZNF780B,ZNF780B,101,0.64558214,0.29906678199768066,0.3143317230273752,0.8405797101449275,0.5774557165861514
TMOD4,TMOD4,93,0.78697795,0.48461002111434937,0.7114331723027375,0.4428341384863124,0.577133655394525
CHD7,CHD7,97,0.7603682,0.43823254108428955,0.6206119162640902,0.5326892109500805,0.5766505636070853
MIR4758,MIR4758,105,0.7354407,0.3963553309440613,0.5349436392914654,0.6173913043478261,0.5761674718196457
TAF4,TAF4,118,0.7912253,0.49320024251937866,0.7239935587761674,0.428341384863124,0.5761674718196457
PI15,PI15,96,0.6994489,0.3548823893070221,0.4318840579710145,0.7194847020933978,0.5756843800322061
MRPS28,MRPS28,111,0.7387845,0.4042533040046692,0.5458937198067633,0.6035426731078904,0.5747181964573269
RN7SL38P,RN7SL38P,86,0.750687,0.42299723625183105,0.5845410628019324,0.564573268921095,0.5745571658615137
FAM86FP,FAM86FP,103,0.83475065,0.6339571475982666,0.8908212560386474,0.2579710144927536,0.5743961352657005
LGALS13,LGALS13,92,0.52863985,0.1595238298177719,0.15104669887278582,0.9974235104669887,0.5742351046698873
SPATA2,SPATA2,116,0.7652825,0.4508909285068512,0.6370370370370371,0.5104669887278583,0.5737520128824477
TNFAIP8L2,TNFAIP8L2,116,0.7632575,0.44812706112861633,0.6315619967793881,0.5159420289855072,0.5737520128824476
PPP1R16B,PPP1R16B,115,0.791839,0.49625301361083984,0.7256038647342995,0.4209339774557166,0.573268921095008
IMPA1,IMPA1,121,0.6931643,0.351414293050766,0.4177133655394525,0.7285024154589372,0.5731078904991949
GMPS,GMPS,103,0.75433373,0.4314671754837036,0.5983896940418679,0.547181964573269,0.5727858293075685
DHX36,DHX36,114,0.79529643,0.5040221810340881,0.7381642512077294,0.4074074074074074,0.5727858293075684
PLCG1,PLCG1,128,0.76885056,0.4543554186820984,0.6466988727858293,0.49887278582930755,0.5727858293075684
RECQL4,RECQL4,111,0.7389774,0.4068986475467682,0.5468599033816425,0.5980676328502416,0.572463768115942
BDH1,BDH1,106,0.796373,0.5110923647880554,0.7442834138486313,0.4006441223832528,0.572463768115942
CNTD2,CNTD2,84,0.5905167,0.2577213644981384,0.22608695652173913,0.9185185185185185,0.5723027375201288
SKIL,SKIL,97,0.70255554,0.361575186252594,0.4405797101449275,0.7037037037037037,0.5721417069243157
EMG1,EMG1,84,0.7103607,0.37240490317344666,0.4650563607085346,0.6792270531400966,0.5721417069243155
RNA5SP62,RNA5SP62,97,0.6715558,0.3277257978916168,0.36135265700483093,0.7816425120772947,0.5714975845410628
KLRAP1,KLRAP1,110,0.6575238,0.3160194456577301,0.33752012882447663,0.8048309178743961,0.5711755233494363
RIT1,RIT1,102,0.7155063,0.3777485191822052,0.477938808373591,0.6640901771336554,0.5710144927536231
C3orf55,C3orf55,118,0.8078609,0.5417944192886353,0.7906602254428341,0.35136876006441226,0.5710144927536231
DEFB105A,DEFB105A,90,0.7668351,0.4539296329021454,0.6412238325281804,0.5001610305958132,0.5706924315619968
APCS,APCS,99,0.76580465,0.45292940735816956,0.6383252818035426,0.5027375201288244,0.5705314009661835
PPP1R16A,PPP1R16A,106,0.788103,0.4934312403202057,0.7136876006441224,0.42673107890499196,0.5702093397745571
LINC00651,LINC00651,100,0.6852959,0.3450990319252014,0.39710144927536234,0.743317230273752,0.5702093397745571
RN7SL600P,RN7SL600P,118,0.74303,0.41773077845573425,0.5632850241545894,0.5768115942028985,0.5700483091787439
TOX,TOX,105,0.8108137,0.550859808921814,0.8006441223832528,0.33880837359098226,0.5697262479871175
LINC00029,LINC00029,91,0.74848425,0.4241121709346771,0.5777777777777777,0.5610305958132045,0.5694041867954911
FAM92A1,FAM92A1,118,0.77893573,0.47848960757255554,0.6840579710144927,0.4534621578099839,0.5687600644122384
PDP1,PDP1,118,0.80435246,0.5351455211639404,0.7764895330112721,0.3600644122383253,0.5682769726247987
PPP1R2,PPP1R2,114,0.7100783,0.3748988211154938,0.463768115942029,0.6718196457326893,0.5677938808373592
YEATS2,YEATS2,86,0.70878756,0.37257102131843567,0.4576489533011272,0.677938808373591,0.567793880837359
MIR1273A,MIR1273A,91,0.7183666,0.3834032714366913,0.4872785829307568,0.647987117552335,0.5676328502415459
MASP1,MASP1,120,0.73379856,0.4039906859397888,0.5310789049919484,0.6038647342995169,0.5674718196457327
PIGT,PIGT,115,0.7529603,0.43401068449020386,0.592914653784219,0.5420289855072464,0.5674718196457327
GOLT1A,GOLT1A,129,0.7060098,0.3692881166934967,0.4486312399355878,0.6856682769726248,0.5671497584541063
RSRC1,RSRC1,94,0.7981665,0.5226621627807617,0.7523349436392914,0.38164251207729466,0.566988727858293
EEF1D,EEF1D,113,0.690688,0.35319676995277405,0.4099838969404187,0.7236714975845411,0.56682769726248
ADRM1,ADRM1,123,0.7139774,0.37990447878837585,0.4747181964573269,0.6586151368760065,0.5666666666666667
LYNX1,LYNX1,103,0.70673585,0.3701499402523041,0.4492753623188406,0.6827697262479872,0.5660225442834139
TM4SF1,TM4SF1,94,0.7901774,0.5018275380134583,0.7201288244766506,0.4115942028985507,0.5658615136876006
OAZ3,OAZ3,110,0.76333576,0.4541068971157074,0.6318840579710145,0.4995169082125604,0.5657004830917874
MIR614,MIR614,85,0.6549745,0.320117712020874,0.33301127214170695,0.7967793880837359,0.5648953301127214
GDNF,GDNF,78,0.70965225,0.37603363394737244,0.4618357487922705,0.6676328502415458,0.5647342995169082
MTG2,MTG2,103,0.62438583,0.2937965393066406,0.2782608695652174,0.8505636070853462,0.5644122383252818
C8orf17,C8orf17,84,0.6798948,0.3454311192035675,0.3851851851851852,0.7429951690821256,0.5640901771336554
SNORD36,SNORD36|ENSG00000252227.1,112,0.77318287,0.4727828800678253,0.6611916264090177,0.46634460547504025,0.563768115942029
E2F5,E2F5,118,0.7713878,0.47016817331314087,0.6557165861513687,0.4714975845410628,0.5636070853462157
ZNF707,ZNF707,107,0.78164846,0.48920804262161255,0.6930756843800322,0.43381642512077295,0.5634460547504025
FGF23,FGF23,123,0.7163308,0.38437819480895996,0.48083735909822867,0.6460547504025765,0.5634460547504025
ENY2,ENY2,121,0.72595954,0.39697036147117615,0.5101449275362319,0.615780998389694,0.5629629629629629
RPL8,RPL8,86,0.7268586,0.3982447385787964,0.5117552334943639,0.6135265700483091,0.5626409017713365
LINC00588,LINC00588,101,0.7798792,0.48648491501808167,0.686634460547504,0.43800322061191627,0.5623188405797102
PTMS,PTMS,112,0.7603721,0.45278093218803406,0.6209339774557165,0.5037037037037037,0.5623188405797102
REN,REN,91,0.7875884,0.5023428797721863,0.7127214170692432,0.41127214170692433,0.5619967793880838
FER1L4,FER1L4,105,0.7262151,0.39826926589012146,0.5104669887278583,0.6132045088566828,0.5618357487922705
C8orf31,C8orf31,95,0.7116578,0.38169869780540466,0.46956521739130436,0.6541062801932367,0.5618357487922705
ATF6,ATF6,97,0.67348474,0.3401851952075958,0.36843800322061193,0.7552334943639292,0.5618357487922705
ZNF341,ZNF341,118,0.7457792,0.4275553822517395,0.5690821256038647,0.5542673107890499,0.5616747181964573
XKR7,XKR7,105,0.8143783,0.5787215232849121,0.8154589371980676,0.3075684380032206,0.5615136876006441
LRRD1,LRRD1,95,0.63424057,0.3081483244895935,0.2975845410628019,0.8241545893719807,0.5608695652173913
ROPN1L,ROPN1L,95,0.6418245,0.31096142530441284,0.3069243156199678,0.8148148148148148,0.5608695652173913
RNA5SP485,RNA5SP485,116,0.64351445,0.31337717175483704,0.3104669887278583,0.8103059581320451,0.5603864734299517
HIST2H2AA4,HIST2H2AA4,98,0.7067995,0.37560567259788513,0.4502415458937198,0.6695652173913044,0.5599033816425121
CAPSL,CAPSL,99,0.66287696,0.33109837770462036,0.3484702093397746,0.7713365539452496,0.5599033816425121
ZNF687,ZNF687,98,0.76159406,0.4556520879268646,0.6238325281803543,0.49597423510466987,0.5599033816425121
PYCRL,PYCRL,115,0.789069,0.5094934701919556,0.7159420289855073,0.40193236714975844,0.5589371980676329
SHARPIN,SHARPIN,89,0.77339065,0.47766736149787903,0.662157809983897,0.4557165861513688,0.5589371980676329
KPNA4,KPNA4,102,0.7594808,0.45346036553382874,0.6167471819645732,0.5011272141706924,0.5589371980676328
MAEL,MAEL,114,0.71625257,0.38799914717674255,0.47987117552334946,0.6376811594202898,0.5587761674718197
SNAI2,SNAI2,96,0.71655816,0.3886777460575104,0.4821256038647343,0.6347826086956522,0.5584541062801932
HSD17B7,HSD17B7,101,0.70932734,0.38122448325157166,0.4599033816425121,0.6557165861513687,0.5578099838969404
PIGZ,PIGZ,112,0.6960529,0.36710572242736816,0.42447665056360706,0.6908212560386473,0.5576489533011272
PDE4DIP,PDE4DIP,126,0.68195295,0.35319018363952637,0.39066022544283413,0.7239935587761674,0.5573268921095008
GPR87,GPR87,100,0.7938116,0.5214930176734924,0.7310789049919485,0.38293075684380035,0.5570048309178744
MIR939,MIR939,107,0.73354477,0.4145320951938629,0.5301127214170692,0.5835748792270531,0.5568438003220612
ZNF706,ZNF706,108,0.7974419,0.5327826142311096,0.7494363929146538,0.3636070853462158,0.5565217391304348
DPM1,DPM1,109,0.7800052,0.49500754475593567,0.6872785829307568,0.4254428341384863,0.5563607085346216
NNAT,NNAT,123,0.7749566,0.4850776791572571,0.6685990338164252,0.44154589371980674,0.5550724637681159
RNA5SP481,RNA5SP481,98,0.6858813,0.3591662049293518,0.39903381642512076,0.7107890499194847,0.5549114331723027
MTDH,MTDH,120,0.8077017,0.5678817629814148,0.7900161030595814,0.3191626409017713,0.5545893719806764
MROH2B,MROH2B,101,0.806274,0.5628419518470764,0.7838969404186795,0.3249597423510467,0.5544283413848631
ZNF670,ZNF670,98,0.7149634,0.3900177478790283,0.47632850241545893,0.6322061191626409,0.5542673107890499
RBM34,RBM34,85,0.77402794,0.484169602394104,0.6640901771336554,0.44412238325281805,0.5541062801932367
MIR3686,MIR3686,110,0.72412425,0.40233588218688965,0.5024154589371981,0.6057971014492753,0.5541062801932367
CPSF1,CPSF1,98,0.77309024,0.48143452405929565,0.6605475040257649,0.4473429951690821,0.5539452495974235
SNAI1,SNAI1,110,0.8260066,0.6528870463371277,0.8634460547504026,0.24186795491143318,0.5526570048309178
FAM91A1,FAM91A1,95,0.7380743,0.42420369386672974,0.5436392914653784,0.5607085346215781,0.5521739130434782
C5orf34,C5orf34,86,0.63968897,0.3196438252925873,0.30563607085346217,0.7980676328502415,0.5518518518518518
UCK2,UCK2,118,0.735442,0.4213832914829254,0.5352657004830917,0.5681159420289855,0.5516908212560386
C2CD4D,C2CD4D,97,0.79799694,0.5411138534545898,0.7510466988727859,0.3516908212560386,0.5513687600644123
IL12A,IL12A,103,0.7378168,0.42467987537384033,0.5426731078904992,0.5600644122383253,0.5513687600644122
MIR580,MIR580,106,0.63785684,0.3194717466831207,0.30241545893719807,0.7987117552334944,0.5505636070853462
VCPIP1,VCPIP1,107,0.6908379,0.36782151460647583,0.4109500805152979,0.6901771336553946,0.5505636070853462
HEATR1,HEATR1,104,0.76643616,0.47530466318130493,0.6399355877616747,0.4605475040257649,0.5502415458937198
RN7SL67P,RN7SL67P,99,0.6268701,0.3106883466243744,0.28373590982286634,0.8164251207729468,0.5500805152979066
GABPB2,GABPB2,109,0.83103395,0.6846155524253845,0.8824476650563607,0.2170692431561997,0.5497584541062802
NANOG,NANOG,105,0.64861304,0.32867297530174255,0.32045088566827695,0.7790660225442834,0.5497584541062801
ARNT,ARNT,107,0.7050042,0.38222211599349976,0.4463768115942029,0.6528180354267311,0.549597423510467
PVT1,PVT1,101,0.6143143,0.30051350593566895,0.2599033816425121,0.8376811594202899,0.548792270531401
ITCH,ITCH,104,0.6923152,0.3701203465461731,0.4144927536231884,0.6830917874396135,0.548792270531401
LMLN,LMLN,98,0.7769142,0.49773430824279785,0.6763285024154589,0.41964573268921096,0.547987117552335
S100A5,S100A5,96,0.7799845,0.5038440823554993,0.6869565217391305,0.40869565217391307,0.5478260869565218
TOMM20,TOMM20,120,0.68387055,0.3626488745212555,0.394524959742351,0.7011272141706925,0.5478260869565217
CNBD1,CNBD1,114,0.76226217,0.4714527130126953,0.6260869565217392,0.46924315619967794,0.5476650563607086
MIR4789,MIR4789,105,0.7634573,0.47433748841285706,0.6322061191626409,0.46312399355877615,0.5476650563607085
VAMP1,VAMP1,99,0.81089705,0.5955233573913574,0.8019323671497585,0.2924315619967794,0.547181964573269
UAP1,UAP1,87,0.6801154,0.36098185181617737,0.3855072463768116,0.7066022544283413,0.5460547504025764
RUNX1T1,RUNX1T1,78,0.7196872,0.40570205450057983,0.49178743961352656,0.6,0.5458937198067633
DLL3,DLL3,98,0.6539929,0.3365926146507263,0.33075684380032205,0.7610305958132045,0.5458937198067633
CNBD2,CNBD2,101,0.7076903,0.38783231377601624,0.4528180354267311,0.6386473429951691,0.5457326892109501
EBAG9,EBAG9,89,0.7518218,0.45289936661720276,0.5884057971014492,0.5030595813204509,0.5457326892109501
KRTCAP2,KRTCAP2,106,0.77242,0.4897814691066742,0.6586151368760065,0.4325281803542673,0.5455716586151369
FAM83C,FAM83C,99,0.76778466,0.48139140009880066,0.6431561996779388,0.4476650563607085,0.5454106280193236
PARP10,PARP10,93,0.70284647,0.3833249509334564,0.44122383252818037,0.6486312399355878,0.5449275362318841
SCAND1,SCAND1,103,0.72219425,0.4100848436355591,0.49597423510466987,0.5932367149758454,0.5446054750402576
FABP12,FABP12,93,0.8242141,0.6643452644348145,0.8541062801932368,0.23413848631239936,0.544122383252818
RN7SKP33,RN7SKP33,89,0.70864,0.3901738226413727,0.4563607085346216,0.6318840579710145,0.544122383252818
CDH17,CDH17,86,0.6898861,0.3720761835575104,0.4067632850241546,0.6801932367149759,0.5434782608695652
C20orf197,C20orf197,118,0.8037325,0.5733586549758911,0.7739130434782608,0.31272141706924317,0.543317230273752
RBL1,RBL1,91,0.64370495,0.3297663629055023,0.3107890499194847,0.7752012882447665,0.5429951690821256
LBP,LBP,111,0.6720241,0.3539779484272003,0.3639291465378422,0.7217391304347827,0.5428341384863125
RBBP5,RBBP5,118,0.71883285,0.40806177258491516,0.4888888888888889,0.5958132045088567,0.5423510466988728
TTI1,TTI1,88,0.7331659,0.427691251039505,0.52914653784219,0.553623188405797,0.5413848631239935
PCP4L1,PCP4L1,109,0.7583654,0.4709153175354004,0.6125603864734299,0.4698872785829308,0.5412238325281804
NIT1,NIT1,88,0.79344815,0.5407758951187134,0.7294685990338164,0.35233494363929146,0.5409017713365539
IRX1,IRX1,93,0.7254625,0.41914236545562744,0.5075684380032206,0.5739130434782609,0.5407407407407407
PIGM,PIGM,127,0.73051727,0.42651769518852234,0.5223832528180354,0.555877616747182,0.5391304347826087
LINC00987,LINC00987,93,0.70191866,0.3867871165275574,0.43800322061191627,0.6402576489533012,0.5391304347826087
CD40,CD40,110,0.76728445,0.48866456747055054,0.6418679549114332,0.435426731078905,0.5386473429951691
C20ORF135,C20ORF135,92,0.82162815,0.6649956107139587,0.8434782608695652,0.23381642512077294,0.538647342995169
LINC00964,LINC00964,108,0.7867293,0.530971109867096,0.7098228663446055,0.3671497584541063,0.5384863123993558
RPL22L1,RPL22L1,100,0.6135479,0.3103410601615906,0.25861513687600646,0.8173913043478261,0.5380032206119163
TAS2R50,TAS2R50,112,0.7989928,0.5674158930778503,0.7549114331723027,0.32045088566827695,0.5376811594202898
ADHFE1,ADHFE1,117,0.77605265,0.508788526058197,0.672463768115942,0.4028985507246377,0.5376811594202898
RN7SL228P,RN7SL228P,125,0.6854279,0.3726227879524231,0.3977455716586151,0.6776167471819645,0.5376811594202898
C5orf38,C5orf38,87,0.56277925,0.27351075410842896,0.18743961352657004,0.8869565217391304,0.5371980676328503
TRIM46,TRIM46,104,0.7611981,0.47930923104286194,0.6231884057971014,0.45120772946859905,0.5371980676328503
SYCN,SYCN,111,0.6777789,0.36443662643432617,0.37745571658615135,0.6966183574879227,0.537037037037037
LINC00176,LINC00176,113,0.7302854,0.4290912449359894,0.5214170692431562,0.5523349436392915,0.5368760064412239
CDH4,CDH4,108,0.62376595,0.3206964135169983,0.27665056360708534,0.7954911433172303,0.5360708534621578
RAP2B,RAP2B,105,0.748819,0.45809417963027954,0.5800322061191626,0.492109500805153,0.5360708534621578
NADK2,NADK2,119,0.67960453,0.36832553148269653,0.38389694041867956,0.688244766505636,0.5360708534621578
GABARAPL1,GABARAPL1,107,0.8103728,0.619652509689331,0.7996779388083736,0.2721417069243156,0.5359098228663446
FYTTD1,FYTTD1,82,0.8154125,0.639119565486908,0.8183574879227054,0.2531400966183575,0.5357487922705314
SPRR1B,SPRR1B,103,0.76057065,0.48090240359306335,0.6222222222222222,0.44895330112721415,0.5355877616747182
TNFRSF6B,TNFRSF6B,107,0.8072562,0.6062153577804565,0.7884057971014493,0.2824476650563607,0.535426731078905
CLDN11,CLDN11,94,0.7627491,0.48504066467285156,0.6286634460547504,0.4421900161030596,0.535426731078905
KIFC2,KIFC2,96,0.70162964,0.38910040259361267,0.4373590982286634,0.6334943639291465,0.5354267310789049
WFDC8,WFDC8,114,0.7684477,0.495207279920578,0.6457326892109501,0.42447665056360706,0.5351046698872786
SCARNA12,SCARNA12,94,0.78074443,0.5227557420730591,0.6892109500805152,0.38067632850241545,0.5349436392914654
LOH12CR1,LOH12CR1,95,0.64658576,0.3411283493041992,0.31626409017713364,0.7533011272141706,0.5347826086956522
FCRLB,FCRLB,106,0.77170926,0.5013799667358398,0.6570048309178744,0.41223832528180354,0.534621578099839
LINC00657,LINC00657,104,0.73684466,0.4412744343280792,0.5410628019323671,0.5281803542673108,0.5346215780998389
TIGD5,TIGD5,92,0.7522802,0.4668467044830322,0.591304347826087,0.47729468599033814,0.5342995169082125
MIR486,MIR486,109,0.6053682,0.31006762385368347,0.24863123993558775,0.8193236714975846,0.5339774557165862
C1QTNF3,C1QTNF3,98,0.6046958,0.309237003326416,0.2463768115942029,0.821256038647343,0.533816425120773
SLC13A3,SLC13A3,103,0.7894092,0.5428958535194397,0.7175523349436392,0.3500805152979066,0.5338164251207729
DYRK4,DYRK4,93,0.62623096,0.3262643814086914,0.28276972624798713,0.7845410628019324,0.5336553945249598
UQCRB,UQCRB,96,0.7768563,0.5169574618339539,0.6760064412238326,0.39098228663446055,0.5334943639291465
MIR645,MIR645,121,0.7810523,0.5251868367195129,0.6908212560386473,0.37584541062801935,0.5333333333333333
FOXJ2,FOXJ2,107,0.76302904,0.4887465238571167,0.6309178743961352,0.43446054750402574,0.5326892109500805
SLITRK3,SLITRK3,104,0.80431896,0.5976884365081787,0.7758454106280194,0.2895330112721417,0.5326892109500805
TGS1,TGS1,109,0.6320466,0.3313099443912506,0.29404186795491144,0.7710144927536232,0.5325281803542673
MAP1LC3A,MAP1LC3A,112,0.6822245,0.3743979036808014,0.391304347826087,0.6737520128824477,0.5325281803542673
RN7SL459P,RN7SL459P,105,0.679676,0.37202024459838867,0.384219001610306,0.6805152979066023,0.5323671497584541
TCF24,TCF24,107,0.8110116,0.6293236017227173,0.8028985507246377,0.2618357487922705,0.5323671497584541
E2F1,E2F1,91,0.7291007,0.4316309094429016,0.5165861513687601,0.5468599033816425,0.5317230273752013
MTSS1,MTSS1,101,0.6925508,0.3833373188972473,0.4148148148148148,0.6483091787439613,0.5315619967793881
SLC52A2,SLC52A2,102,0.73655045,0.44526684284210205,0.5394524959742351,0.5217391304347826,0.5305958132045088
NOTCH2NL,NOTCH2NL,84,0.6878549,0.38066360354423523,0.40322061191626407,0.6573268921095008,0.5302737520128824
OSGIN2,OSGIN2,99,0.75935787,0.4832761287689209,0.6151368760064412,0.44508856682769726,0.5301127214170692
ZNF250,ZNF250,104,0.73948115,0.4505828619003296,0.5491143317230274,0.5111111111111111,0.5301127214170692
PSMD3,PSMD3,96,0.42279834,0.2011384814977646,0.07246376811594203,0.9874396135265701,0.529951690821256
ZBED6,ZBED6,91,0.6754109,0.36911728978157043,0.3723027375201288,0.686634460547504,0.5294685990338164
SLAMF6,SLAMF6,129,0.79640096,0.5719853639602661,0.7446054750402576,0.3136876006441224,0.52914653784219
MGP,MGP,116,0.77072537,0.5069774389266968,0.6528180354267311,0.40547504025764897,0.52914653784219
MIR663A,MIR663A,94,0.7010041,0.39416491985321045,0.435426731078905,0.6228663446054751,0.52914653784219
ZNF335,ZNF335,101,0.7258305,0.4310719072818756,0.5091787439613527,0.5484702093397745,0.5288244766505636
TP53INP2,TP53INP2,93,0.74049324,0.4528485834598541,0.553623188405797,0.5033816425120773,0.5285024154589372
MIR296,MIR296,108,0.8133694,0.6471113562583923,0.8115942028985508,0.24508856682769725,0.528341384863124
C5orf55,C5orf55,122,0.7575332,0.48223286867141724,0.6099838969404187,0.4457326892109501,0.5278582930756843
EGFLAM,EGFLAM,116,0.7101926,0.4113635718822479,0.4640901771336554,0.5906602254428341,0.5273752012882448
EFNA1,EFNA1,94,0.79953724,0.593227207660675,0.759098228663446,0.29500805152979065,0.5270531400966183
SMG5,SMG5,107,0.74802065,0.467367023229599,0.5768115942028985,0.47568438003220614,0.5262479871175523
MIR5698,MIR5698,110,0.8052443,0.6206343770027161,0.780354267310789,0.27085346215781,0.5256038647342995
ZNF713,ZNF713,107,0.54644334,0.2781381905078888,0.16972624798711755,0.8805152979066022,0.5251207729468599
NOP2,NOP2,90,0.8300783,0.7523508071899414,0.877938808373591,0.1723027375201288,0.5251207729468599
OCSTAMP,OCSTAMP,114,0.6409403,0.3450270891189575,0.30628019323671496,0.7436392914653784,0.5249597423510467
NBPF9,NBPF9,88,0.67151725,0.3682191073894501,0.3610305958132045,0.6888888888888889,0.5249597423510467
C8orf46,C8orf46,114,0.7206781,0.426541805267334,0.49371980676328503,0.5555555555555556,0.5246376811594203
POGZ,POGZ,116,0.74438554,0.4624447524547577,0.5665056360708535,0.4821256038647343,0.5243156199677939
UTP23,UTP23,91,0.79705226,0.5860599279403687,0.7471819645732689,0.300805152979066,0.5239935587761675
STX16,STX16,110,0.75854015,0.4892071783542633,0.6132045088566828,0.4341384863123994,0.5236714975845411
ZNF705A,ZNF705A,91,0.7883684,0.5568148493766785,0.7146537842190016,0.3326892109500805,0.5236714975845411
RNA5SP269,RNA5SP269,105,0.8192086,0.687670111656189,0.8331723027375201,0.214170692431562,0.523671497584541
AGO2,AGO2,113,0.7846104,0.5464009642601013,0.7020933977455717,0.3446054750402576,0.5233494363929146
LCE4A,LCE4A,101,0.66063166,0.36174023151397705,0.3436392914653784,0.7030595813204509,0.5233494363929146
CLVS1,CLVS1,104,0.7940046,0.5717666149139404,0.7323671497584541,0.3143317230273752,0.5233494363929146
C1S,C1S,104,0.7690629,0.5115945339202881,0.6476650563607085,0.39838969404186797,0.5230273752012882
ASPH,ASPH,104,0.681182,0.38073447346687317,0.3887278582930757,0.6570048309178744,0.5228663446054751
ARHGEF25,ARHGEF25,96,0.56526846,0.29172483086586,0.19066022544283415,0.8547504025764895,0.5227053140096618
FOXS1,FOXS1,120,0.7447209,0.4670448899269104,0.567793880837359,0.47632850241545893,0.522061191626409
WDR53,WDR53,120,0.73107964,0.44681060314178467,0.5249597423510467,0.5185185185185185,0.5217391304347826
RNA5SP277,RNA5SP277,118,0.79072756,0.5672134160995483,0.7223832528180354,0.3207729468599034,0.5215780998389694
C8orf82,C8orf82,97,0.78374505,0.5480461716651917,0.6998389694041868,0.34202898550724636,0.5209339774557166
RNA5SP75,RNA5SP75,98,0.6311122,0.3430594205856323,0.2924315619967794,0.7491143317230273,0.5207729468599034
LMBRD2,LMBRD2,99,0.5640444,0.293175607919693,0.18872785829307567,0.8524959742351047,0.5206119162640902
KIAA1467,KIAA1467,94,0.81591713,0.6797113418579102,0.8206119162640901,0.22061191626409019,0.5206119162640902
CA8,CA8,96,0.64995307,0.3565041124820709,0.32367149758454106,0.7175523349436392,0.5206119162640901
VSTM2A,VSTM2A,110,0.5411208,0.2803632915019989,0.16521739130434782,0.8756843800322062,0.520450885668277
TAPBPL,TAPBPL,128,0.82439595,0.7277541756629944,0.8547504025764895,0.185829307568438,0.5202898550724637
B3GALNT1,B3GALNT1,111,0.68196726,0.3832693099975586,0.39098228663446055,0.6489533011272142,0.5199677938808374
ITGA10,ITGA10,115,0.6867758,0.38798436522483826,0.40096618357487923,0.6380032206119163,0.5194847020933977
GOLT1B,GOLT1B,90,0.6949951,0.39652031660079956,0.421256038647343,0.6164251207729469,0.518840579710145
POLR3GL,POLR3GL,94,0.7301675,0.4480787515640259,0.5207729468599034,0.5162640901771337,0.5185185185185186
EYA1,EYA1,97,0.6755584,0.3778083622455597,0.37326892109500803,0.663768115942029,0.5185185185185185
PXDNL,PXDNL,92,0.7082419,0.41519036889076233,0.4547504025764895,0.5822866344605475,0.5185185185185185
MUC20,MUC20,104,0.73923016,0.45928728580474854,0.5478260869565217,0.4888888888888889,0.5183574879227053
C12orf60,C12orf60,124,0.70790493,0.41464686393737793,0.4534621578099839,0.5832528180354267,0.5183574879227053
MGST3,MGST3,119,0.7461403,0.47350695729255676,0.571658615136876,0.4647342995169082,0.5181964573268921
TMEM14E,TMEM14E,121,0.7914449,0.5745875239372253,0.7249597423510467,0.31143317230273754,0.5181964573268921
SUCO,SUCO,103,0.70677215,0.4137406349182129,0.449597423510467,0.585829307568438,0.5177133655394525
EFR3A,EFR3A,103,0.6515458,0.35959699749946594,0.3262479871175523,0.7091787439613526,0.5177133655394525
UBQLN4,UBQLN4,104,0.7697395,0.5198234915733337,0.6502415458937199,0.38486312399355876,0.5175523349436393
MIR4533,MIR4533,98,0.8255398,0.7506535649299622,0.8611916264090177,0.17391304347826086,0.5175523349436393
ECM1,ECM1,104,0.69932,0.4033692479133606,0.43059581320450885,0.6041867954911433,0.5173913043478261
SLAMF1,SLAMF1,97,0.6769904,0.38040891289711,0.37681159420289856,0.6576489533011272,0.5172302737520129
CHMP4B,CHMP4B,106,0.6523565,0.3611578643321991,0.3288244766505636,0.7056360708534621,0.5172302737520129
ARHGDIB,ARHGDIB,120,0.8000178,0.6173703074455261,0.7600644122383253,0.2743961352657005,0.5172302737520129
KCNJ9,KCNJ9,106,0.72732055,0.4457496106624603,0.5136876006441223,0.5207729468599034,0.5172302737520129
PYGO2,PYGO2,104,0.79783666,0.6060189604759216,0.7507246376811594,0.28276972624798713,0.5167471819645733
KCNV1,KCNV1,106,0.68135643,0.3851132392883301,0.3890499194847021,0.644122383252818,0.5165861513687601
TTLL9,TTLL9,118,0.7833343,0.5558672547340393,0.6985507246376812,0.3342995169082126,0.5164251207729469
TULP3,TULP3,92,0.70331985,0.41136711835861206,0.442512077294686,0.5903381642512078,0.5164251207729469
OSR2,OSR2,94,0.7762908,0.5358297228813171,0.6737520128824477,0.3587761674718196,0.5162640901771336
LSM14B,LSM14B,102,0.68895817,0.39223262667655945,0.40418679549114334,0.6276972624798711,0.5159420289855072
ACAP2,ACAP2,99,0.70956385,0.42012903094291687,0.4608695652173913,0.5706924315619968,0.515780998389694
MROH1,MROH1,119,0.738197,0.4605568051338196,0.5446054750402577,0.4859903381642512,0.5152979066022545
SNORA71B,SNORA71B,97,0.6929276,0.39906972646713257,0.4170692431561997,0.6128824476650564,0.514975845410628
TRAM1,TRAM1,105,0.7395781,0.46597540378570557,0.5494363929146537,0.4789049919484702,0.514170692431562
MIR570,MIR570,92,0.6773805,0.3828006386756897,0.377133655394525,0.6512077294685991,0.514170692431562
BRIX1,BRIX1,109,0.75147045,0.4853341579437256,0.5871175523349437,0.4405797101449275,0.5138486312399356
S100A1,S100A1,111,0.7259557,0.44762706756591797,0.5098228663446055,0.5172302737520129,0.5135265700483091
CTSB,CTSB,103,0.6780362,0.3841874599456787,0.3784219001610306,0.6463768115942029,0.5123993558776168
MIR4279,MIR4279,93,0.7100117,0.4236152768135071,0.46312399355877615,0.5616747181964573,0.5123993558776168
PLEKHG4B,PLEKHG4B,99,0.7038949,0.41724950075149536,0.4431561996779388,0.5784219001610306,0.5107890499194847
NCSTN,NCSTN,112,0.7119835,0.42993584275245667,0.4698872785829308,0.5507246376811594,0.510305958132045
SLC17A9,SLC17A9,104,0.575231,0.3103102147579193,0.2028985507246377,0.8177133655394525,0.510305958132045
ACOT8,ACOT8,113,0.81646895,0.7057384848594666,0.822866344605475,0.19742351046698872,0.5101449275362319
NTSR1,NTSR1,100,0.7506661,0.48786041140556335,0.5842190016103059,0.4357487922705314,0.5099838969404187
NDUFS6,NDUFS6,108,0.72589594,0.45115548372268677,0.509500805152979,0.5101449275362319,0.5098228663446054
SNORA71C,SNORA71C,100,0.7227379,0.4459361732006073,0.49822866344605476,0.5201288244766505,0.5091787439613527
FAM167A,FAM167A,99,0.6726003,0.3825305700302124,0.36553945249597425,0.6521739130434783,0.5088566827697263
RAI14,RAI14,114,0.6586327,0.3736291825771332,0.3404186795491143,0.6769726247987118,0.508695652173913
RGS7,RGS7,114,0.75188875,0.4932011067867279,0.5893719806763285,0.4280193236714976,0.508695652173913
MYH7B,MYH7B,99,0.74152267,0.4762396812438965,0.5581320450885668,0.45861513687600647,0.5083735909822866
GATAD2B,GATAD2B,85,0.7740577,0.5410785675048828,0.6647342995169082,0.35201288244766504,0.5083735909822866
SLC26A7,SLC26A7,103,0.7429793,0.4784448444843292,0.5626409017713365,0.4537842190016103,0.5082125603864734
SNORD93,SNORD93,114,0.62793475,0.35106635093688965,0.2863123993558776,0.7297906602254428,0.5080515297906603
NINJ2,NINJ2,104,0.7648498,0.5233067274093628,0.6360708534621579,0.37971014492753624,0.5078904991948471
C1orf101,C1orf101,102,0.76237005,0.5175032019615173,0.6264090177133655,0.3893719806763285,0.507890499194847
HEBP1,HEBP1,104,0.71574694,0.43706411123275757,0.4789049919484702,0.5355877616747182,0.5072463768115942
SRC,SRC,93,0.70208645,0.4191074073314667,0.4389694041867955,0.5742351046698873,0.5066022544283414
GPR89B,GPR89B,116,0.73060554,0.4586045742034912,0.5227053140096618,0.4904991948470209,0.5066022544283414
FAM110B,FAM110B,99,0.72056186,0.44679349660873413,0.4933977455716586,0.518840579710145,0.5061191626409018
C1orf43,C1orf43,115,0.71904737,0.44477319717407227,0.4895330112721417,0.5223832528180354,0.5059581320450885
IAPP,IAPP,98,0.7599194,0.515943706035614,0.6193236714975845,0.3922705314009662,0.5057971014492754
BPIFB3,BPIFB3,120,0.72877043,0.45587438344955444,0.5162640901771337,0.4953301127214171,0.5057971014492754
DCUN1D2,DCUN1D2,110,0.58200777,0.32047978043556213,0.2135265700483092,0.7961352657004831,0.5048309178743962
CCT3,CCT3,111,0.7478072,0.4894532263278961,0.5761674718196458,0.43285024154589374,0.5045088566827698
SLC35E3,SLC35E3,111,0.38965982,0.24079619348049164,0.056682769726247986,0.9513687600644123,0.5040257648953301
CMBL,CMBL,108,0.6958699,0.414354145526886,0.4238325281803543,0.5842190016103059,0.5040257648953301
RINL,RINL,105,0.58470345,0.32359519600868225,0.2170692431561997,0.7909822866344606,0.5040257648953301
HMGCS1,HMGCS1,116,0.7588927,0.5148798823356628,0.6144927536231884,0.3932367149758454,0.503864734299517
TTPA,TTPA,95,0.7748853,0.5502030849456787,0.6679549114331723,0.3394524959742351,0.5037037037037038
U4,U4|ENSG00000272359.1,102,0.75676775,0.5111786723136902,0.6074074074074074,0.3996779388083736,0.5035426731078905
ZGPAT,ZGPAT,118,0.7412153,0.47962823510169983,0.555877616747182,0.4502415458937198,0.5030595813204508
RPL7,RPL7,120,0.74322903,0.48505038022994995,0.5642512077294686,0.44186795491143316,0.5030595813204508
MIR4677,MIR4677,94,0.7189965,0.44803473353385925,0.4892109500805153,0.5165861513687601,0.5028985507246377
MIR1537,MIR1537,94,0.75211143,0.499498575925827,0.5900161030595813,0.41545893719806765,0.5027375201288244
OSBPL2,OSBPL2,97,0.7034372,0.42348378896713257,0.4428341384863124,0.5626409017713365,0.5027375201288244
CARKD,CARKD,96,0.6859078,0.4023146629333496,0.3993558776167472,0.6061191626409018,0.5027375201288244
NPR1,NPR1,106,0.77763885,0.5625293254852295,0.6792270531400966,0.32592592592592595,0.5025764895330113
REP15,REP15,99,0.48489854,0.2721320390701294,0.11272141706924316,0.8921095008051529,0.5024154589371981
RN7SKP15,RN7SKP15,108,0.7483259,0.49338623881340027,0.577133655394525,0.42737520128824474,0.5022544283413849
TAS2R64P,TAS2R64P,91,0.71146166,0.4371575713157654,0.46859903381642515,0.5352657004830917,0.5019323671497584
DUSP16,DUSP16,92,0.71280515,0.43914276361465454,0.4721417069243156,0.5314009661835749,0.5017713365539452
MIR5186,MIR5186,115,0.7571971,0.5154139399528503,0.6090177133655394,0.392914653784219,0.5009661835748792
EMP1,EMP1,95,0.61729914,0.3479723334312439,0.26537842190016103,0.7365539452495974,0.5009661835748792
RN7SL215P,RN7SL215P,107,0.74934334,0.49662575125694275,0.5813204508856683,0.42028985507246375,0.500805152979066
TLDC2,TLDC2,106,0.7607123,0.5234952569007874,0.6228663446054751,0.37874396135265703,0.500805152979066
ZNF571,ZNF571,113,0.65374076,0.37491387128829956,0.32979066022544284,0.6714975845410628,0.5006441223832528
YBX3,YBX3,87,0.79587567,0.6338092684745789,0.7423510466988728,0.25861513687600646,0.5004830917874397
PARD6B,PARD6B,105,0.71348804,0.44253048300743103,0.47439613526570046,0.5262479871175524,0.5003220611916264
RN7SL148P,RN7SL148P,96,0.6735838,0.3902897834777832,0.3690821256038647,0.6312399355877617,0.5001610305958132
ITPR2,ITPR2,96,0.6038946,0.33995911478996277,0.24412238325281804,0.755877616747182,0.5
EXOC3,EXOC3,92,0.7866207,0.597938060760498,0.7095008051529791,0.28888888888888886,0.499194847020934
TMEM67,TMEM67,106,0.81105477,0.7108622193336487,0.8038647342995169,0.19420289855072465,0.4990338164251208
SLC26A10,SLC26A10,103,0.46552336,0.26716092228889465,0.09565217391304348,0.9024154589371981,0.4990338164251208
SNORA58,SNORA58|ENSG00000201129.1,98,0.78457457,0.5919324159622192,0.7014492753623188,0.2962962962962963,0.49887278582930755
LINC00603,LINC00603,85,0.713003,0.44463080167770386,0.4731078904991948,0.523671497584541,0.49838969404186795
GDF5OS,GDF5OS,113,0.714835,0.44593462347984314,0.47568438003220614,0.520450885668277,0.4980676328502416
ZFP36,ZFP36,107,0.4602208,0.26687929034233093,0.0927536231884058,0.9033816425120773,0.4980676328502416
MIR5187,MIR5187,94,0.7601532,0.5251089334487915,0.6199677938808373,0.3761674718196457,0.4980676328502415
RN7SL676P,RN7SL676P,114,0.7294139,0.46680933237075806,0.5185185185185185,0.47761674718196456,0.4980676328502415
ANO2,ANO2,108,0.6418619,0.36884236335754395,0.3072463768115942,0.6872785829307568,0.49726247987117556
PIANP,PIANP,115,0.73449767,0.4750349521636963,0.5323671497584541,0.4615136876006441,0.4969404186795491
MIR554,MIR554,100,0.7355171,0.47626736760139465,0.5359098228663446,0.4579710144927536,0.4969404186795491
STAU2,STAU2,110,0.7837127,0.5938143134117126,0.6995169082125604,0.293719806763285,0.4966183574879227
MTFR1,MTFR1,112,0.6754235,0.3952392041683197,0.37262479871175525,0.6202898550724638,0.49645732689210953
RARRES1,RARRES1,98,0.78474444,0.6007466316223145,0.7027375201288245,0.2885668276972625,0.4956521739130435
IFNL2,IFNL2,100,0.5654531,0.3187389671802521,0.19130434782608696,0.8,0.4956521739130435
PTP4A3,PTP4A3,111,0.7294664,0.46955999732017517,0.518840579710145,0.47246376811594204,0.4956521739130435
BPIFB2,BPIFB2,131,0.6750588,0.39559900760650635,0.3719806763285024,0.6193236714975845,0.49565217391304345
SNORD56,SNORD56|ENSG00000201151.1,113,0.70936966,0.4397023618221283,0.46022544283413847,0.5304347826086957,0.4953301127214171
USP13,USP13,124,0.7695757,0.5493042469024658,0.6499194847020934,0.3404186795491143,0.49516908212560384
FCGR3A,FCGR3A,108,0.76974213,0.5505551695823669,0.6505636070853462,0.3391304347826087,0.4948470209339775
CCDC77,CCDC77,108,0.8015013,0.6778339147567749,0.7671497584541063,0.2222222222222222,0.49468599033816424
FKBP9,FKBP9,87,0.6575566,0.3827705383300781,0.33784219001610305,0.6515297906602254,0.49468599033816424
SDHA,SDHA,111,0.70041615,0.42705631256103516,0.43349436392914653,0.5545893719806764,0.49404186795491145
KIRREL,KIRREL,115,0.71003884,0.44473233819007874,0.46344605475040257,0.5230273752012883,0.4932367149758454
C1orf56,C1orf56,137,0.71880555,0.4551919400691986,0.4885668276972625,0.49694041867954913,0.4927536231884058
SNORA71,SNORA71|ENSG00000201811.1,117,0.66438675,0.3888447880744934,0.3507246376811594,0.6344605475040258,0.4925925925925926
SLC45A2,SLC45A2,119,0.7054547,0.43584033846855164,0.44798711755233495,0.5371980676328503,0.4925925925925926
PLEKHG6,PLEKHG6,95,0.65436506,0.38218027353286743,0.3314009661835749,0.6531400966183575,0.4922705314009662
RN7SL64P,RN7SL64P,101,0.61195946,0.35162365436553955,0.25636070853462156,0.7281803542673108,0.49227053140096616
CDCA3,CDCA3,111,0.7116167,0.4489932954311371,0.46924315619967794,0.5146537842190017,0.4919484702093398
LINC00941,LINC00941,96,0.6278166,0.36360403895378113,0.2856682769726248,0.6982286634460547,0.49194847020933974
DCAF8,DCAF8,116,0.7680058,0.5499597787857056,0.644122383252818,0.3397745571658615,0.49194847020933974
STMN2,STMN2,115,0.77041733,0.5575851202011108,0.6515297906602254,0.3320450885668277,0.49178743961352656
SEMA4A,SEMA4A,107,0.75949425,0.5325798392295837,0.6170692431561997,0.3648953301127214,0.49098228663446053
TOMM34,TOMM34,112,0.71111226,0.4487764537334442,0.46634460547504025,0.514975845410628,0.49066022544283416
TPD52,TPD52,82,0.7086802,0.44381654262542725,0.456682769726248,0.5246376811594203,0.49066022544283416
RNA5SP482,RNA5SP482,125,0.6755296,0.40096524357795715,0.37294685990338167,0.6074074074074074,0.4901771336553945
MIR4797,MIR4797,113,0.7467431,0.5049712657928467,0.5729468599033817,0.407085346215781,0.4900161030595813
GCSAML,GCSAML,79,0.70679307,0.43998298048973083,0.4499194847020934,0.5301127214170692,0.4900161030595813
PDCD6,PDCD6,110,0.68695843,0.4174479842185974,0.40128824476650565,0.5780998389694042,0.48969404186795495
LRMP,LRMP,118,0.71486056,0.4532466232776642,0.4760064412238325,0.5020933977455717,0.4890499194847021
ARHGEF2,ARHGEF2,82,0.73806036,0.48871171474456787,0.5429951690821256,0.4351046698872786,0.4890499194847021
COL20A1,COL20A1,121,0.74860054,0.511644184589386,0.578743961352657,0.39806763285024155,0.48840579710144927
ZSWIM1,ZSWIM1,111,0.66890794,0.3950580954551697,0.355877616747182,0.6206119162640902,0.4882447665056361
NBPF15,NBPF15,97,0.64214385,0.37587761878967285,0.30821256038647343,0.6682769726247987,0.4882447665056361
PPP1R3D,PPP1R3D,102,0.7804245,0.6029118299484253,0.6885668276972625,0.2853462157809984,0.48695652173913045
S100A4,S100A4,110,0.7417418,0.5003719925880432,0.5597423510466989,0.414170692431562,0.48695652173913045
LXN,LXN,97,0.7748116,0.5797509551048279,0.6673107890499195,0.3066022544283414,0.4869565217391304
SPRR2G,SPRR2G,104,0.789279,0.6348094344139099,0.7169082125603865,0.256682769726248,0.4867954911433172
LRRC69,LRRC69,112,0.67791045,0.409060001373291,0.3780998389694042,0.5945249597423511,0.48631239935587767
PPIAL4G,PPIAL4G,108,0.72004527,0.465057909488678,0.4927536231884058,0.47987117552334946,0.48631239935587767
TDH,TDH,99,0.68586516,0.41929879784584045,0.3987117552334944,0.5735909822866344,0.4861513687600644
ATP1A2,ATP1A2,102,0.75511,0.5298407077789307,0.601610305958132,0.36972624798711756,0.4856682769726248
SLC2A3,SLC2A3,99,0.5864199,0.3429815173149109,0.22093397745571658,0.7494363929146538,0.48518518518518516
VHLL,VHLL,101,0.7672039,0.5617162585258484,0.6415458937198067,0.32657004830917874,0.48405797101449277
GTSF1L,GTSF1L,100,0.8205917,0.8403674364089966,0.8383252818035427,0.12979066022544283,0.48405797101449277
LCE3E,LCE3E,100,0.70972216,0.45228278636932373,0.46247987117552336,0.5053140096618357,0.48389694041867953
ECH1,ECH1,113,0.7134869,0.4570917785167694,0.4740740740740741,0.4933977455716586,0.48373590982286635
TCFL5,TCFL5,115,0.72523737,0.47529304027557373,0.506280193236715,0.4608695652173913,0.48357487922705317
ADCK5,ADCK5,112,0.70196986,0.4412507116794586,0.4383252818035427,0.5285024154589372,0.48341384863123993
PDZD2,PDZD2,96,0.7241386,0.47478923201560974,0.5027375201288244,0.46215780998389694,0.4824476650563607
PKIG,PKIG,99,0.6870559,0.42351412773132324,0.40193236714975844,0.5619967793880838,0.4819645732689211
MIR548AO,MIR548AO,103,0.5246631,0.3108738660812378,0.14750402576489532,0.8151368760064412,0.48132045088566827
KISS1,KISS1,118,0.7834077,0.628546953201294,0.6988727858293076,0.26247987117552335,0.4806763285024155
DPY19L3,DPY19L3,90,0.67915136,0.41696470975875854,0.3822866344605475,0.5790660225442834,0.4806763285024155
SNAPIN,SNAPIN,101,0.773423,0.5890455842018127,0.6624798711755233,0.29790660225442833,0.4801932367149758
SPIDR,SPIDR,102,0.7194851,0.4710600972175598,0.4904991948470209,0.46956521739130436,0.48003220611916264
RNA5SP487,RNA5SP487,107,0.7822975,0.6272964477539062,0.6956521739130435,0.263768115942029,0.4797101449275362
MED21,MED21,106,0.77334005,0.5921772718429565,0.6618357487922706,0.2956521739130435,0.47874396135265707
MIR4661,MIR4661,102,0.81605536,0.8228131532669067,0.821256038647343,0.13623188405797101,0.478743961352657
PTGIS,PTGIS,119,0.7212823,0.47440001368522644,0.49404186795491145,0.4628019323671498,0.4784219001610306
KIAA1755,KIAA1755,113,0.74019694,0.5084982514381409,0.5526570048309178,0.4035426731078905,0.47809983896940417
EPS8,EPS8,116,0.48357138,0.29718881845474243,0.11143317230273753,0.8441223832528181,0.4777777777777778
GSDMB,GSDMB,119,0.8129408,0.8056865930557251,0.8103059581320451,0.14428341384863125,0.4772946859903382
FBXL6,FBXL6,103,0.69410056,0.43739181756973267,0.41964573268921096,0.534621578099839,0.477133655394525
CRNN,CRNN,111,0.6739479,0.4144343435764313,0.36972624798711756,0.5838969404186796,0.47681159420289854
SNTA1,SNTA1,105,0.7924026,0.6741307377815247,0.7275362318840579,0.22544283413848631,0.4764895330112721
RNA5SP483,RNA5SP483,93,0.7009062,0.44713735580444336,0.43478260869565216,0.5178743961352656,0.4763285024154589
SOGA1,SOGA1,96,0.63183236,0.37974420189857483,0.29307568438003223,0.6592592592592592,0.4761674718196457
COL9A3,COL9A3,111,0.7870623,0.6590480804443359,0.711755233494364,0.23993558776167473,0.4758454106280193
ADAMTS4,ADAMTS4,120,0.7423688,0.51787269115448,0.5619967793880838,0.3890499194847021,0.47552334943639296
BNIPL,BNIPL,102,0.68896484,0.43192508816719055,0.4048309178743961,0.5462157809983897,0.47552334943639296
HIST2H2BA,HIST2H2BA,116,0.59156275,0.353425532579422,0.22769726247987118,0.7233494363929146,0.4755233494363929
TTPAL,TTPAL,91,0.65098405,0.393410325050354,0.3252818035426731,0.6247987117552335,0.4750402576489533
RAB3IP,RAB3IP,118,0.27329898,0.25182846188545227,0.019001610305958132,0.9307568438003221,0.4748792270531401
MIR4471,MIR4471,91,0.76621395,0.5754092931747437,0.6392914653784219,0.3101449275362319,0.4747181964573269
RBM39,RBM39,108,0.75799334,0.5521160960197449,0.6109500805152979,0.33752012882447663,0.4742351046698873
SNX16,SNX16,110,0.70311594,0.45203378796577454,0.4421900161030596,0.506280193236715,0.4742351046698873
NFATC2,NFATC2,97,0.74999505,0.5326611995697021,0.5829307568438004,0.364573268921095,0.47375201288244767
RPS20,RPS20,90,0.7309981,0.49606069922447205,0.5246376811594203,0.4219001610305958,0.47326892109500807
CACNA1C,CACNA1C,90,0.7976908,0.7105557918548584,0.7500805152979066,0.19516908212560385,0.4726247987117552
RNF19A,RNF19A,106,0.7543903,0.5458833575248718,0.5987117552334944,0.34524959742351047,0.47198067632850244
CABLES2,CABLES2,116,0.70930207,0.4611342251300812,0.4595813204508857,0.48438003220611914,0.4719806763285024
GNRHR2,GNRHR2,84,0.6798813,0.4248754382133484,0.38486312399355876,0.559098228663446,0.4719806763285024
PLXDC1,PLXDC1,105,0.41439635,0.2807195484638214,0.06859903381642513,0.8753623188405797,0.4719806763285024
RNA5SP268,RNA5SP268,93,0.74581635,0.5284983515739441,0.5697262479871176,0.3723027375201288,0.47101449275362317
ADAMTSL4,ADAMTSL4,116,0.69480777,0.445541650056839,0.4209339774557166,0.5210950080515298,0.47101449275362317
CSPP1,CSPP1,91,0.7786684,0.6343480944633484,0.6837359098228664,0.2576489533011272,0.4706924315619968
PENK,PENK,103,0.7792794,0.6362177133560181,0.6850241545893719,0.25507246376811593,0.47004830917874396
MIEN1,MIEN1,97,0.2913199,0.2590164840221405,0.02383252818035427,0.9156199677938809,0.4697262479871176
STK38L,STK38L,103,0.6817554,0.4304637014865875,0.39001610305958134,0.5491143317230274,0.46956521739130436
NCALD,NCALD,97,0.743214,0.527234673500061,0.5636070853462157,0.37455716586151366,0.4690821256038647
MCL1,MCL1,102,0.7085662,0.4635040760040283,0.4557165861513688,0.4811594202898551,0.4684380032206119
INTS3,INTS3,101,0.711373,0.4715785086154938,0.4674718196457327,0.4689210950080515,0.4681964573268921
NBPF12,NBPF12,103,0.7022682,0.45554429292678833,0.4396135265700483,0.4962962962962963,0.4679549114331723
RPL13P5,RPL13P5,88,0.53493416,0.32926303148269653,0.15813204508856682,0.7774557165861514,0.4677938808373591
DAP,DAP,117,0.70135844,0.45423245429992676,0.4363929146537842,0.499194847020934,0.46779388083735907
CCND2,CCND2,130,0.45048964,0.29475802183151245,0.08695652173913043,0.8479871175523349,0.4674718196457327
PP13439,PP13439,122,0.6635846,0.4138159453868866,0.3497584541062802,0.5848631239935588,0.4673107890499195
ZNF573,ZNF573,99,0.69556415,0.4505568742752075,0.42254428341384864,0.5114331723027375,0.4669887278582931
M6PR,M6PR,99,0.5855478,0.35838261246681213,0.21900161030595813,0.7130434782608696,0.46602254428341383
MEX3A,MEX3A,104,0.73860335,0.5194231271743774,0.5452495974235104,0.3864734299516908,0.46586151368760065
CCNL1,CCNL1,96,0.7087718,0.46823418140411377,0.4573268921095008,0.4740740740740741,0.46570048309178746
MME,MME,107,0.72794133,0.4998679459095001,0.5152979066022544,0.4151368760064412,0.4652173913043478
KCNK6,KCNK6,88,0.6824128,0.43582579493522644,0.3922705314009662,0.537842190016103,0.4650563607085346
UBE2QL1,UBE2QL1,101,0.6948009,0.45130655169487,0.42061191626409017,0.5091787439613527,0.46489533011272144
CYP7A1,CYP7A1,104,0.56535774,0.34724733233451843,0.19098228663446054,0.7384863123993559,0.46473429951690826
MIR4286,MIR4286,108,0.66939026,0.41980335116386414,0.3568438003220612,0.5713365539452496,0.4640901771336554
OSTN,OSTN,105,0.78790677,0.6881624460220337,0.7130434782608696,0.21384863123993558,0.46344605475040257
RN7SL340P,RN7SL340P,99,0.48048338,0.3101647198200226,0.10821256038647344,0.8186795491143317,0.46344605475040257
SLCO5A1,SLCO5A1,93,0.6792765,0.43292510509490967,0.38293075684380035,0.5436392914653784,0.4632850241545894
LINC00659,LINC00659,93,0.7487464,0.5448956489562988,0.5797101449275363,0.3465378421900161,0.4631239935587762
ITGB8,ITGB8,110,0.67322725,0.42527586221694946,0.3671497584541063,0.5581320450885668,0.46264090177133654
PRLR,PRLR,125,0.6657568,0.41941767930984497,0.35201288244766504,0.5729468599033817,0.46247987117552336
SDR16C6P,SDR16C6P,97,0.67334104,0.4258405566215515,0.36747181964573267,0.5571658615136876,0.4623188405797102
FBXO45,FBXO45,84,0.78316164,0.6737016439437866,0.6975845410628019,0.22673107890499195,0.4621578099838969
CHMP4C,CHMP4C,96,0.779647,0.6614624857902527,0.6863123993558776,0.23768115942028986,0.46199677938808376
FAM63A,FAM63A,96,0.738726,0.5235347747802734,0.5455716586151369,0.3784219001610306,0.46199677938808376
EXOSC4,EXOSC4,119,0.75818825,0.5740571618080139,0.6119162640901772,0.3117552334943639,0.4618357487922705
GHRH,GHRH,108,0.80955714,0.8472554683685303,0.7974235104669888,0.1259259259259259,0.46167471819645733
LPIN3,LPIN3,107,0.77137625,0.6242783665657043,0.6553945249597424,0.2669887278582931,0.46119162640901773
PLCXD3,PLCXD3,103,0.61446196,0.3785281181335449,0.2602254428341385,0.6618357487922706,0.46103059581320455
WIPF2,WIPF2,108,0.48576435,0.3148554563522339,0.11304347826086956,0.8080515297906602,0.4605475040257649
PREX2,PREX2,84,0.8249779,1.0453546047210693,0.8589371980676328,0.06183574879227053,0.46038647342995165
RAB13,RAB13,97,0.75490993,0.5674654245376587,0.6003220611916265,0.3201288244766506,0.4602254428341385
MIR133A2,MIR133A2,120,0.8069847,0.8317899107933044,0.7874396135265701,0.1323671497584541,0.4599033816425121
S100A7,S100A7,116,0.7340069,0.5182711482048035,0.5314009661835749,0.38808373590982287,0.4597423510466989
HRH3,HRH3,91,0.70458084,0.4679580628871918,0.44508856682769726,0.47439613526570046,0.45974235104669886
SMCO3,SMCO3,92,0.730718,0.5131359696388245,0.5230273752012883,0.3961352657004831,0.4595813204508857
IRX4,IRX4,97,0.6116222,0.3779096007347107,0.25539452495974235,0.6631239935587762,0.45925925925925926
REM1,REM1,104,0.7730764,0.6338329911231995,0.6602254428341385,0.25829307568438004,0.45925925925925926
ALG3,ALG3,96,0.67859733,0.4352022409439087,0.3793880837359098,0.5391304347826087,0.45925925925925926
KRIT1,KRIT1,112,0.5747604,0.3577049672603607,0.20257648953301127,0.7156199677938808,0.4590982286634461
WFDC10A,WFDC10A,92,0.6567486,0.4164198040962219,0.33590982286634463,0.5803542673107891,0.45813204508856686
AARD,AARD,98,0.7347845,0.5220580697059631,0.5333333333333333,0.3822866344605475,0.4578099838969404
C20orf195,C20orf195,91,0.56583786,0.35343116521835327,0.19194847020933978,0.7230273752012882,0.457487922705314
CCAT1,CCAT1,97,0.7103188,0.479610413312912,0.4644122383252818,0.4505636070853462,0.457487922705314
DYRK1B,DYRK1B,90,0.5510331,0.3467564880847931,0.17455716586151368,0.7397745571658615,0.4571658615136876
ST3GAL1,ST3GAL1,99,0.73199177,0.518498420715332,0.5265700483091788,0.38743961352657,0.45700483091787436
C12orf4,C12orf4,93,0.75813526,0.583718478679657,0.6112721417069243,0.30241545893719807,0.4568438003220612
CCDC127,CCDC127,85,0.73476034,0.5229249000549316,0.533011272141707,0.38035426731078903,0.456682769726248
DEFB4B,DEFB4B,98,0.6150174,0.3829265236854553,0.2611916264090177,0.6508856682769726,0.45603864734299515
ACTL10,ACTL10,87,0.74218464,0.5426141023635864,0.5610305958132045,0.350402576489533,0.45571658615136873
MIR4258,MIR4258,111,0.7432664,0.545313835144043,0.564573268921095,0.3462157809983897,0.45539452495974236
TPX2,TPX2,93,0.6853115,0.450031578540802,0.3974235104669887,0.5127214170692431,0.45507246376811594
CLEC12A,CLEC12A,98,0.78168017,0.6860690712928772,0.6933977455716586,0.21610305958132045,0.4547504025764895
ZNF696,ZNF696,85,0.71068764,0.4843585193157196,0.46570048309178746,0.4434782608695652,0.45458937198067634
SNORD123,SNORD123,97,0.7178676,0.4954804480075836,0.4856682769726248,0.42351046698872785,0.45458937198067634
KLRF1,KLRF1,98,0.7415831,0.5424612760543823,0.5584541062801932,0.3507246376811594,0.4545893719806763
C20orf112,C20orf112,100,0.7566208,0.5844185948371887,0.6067632850241546,0.30209339774557165,0.4544283413848631
LINC00886,LINC00886,105,0.7243951,0.5075579881668091,0.5040257648953301,0.4045088566827697,0.4542673107890499
NBPF11,NBPF11,102,0.6706887,0.4312721788883209,0.35909822866344604,0.5475040257648953,0.4533011272141707
TRIO,TRIO,115,0.6791767,0.44420114159584045,0.3826086956521739,0.5239935587761675,0.4533011272141707
MIR4728,MIR4728,100,0.61559296,0.38601768016815186,0.26247987117552335,0.6428341384863124,0.45265700483091786
C8orf87,C8orf87,107,0.7644321,0.6213545203208923,0.6347826086956522,0.2702093397745572,0.4524959742351047
BCL9,BCL9,95,0.7466111,0.5568459033966064,0.5726247987117552,0.3323671497584541,0.4524959742351047
MTMR9,MTMR9,108,0.7144,0.49257692694664,0.4750402576489533,0.42962962962962964,0.4523349436392915
SUCNR1,SUCNR1,93,0.7737655,0.6580354571342468,0.6634460547504025,0.24057971014492754,0.452012882447665
CNTNAP2,CNTNAP2,109,0.6275227,0.3957752287387848,0.28502415458937197,0.6186795491143318,0.45185185185185184
GPIHBP1,GPIHBP1,107,0.6803764,0.44728508591651917,0.3861513687600644,0.5175523349436393,0.45185185185185184
TM4SF18,TM4SF18,90,0.6561881,0.4211767911911011,0.33494363929146537,0.5687600644122384,0.45185185185185184
SDR16C5,SDR16C5,103,0.707927,0.4800872802734375,0.4537842190016103,0.449597423510467,0.45169082125603865
SLCO4A1,SLCO4A1,125,0.7415019,0.54625004529953,0.557487922705314,0.34492753623188405,0.451207729468599
MRPL15,MRPL15,103,0.6905196,0.4578341841697693,0.40933977455716586,0.4927536231884058,0.4510466988727858
PRRX1,PRRX1,105,0.76525694,0.6260459423065186,0.6367149758454106,0.2650563607085346,0.45088566827697263
IGF2BP3,IGF2BP3,130,0.67243016,0.43654096126556396,0.3652173913043478,0.5362318840579711,0.45072463768115945
WHSC1L1,WHSC1L1,98,0.3818698,0.2962072491645813,0.053462157809983896,0.8460547504025765,0.4497584541062802
PPP1R3B,PPP1R3B,103,0.7337901,0.5305414199829102,0.5307568438003221,0.36843800322061193,0.449597423510467
DNAJC21,DNAJC21,93,0.7157465,0.4964526295661926,0.4785829307568438,0.42061191626409017,0.449597423510467
SCXB,SCXB,98,0.7409806,0.5467768311500549,0.5552334943639291,0.3436392914653784,0.44943639291465376
MYO10,MYO10,109,0.6444862,0.4137938916683197,0.31239935587761675,0.5855072463768116,0.4489533011272142
NAALADL2,NAALADL2,102,0.724637,0.515548825263977,0.504669887278583,0.3925925925925926,0.4486312399355878
MDM1,MDM1,96,0.35175222,0.29105904698371887,0.041223832528180356,0.8557165861513688,0.4484702093397746
KDM5A,KDM5A,115,0.7515858,0.5784270167350769,0.58743961352657,0.307890499194847,0.4476650563607085
B4GALNT1,B4GALNT1,93,0.5076739,0.3356194794178009,0.1320450885668277,0.7626409017713366,0.44734299516908216
RTFDC1,RTFDC1,92,0.78081334,0.69981849193573,0.6898550724637681,0.2035426731078905,0.4466988727858293
SLA2,SLA2,122,0.6718018,0.4408682882785797,0.36264090177133657,0.52914653784219,0.4458937198067633
ARFRP1,ARFRP1,136,0.7329787,0.5330332517623901,0.5285024154589372,0.36328502415458935,0.4458937198067633
CDH6,CDH6,106,0.5986992,0.3820626139640808,0.23703703703703705,0.6534621578099838,0.44524959742351045
NRBP2,NRBP2,110,0.614281,0.3903247117996216,0.25958132045088567,0.6309178743961352,0.44524959742351045
BOP1,BOP1,109,0.70199066,0.47918933629989624,0.4386473429951691,0.45185185185185184,0.44524959742351045
ZFP41,ZFP41,85,0.6126397,0.38933849334716797,0.2570048309178744,0.6331723027375201,0.44508856682769726
PCIF1,PCIF1,116,0.75702035,0.6073005795478821,0.6077294685990338,0.2811594202898551,0.4444444444444444
LCE2C,LCE2C,117,0.69846064,0.47534632682800293,0.42769726247987117,0.46022544283413847,0.4439613526570048
HIST2H2BE,HIST2H2BE,118,0.697525,0.4754284918308258,0.42673107890499196,0.4595813204508857,0.44315619967793884
BMP7,BMP7,94,0.77552736,0.6864593029022217,0.6702093397745572,0.21545893719806763,0.4428341384863124
ODF1,ODF1,96,0.7619611,0.6303414702415466,0.6247987117552335,0.2608695652173913,0.44283413848631237
RN7SKP32,RN7SKP32,110,0.6907409,0.46893182396888733,0.41030595813204507,0.47278582930756846,0.4415458937198068
SLMO2,SLMO2,97,0.79253024,0.7817727327346802,0.7281803542673108,0.15458937198067632,0.44138486312399355
FAM90A1,FAM90A1,97,0.5160822,0.3455074429512024,0.1397745571658615,0.7426731078904992,0.44122383252818037
ZNF16,ZNF16,91,0.6806597,0.4562322497367859,0.38711755233494366,0.49500805152979066,0.44106280193236713
MOS,MOS,108,0.704038,0.4866478741168976,0.4434782608695652,0.43768115942028984,0.4405797101449275
DNAJC19,DNAJC19,96,0.7764329,0.6983224749565125,0.6743961352657005,0.20611916264090177,0.44025764895330116
RN7SL738P,RN7SL738P,92,0.7398037,0.5596568584442139,0.5516908212560386,0.3285024154589372,0.4400966183574879
PLAG1,PLAG1,99,0.7291889,0.5336189270019531,0.5172302737520129,0.36231884057971014,0.43977455716586156
VSTM2L,VSTM2L,105,0.68970776,0.4699881672859192,0.4064412238325282,0.4721417069243156,0.4392914653784219
MIR4456,MIR4456,116,0.6291817,0.4127822518348694,0.29017713365539455,0.5880837359098229,0.4391304347826087
SLC9A3,SLC9A3,107,0.67697054,0.4538995325565338,0.37648953301127214,0.5004830917874397,0.43848631239935587
APOD,APOD,93,0.7391059,0.5594331622123718,0.547181964573269,0.32914653784219,0.4381642512077295
BHLHE23,BHLHE23,101,0.7413835,0.5676557421684265,0.5565217391304348,0.31980676328502416,0.4381642512077295
CCDC19,CCDC19,104,0.74602616,0.5808106064796448,0.5703703703703704,0.30563607085346217,0.4380032206119163
APOA2,APOA2,113,0.74719626,0.5870400071144104,0.5748792270531401,0.2995169082125604,0.43719806763285024
SF3B4,SF3B4,100,0.60855687,0.39433497190475464,0.2518518518518518,0.6219001610305959,0.4368760064412238
DUSP26,DUSP26,88,0.69316006,0.4780403971672058,0.41739130434782606,0.45507246376811594,0.436231884057971
MTX1,MTX1,120,0.76452565,0.6621124148368835,0.6351046698872785,0.23671497584541062,0.4359098228663446
ADIPOR2,ADIPOR2,97,0.7923405,0.8050313591957092,0.7272141706924315,0.14460547504025764,0.4359098228663446
NBN,NBN,114,0.6369787,0.4210126996040344,0.3017713365539452,0.5694041867954911,0.43558776167471813
SNORD54,SNORD54,83,0.6552708,0.43599098920822144,0.33397745571658616,0.5368760064412238,0.43542673107890495
DDX47,DDX47,110,0.80731726,0.9722485542297363,0.7887278582930757,0.08148148148148149,0.4351046698872786
MYBL1,MYBL1,90,0.6874304,0.4720878303050995,0.40225442834138486,0.4676328502415459,0.4349436392914654
P2RY13,P2RY13,111,0.75181854,0.6072962880134583,0.5880837359098229,0.2814814814814815,0.4347826086956522
DCUN1D1,DCUN1D1,86,0.71035093,0.5076183080673218,0.4647342995169082,0.40418679549114334,0.43446054750402574
PPIAL4D,PPIAL4D,80,0.53736305,0.360292911529541,0.1607085346215781,0.7075684380032206,0.4341384863123993
CCT5,CCT5,115,0.66997725,0.4515688717365265,0.3578099838969404,0.5082125603864734,0.4330112721417069
FAM135B,FAM135B,90,0.6795714,0.46237319707870483,0.38357487922705313,0.4824476650563607,0.4330112721417069
TFRC,TFRC,104,0.7236086,0.5327568650245667,0.5014492753623189,0.3642512077294686,0.43285024154589374
LINGO4,LINGO4,119,0.7302248,0.5483424663543701,0.5210950080515298,0.34170692431561994,0.4314009661835748
TSPAN11,TSPAN11,110,0.6319176,0.42128220200538635,0.293719806763285,0.5684380032206119,0.43107890499194845
PPP1R42,PPP1R42,103,0.730009,0.5483441352844238,0.520450885668277,0.3413848631239936,0.43091787439613527
ACTRT3,ACTRT3,103,0.7475136,0.6026328206062317,0.5755233494363929,0.2863123993558776,0.43091787439613527
RBM48,RBM48,109,0.6840313,0.47225284576416016,0.39484702093397744,0.4669887278582931,0.43091787439613527
DEFB118,DEFB118,105,0.7078757,0.5039129257202148,0.45314009661835747,0.40837359098228665,0.4307568438003221
RUSC1,RUSC1,101,0.7242665,0.5363066792488098,0.5033816425120773,0.35813204508856683,0.4307568438003221
OPTC,OPTC,109,0.7042347,0.49917903542518616,0.44412238325281805,0.41642512077294686,0.4302737520128824
HCN3,HCN3,108,0.7416076,0.585196852684021,0.5587761674718197,0.3017713365539452,0.4302737520128824
CDH9,CDH9,96,0.5676868,0.3770247995853424,0.19452495974235104,0.6657004830917874,0.43011272141706924
MIR489,MIR489,109,0.53775907,0.3641047775745392,0.16167471819645732,0.6975845410628019,0.4296296296296296
BPIFB6,BPIFB6,119,0.7419325,0.5888661742210388,0.5600644122383253,0.29822866344605475,0.42914653784219003
NCBP2,NCBP2,115,0.76389694,0.6755528450012207,0.6334943639291465,0.2247987117552335,0.42914653784219
LRRC24,LRRC24,103,0.7057982,0.5029752254486084,0.44830917874396137,0.4096618357487923,0.42898550724637685
PCMTD2,PCMTD2,94,0.73507404,0.5632728338241577,0.5339774557165862,0.32367149758454106,0.4288244766505636
HIST2H3A,HIST2H3A,93,0.70718074,0.5051019787788391,0.4505636070853462,0.4067632850241546,0.4286634460547504
SSR3,SSR3,102,0.6992404,0.49392250180244446,0.4302737520128824,0.4260869565217391,0.42818035426731077
FGFR1,FGFR1,102,0.65695363,0.446122407913208,0.3365539452495974,0.5194847020933977,0.42801932367149753
COPS7A,COPS7A,119,0.75364053,0.6320395469665527,0.5961352657004831,0.25958132045088567,0.4278582930756844
ZNF496,ZNF496,96,0.73893493,0.5766426920890808,0.5465378421900161,0.30853462157809985,0.427536231884058
PDGFRA,PDGFRA,112,-0.06855607,0.29205378890037537,0.000966183574879227,0.8541062801932368,0.427536231884058
FBXO43,FBXO43,113,0.66247547,0.4519989788532257,0.3468599033816425,0.5066022544283414,0.42673107890499196
CPA6,CPA6,114,0.60131407,0.3998044431209564,0.24122383252818036,0.6103059581320451,0.42576489533011275
ZC3H3,ZC3H3,84,0.68493223,0.4782979488372803,0.3964573268921095,0.4544283413848631,0.42544283413848627
MIR5680,MIR5680,90,0.7423359,0.5976890921592712,0.5616747181964573,0.2892109500805153,0.42544283413848627
SLC35G5,SLC35G5,105,0.627301,0.4228624999523163,0.28470209339774555,0.5648953301127214,0.4247987117552335
CCT6A,CCT6A,93,0.58898824,0.39334943890571594,0.22351046698872787,0.6257648953301127,0.4246376811594203
FOXH1,FOXH1,106,0.75824994,0.663661539554596,0.6122383252818036,0.2357487922705314,0.42399355877616746
LRRC14,LRRC14,100,0.6212866,0.41805046796798706,0.2711755233494364,0.5764895330112721,0.4238325281803543
C12orf36,C12orf36,110,0.715432,0.5295154452323914,0.47729468599033814,0.37037037037037035,0.4238325281803542
FAM49B,FAM49B,109,0.7759664,0.7477485537528992,0.6718196457326893,0.1752012882447665,0.42351046698872785
C8orf34,C8orf34,95,0.77772737,0.759903609752655,0.6798711755233494,0.1671497584541063,0.42351046698872785
EIF2A,EIF2A,103,0.74443555,0.6105985045433044,0.5668276972624798,0.2792270531400966,0.4230273752012882
CHTOP,CHTOP,93,0.72763246,0.5582722425460815,0.5143317230273752,0.3310789049919485,0.4227053140096618
RN7SL41P,RN7SL41P,101,0.7194957,0.5391544103622437,0.49114331723027377,0.3536231884057971,0.42238325281803546
HFE2,HFE2,119,0.699002,0.5003644824028015,0.42995169082125606,0.4144927536231884,0.4222222222222222
MIR141,MIR141,107,0.6044548,0.4079208970069885,0.2460547504025765,0.5964573268921095,0.421256038647343
MIR937,MIR937,106,0.6832116,0.48091816902160645,0.392914653784219,0.4486312399355878,0.4207729468599034
PPM1L,PPM1L,103,0.7432279,0.6135985851287842,0.5639291465378422,0.27697262479871176,0.420450885668277
BRI3,BRI3,116,0.5593001,0.38030949234962463,0.1826086956521739,0.65829307568438,0.42045088566827693
RICTOR,RICTOR,110,0.6059143,0.41117480397224426,0.2492753623188406,0.591304347826087,0.4202898550724638
RN7SL383P,RN7SL383P,90,0.6865222,0.48573964834213257,0.4003220611916264,0.4392914653784219,0.41980676328502414
DLGAP2,DLGAP2,109,0.6478751,0.4460665285587311,0.3188405797101449,0.5198067632850242,0.41932367149758454
C19orf47,C19orf47,118,0.55627733,0.37989580631256104,0.1793880837359098,0.6589371980676328,0.41916264090177136
SCNM1,SCNM1,110,0.75588197,0.6655963063240051,0.6045088566827698,0.23317230273752013,0.41884057971014493
MIR4326,MIR4326,106,0.6889584,0.4914833605289459,0.4045088566827697,0.4312399355877617,0.41787439613526567
CDH18,CDH18,103,0.6089085,0.41518473625183105,0.2528180354267311,0.5826086956521739,0.4177133655394525
UFC1,UFC1,105,0.73661166,0.5954392552375793,0.5400966183574879,0.2927536231884058,0.41642512077294686
PPP4R1L,PPP4R1L,118,0.7944185,0.9227530360221863,0.7342995169082126,0.09822866344605476,0.41626409017713367
HAS2,HAS2,97,0.6849117,0.4876912236213684,0.3961352657004831,0.4363929146537842,0.4162640901771336
DPF1,DPF1,101,0.66908735,0.46729323267936707,0.35619967793880836,0.4760064412238325,0.41610305958132043
NKAIN3,NKAIN3,103,0.7318257,0.5808309316635132,0.5262479871175524,0.30531400966183575,0.41578099838969407
MIR4470,MIR4470,103,0.7613279,0.6964576244354248,0.6235104669887278,0.20772946859903382,0.41561996779388083
NBPF24,NBPF24,94,0.7183915,0.546819806098938,0.48760064412238324,0.343317230273752,0.4154589371980676
PRB4,PRB4,110,0.6466612,0.4494643211364746,0.3169082125603865,0.5136876006441223,0.4152979066022544
GYG1,GYG1,101,0.6489047,0.4517594575881958,0.322061191626409,0.5072463768115942,0.4146537842190016
FAM90A24P,FAM90A24P,105,0.6742651,0.47589021921157837,0.37037037037037035,0.45893719806763283,0.41465378421900156
FNDC3B,FNDC3B,97,0.6278326,0.43351003527641296,0.28599033816425123,0.5429951690821256,0.41449275362318844
SNORA22,SNORA22|ENSG00000206603.1,115,0.48104423,0.35474520921707153,0.10885668276972625,0.7201288244766506,0.41449275362318844
GGPS1,GGPS1,104,0.686128,0.49310925602912903,0.3996779388083736,0.42866344605475043,0.414170692431562
TAF2,TAF2,120,0.7018898,0.5170419812202454,0.43768115942028984,0.39066022544283413,0.414170692431562
MRPS21,MRPS21,104,0.75042284,0.6525817513465881,0.5838969404186796,0.24219001610305957,0.41304347826086957
GPR89A,GPR89A,93,0.59621906,0.41015079617500305,0.23317230273752013,0.5925925925925926,0.41288244766505633
PHB2,PHB2,81,0.77309495,0.7650591731071472,0.6608695652173913,0.16489533011272142,0.41288244766505633
RN7SL37P,RN7SL37P,111,0.5946728,0.4100918173789978,0.2318840579710145,0.592914653784219,0.4123993558776168
LDHB,LDHB,105,0.7932119,0.9285120368003845,0.72914653784219,0.09565217391304348,0.4123993558776167
RN7SKP206,RN7SKP206,96,0.73240775,0.590951144695282,0.527536231884058,0.2969404186795491,0.41223832528180354
SPRED3,SPRED3,115,0.7171105,0.5524308681488037,0.48405797101449277,0.33719806763285026,0.41062801932367154
IQSEC3,IQSEC3,103,0.7334374,0.5961215496063232,0.5297906602254429,0.2914653784219002,0.41062801932367154
FBL,FBL,86,0.75329757,0.6739912033081055,0.5951690821256038,0.22608695652173913,0.4106280193236715
TTC33,TTC33,115,0.6921343,0.507314145565033,0.4138486312399356,0.4048309178743961,0.40933977455716586
MIR15B,MIR15B,115,0.7395827,0.6226837038993835,0.5497584541062802,0.2682769726247987,0.4090177133655395
EFNA3,EFNA3,100,0.65689176,0.46296024322509766,0.336231884057971,0.4818035426731079,0.40901771336553944
DNAJC5,DNAJC5,98,0.62879354,0.4413714110851288,0.2885668276972625,0.5278582930756843,0.4082125603864734
LRCH3,LRCH3,102,0.6783712,0.48681584000587463,0.3790660225442834,0.4373590982286634,0.4082125603864734
UCKL1,UCKL1,100,0.6422588,0.45172175765037537,0.30853462157809985,0.5075684380032206,0.40805152979066023
MED12L,MED12L,95,0.73173386,0.5973930358886719,0.5259259259259259,0.2898550724637681,0.407890499194847
C8orf33,C8orf33,104,0.6439938,0.4527592360973358,0.31143317230273754,0.5040257648953301,0.4077294685990338
TWISTNB,TWISTNB,90,0.6425947,0.4522744417190552,0.30917874396135264,0.5056360708534622,0.40740740740740744
MCM4,MCM4,92,0.69287825,0.5119521021842957,0.4167471819645733,0.3977455716586151,0.4072463768115942
CGN,CGN,120,0.70147175,0.5239560604095459,0.43671497584541064,0.37745571658615135,0.40708534621578096
PMP2,PMP2,107,0.7624409,0.7273241281509399,0.6273752012882448,0.1861513687600644,0.4067632850241546
PTPN6,PTPN6,107,0.51913923,0.3758433759212494,0.14235104669887277,0.6685990338164252,0.40547504025764897
SLCO1B7,SLCO1B7,94,0.8025548,1.1459145545959473,0.7694041867954912,0.04090177133655395,0.40515297906602254
SAMHD1,SAMHD1,112,0.5350682,0.3831440508365631,0.15909822866344606,0.649597423510467,0.4043478260869565
DNAJB11,DNAJB11,101,0.7165747,0.5622309446334839,0.4824476650563607,0.3262479871175523,0.4043478260869565
PLGRKT,PLGRKT,83,0.4664177,0.358998566865921,0.0962962962962963,0.7114331723027375,0.4038647342995169
RNA5SP181,RNA5SP181,109,0.59104365,0.4161616563796997,0.22673107890499195,0.5809983896940418,0.40386473429951686
PLEKHF1,PLEKHF1,114,0.4636785,0.35890600085258484,0.09500805152979067,0.711755233494364,0.4033816425120773
ID1,ID1,100,0.69981456,0.5273540616035461,0.43285024154589374,0.3739130434782609,0.4033816425120773
MIR3146,MIR3146,106,0.6619488,0.4753914177417755,0.3465378421900161,0.4599033816425121,0.4032206119162641
GJA8,GJA8,116,0.7219284,0.5761069655418396,0.49516908212560384,0.3088566827697262,0.40201288244766503
CLEC2B,CLEC2B,112,0.7397569,0.6394397020339966,0.5513687600644123,0.25217391304347825,0.40177133655394526
TMEM81,TMEM81,102,0.67603105,0.49291056394577026,0.3742351046698873,0.4289855072463768,0.4016103059581321
RN7SKP249,RN7SKP249,112,0.7571741,0.7107074856758118,0.6083735909822866,0.19484702093397746,0.401610305958132
DIDO1,DIDO1,111,0.7465666,0.6689624190330505,0.5723027375201288,0.23059581320450886,0.40144927536231884
DPPA3,DPPA3,115,0.7802952,0.8749692440032959,0.6879227053140097,0.11465378421900162,0.40128824476650565
LINC00392,LINC00392,97,0.72981167,0.6062633991241455,0.5194847020933977,0.2821256038647343,0.400805152979066
MYBL2,MYBL2,108,0.69283587,0.5201295614242554,0.41578099838969407,0.38454106280193234,0.4001610305958132
RASGRP4,RASGRP4,102,0.37213323,0.3426629304885864,0.04895330112721417,0.7510466988727859,0.4
S100A8,S100A8,115,0.70511687,0.5403622984886169,0.44702093397745574,0.3526570048309179,0.39983896940418684
OTUD7B,OTUD7B,99,0.7399706,0.6448689699172974,0.5520128824476651,0.24766505636070854,0.39983896940418684
RHNO1,RHNO1,110,0.7406236,0.6466588377952576,0.5539452495974235,0.24573268921095007,0.3998389694041868
C8orf49,C8orf49,112,0.667768,0.48377999663352966,0.3539452495974235,0.4444444444444444,0.399194847020934
SLC15A5,SLC15A5,100,0.63862807,0.45708248019218445,0.3040257648953301,0.49371980676328503,0.3988727858293076
PCAT1,PCAT1,122,0.69265413,0.5223396420478821,0.4151368760064412,0.3819645732689211,0.39855072463768115
SNORA60,SNORA60,95,0.69656026,0.5291645526885986,0.4254428341384863,0.3713365539452496,0.39838969404186797
RBBP8NL,RBBP8NL,93,0.6789024,0.5001576542854309,0.3819645732689211,0.4148148148148148,0.39838969404186797
MIR920,MIR920,98,0.7549011,0.7097371220588684,0.6,0.19549114331723028,0.3977455716586151
C1orf192,C1orf192,98,0.6723429,0.4918530583381653,0.364573268921095,0.4302737520128824,0.3974235104669887
LINC00354,LINC00354,87,0.52437735,0.3838943541049957,0.14718196457326893,0.6470209339774557,0.39710144927536234
RNA5SP354,RNA5SP354,91,0.72922736,0.6136917471885681,0.5175523349436393,0.27665056360708534,0.3971014492753623
HLTF,HLTF,117,0.71219003,0.5648972988128662,0.4711755233494364,0.32270531400966185,0.3969404186795491
C6,C6,98,0.6788422,0.501823902130127,0.38164251207729466,0.4119162640901771,0.3967793880837359
EFCAB8,EFCAB8,113,0.73094785,0.6238541603088379,0.5239935587761675,0.26763285024154587,0.3958132045088567
NIPBL,NIPBL,84,0.64189595,0.46191588044166565,0.3075684380032206,0.48341384863123993,0.39549114331723023
IGSF9,IGSF9,98,0.69404554,0.5288425087928772,0.41932367149758454,0.371658615136876,0.39549114331723023
FBXO47,FBXO47,97,0.5726618,0.41163772344589233,0.2,0.5900161030595813,0.3950080515297907
KIF26B,KIF26B,124,0.7219284,0.59334796667099,0.49516908212560384,0.29436392914653786,0.39476650563607085
EIF3H,EIF3H,117,0.7273673,0.6149781346321106,0.5140096618357488,0.2753623188405797,0.39468599033816426
RNA5SP58,RNA5SP58,108,0.6468081,0.4708092212677002,0.3178743961352657,0.47085346215781,0.39436392914653784
MTRNR2L3,MTRNR2L3,114,0.64891624,0.4730280935764313,0.3223832528180354,0.46602254428341383,0.39420289855072466
BPIFA3,BPIFA3,102,0.7023925,0.544371485710144,0.4402576489533011,0.34814814814814815,0.39420289855072466
TMEM196,TMEM196,107,0.5344382,0.3906750977039337,0.157487922705314,0.6305958132045089,0.3940418679549114
MIR4652,MIR4652,106,0.6345424,0.45913395285606384,0.29822866344605475,0.4895330112721417,0.39388083735909823
C1orf61,C1orf61,123,0.6169637,0.4447638690471649,0.2644122383252818,0.5227053140096618,0.3935587761674718
TCEB1,TCEB1,113,0.7090936,0.5598171949386597,0.45893719806763283,0.3281803542673108,0.3935587761674718
GDPD4,GDPD4,89,0.36106724,0.3463561534881592,0.043478260869565216,0.7410628019323672,0.3922705314009662
GUSBP1,GUSBP1,98,0.65965503,0.4850243628025055,0.3413848631239936,0.442512077294686,0.39194847020933976
PDCD5,PDCD5,99,0.59647965,0.43070903420448303,0.23349436392914655,0.548792270531401,0.3911433172302738
RN7SL170P,RN7SL170P,102,0.7047772,0.5546758770942688,0.4454106280193237,0.3355877616747182,0.39049919484702095
IRX2,IRX2,107,0.49773198,0.3815416097640991,0.1252818035426731,0.6547504025764895,0.39001610305958134
NFS1,NFS1,104,0.7721139,0.8585138916969299,0.6576489533011272,0.12238325281803543,0.3900161030595813
MROH6,MROH6,90,0.7354543,0.6498488783836365,0.5355877616747182,0.24380032206119162,0.3896940418679549
RN7SL444P,RN7SL444P,105,0.7216562,0.603337287902832,0.49468599033816424,0.28470209339774555,0.38969404186795487
CDK14,CDK14,106,0.5897238,0.4276828467845917,0.2251207729468599,0.5539452495974235,0.3895330112721417
AADACL2,AADACL2,120,0.6419963,0.4708140790462494,0.307890499194847,0.47053140096618357,0.3892109500805153
TDRD10,TDRD10,116,0.7199932,0.6027436852455139,0.4924315619967794,0.28599033816425123,0.3892109500805153
RNU4ATAC7P,RNU4ATAC7P,109,0.74119574,0.6774969100952148,0.5555555555555556,0.22254428341384863,0.38904991948470213
SERPINI2,SERPINI2,87,0.7626528,0.7933051586151123,0.6276972624798711,0.150402576489533,0.3890499194847021
RN7SL300P,RN7SL300P,101,0.75888985,0.7670468091964722,0.614170692431562,0.16392914653784219,0.3890499194847021
ECT2,ECT2,97,0.6039131,0.43788427114486694,0.24444444444444444,0.5336553945249597,0.3890499194847021
MSTO1,MSTO1,104,0.7477431,0.700908362865448,0.5758454106280193,0.20064412238325283,0.38824476650563605
DCST2,DCST2,93,0.711373,0.5788318514823914,0.4674718196457327,0.3072463768115942,0.38735909822866343
TMTC1,TMTC1,97,0.48016044,0.3765944540500641,0.1075684380032206,0.6663446054750403,0.3869565217391304
MIR4753,MIR4753,119,0.64659667,0.47712403535842896,0.31658615136876006,0.456682769726248,0.38663446054750406
RRM2B,RRM2B,99,0.67137736,0.5010721683502197,0.36038647342995167,0.41256038647342996,0.3864734299516908
AADAC,AADAC,112,0.6742224,0.5092164278030396,0.370048309178744,0.4025764895330113,0.38631239935587763
KLHDC8A,KLHDC8A,120,0.6886579,0.5300199389457703,0.4035426731078905,0.3690821256038647,0.3863123993558776
SGK3,SGK3,104,0.7332182,0.6507536172866821,0.5294685990338164,0.2428341384863124,0.3861513687600644
P2RY12,P2RY12,113,0.7121682,0.5853045582771301,0.47085346215781,0.30144927536231886,0.3861513687600644
RPS16,RPS16,101,0.7177671,0.6023992300033569,0.4853462157809984,0.286634460547504,0.3859903381642512
COX20,COX20,88,0.7380957,0.6730470061302185,0.5439613526570048,0.22769726247987118,0.38582930756843803
AVIL,AVIL,110,0.786857,1.052339792251587,0.7104669887278583,0.06054750402576489,0.3855072463768116
C7,C7,118,0.64531547,0.47726374864578247,0.3136876006441224,0.4563607085346216,0.385024154589372
MALSU1,MALSU1,97,0.6248711,0.45895567536354065,0.279549114331723,0.48985507246376814,0.3847020933977456
ABCC9,ABCC9,100,0.7113818,0.5855562686920166,0.4679549114331723,0.30112721417069244,0.38454106280193234
FAM78B,FAM78B,95,0.6286503,0.46410834789276123,0.28792270531400965,0.48083735909822867,0.38438003220611916
CNGB3,CNGB3,112,0.7501255,0.7296128869056702,0.5832528180354267,0.18486312399355878,0.38405797101449274
TARS,TARS,98,0.6458002,0.4785081446170807,0.314975845410628,0.45314009661835747,0.38405797101449274
RNY4P5,RNY4P5,108,0.64512855,0.47825294733047485,0.3130434782608696,0.4547504025764895,0.38389694041867956
SPEF2,SPEF2,103,0.70868385,0.5747484564781189,0.4570048309178744,0.3107890499194847,0.38389694041867956
RN7SL563P,RN7SL563P,120,0.74150646,0.6933525800704956,0.5578099838969404,0.2099838969404187,0.3838969404186795
CREB3L4,CREB3L4,114,0.64886016,0.48352134227752686,0.3217391304347826,0.44476650563607084,0.3832528180354267
ASIP,ASIP,104,0.62516546,0.46068447828292847,0.28051529790660223,0.4856682769726248,0.38309178743961353
COA6,COA6,101,0.6228214,0.45836079120635986,0.2740740740740741,0.49146537842190013,0.3827697262479871
GORAB,GORAB,111,0.6829475,0.5285032391548157,0.3925925925925926,0.3719806763285024,0.3822866344605475
ATP8B2,ATP8B2,107,0.6904375,0.5381390452384949,0.40869565217391307,0.35523349436392915,0.3819645732689211
CCL28,CCL28,84,0.5668273,0.4210009276866913,0.19388083735909822,0.5697262479871176,0.3818035426731079
RN7SL380P,RN7SL380P,103,0.7307385,0.6597930788993835,0.523671497584541,0.2392914653784219,0.3814814814814815
DEFB134,DEFB134,111,0.6006446,0.4449561536312103,0.24025764895330112,0.5220611916264091,0.3811594202898551
RN7SKP52,RN7SKP52,114,0.7075569,0.5755615830421448,0.45217391304347826,0.30950080515297906,0.3808373590982287
PRPF6,PRPF6,108,0.64825624,0.4854028820991516,0.31948470209339774,0.43993558776167474,0.37971014492753624
SNORD65,SNORD65|ENSG00000212264.1,104,0.6505096,0.48871728777885437,0.3239935587761675,0.43478260869565216,0.3793880837359098
SNORD12,SNORD12,98,0.6213193,0.46016785502433777,0.2714975845410628,0.4872785829307568,0.3793880837359098
RNA5SP65,RNA5SP65,122,0.7065279,0.5754697918891907,0.44895330112721415,0.3098228663446055,0.3793880837359098
DGKB,DGKB,93,0.6719196,0.5138304829597473,0.36328502415458935,0.39516908212560387,0.37922705314009664
MBNL1,MBNL1,117,0.69937086,0.5605434775352478,0.43091787439613527,0.32753623188405795,0.37922705314009664
TTC9B,TTC9B,112,0.46744078,0.3789716362953186,0.09758454106280193,0.6608695652173913,0.3792270531400966
WNK1,WNK1,104,0.7469103,0.7318865656852722,0.5739130434782609,0.18421900161030597,0.37906602254428345
SNORA71D,SNORA71D,105,0.6625005,0.5029603242874146,0.3475040257648953,0.4099838969404187,0.378743961352657
RN7SKP55,RN7SKP55,114,0.6606749,0.5007930397987366,0.34396135265700484,0.41320450885668275,0.3785829307568438
SDHC,SDHC,105,0.6290762,0.4721583425998688,0.2898550724637681,0.46731078904991946,0.3785829307568438
PRSS51,PRSS51,109,0.6846202,0.5339663028717041,0.3954911433172303,0.36135265700483093,0.3784219001610306
LINC00966,LINC00966,87,0.7181101,0.6221836805343628,0.4863123993558776,0.26956521739130435,0.37793880837359095
NNT,NNT,113,0.61846745,0.45922744274139404,0.2660225442834139,0.4892109500805153,0.3776167471819646
CELF3,CELF3,104,0.66716176,0.5101257562637329,0.3536231884057971,0.40096618357487923,0.37729468599033816
CCDC91,CCDC91,100,0.2664669,0.3475959897041321,0.017713365539452495,0.7368760064412239,0.37729468599033816
CKS1B,CKS1B|ENSG00000173207.8,105,0.7073868,0.5824843049049377,0.45120772946859905,0.3030595813204509,0.377133655394525
LINC00568,LINC00568,99,0.7224237,0.6357829570770264,0.4972624798711755,0.2560386473429952,0.3766505636070854
LPCAT3,LPCAT3,83,0.67314553,0.5193584561347961,0.36650563607085346,0.38679549114331724,0.3766505636070854
MFSD1,MFSD1,122,0.64883095,0.49169623851776123,0.3214170692431562,0.43059581320450885,0.37600644122383253
SEMA6C,SEMA6C,103,0.63418794,0.47830814123153687,0.29726247987117554,0.45410628019323673,0.37568438003220617
LGALS7,LGALS7,94,0.61951524,0.46221745014190674,0.2679549114331723,0.48276972624798714,0.3753623188405797
PCK1,PCK1,104,0.7571826,0.8117854595184326,0.6086956521739131,0.14170692431561996,0.3752012882447665
PMF1,PMF1,108,0.71658915,0.624922513961792,0.48276972624798714,0.26634460547504024,0.37455716586151366
FGF4,FGF4,99,0.6695809,0.5162141919136047,0.3571658615136876,0.39162640901771334,0.3743961352657005
ANKRD60,ANKRD60,109,0.7521214,0.7753775119781494,0.5903381642512078,0.15813204508856682,0.3742351046698873
OS9,OS9,104,0.69326794,0.5594098567962646,0.41835748792270533,0.3294685990338164,0.3739130434782609
SELENBP1,SELENBP1,98,0.653236,0.49862200021743774,0.32914653784219,0.4177133655394525,0.37342995169082127
DROSHA,DROSHA,92,0.76028764,0.8465595841407776,0.6202898550724638,0.12624798711755233,0.3732689210950081
CDH10,CDH10,104,0.7357417,0.6934124231338501,0.5368760064412238,0.20966183574879227,0.37326892109500803
RN7SL572P,RN7SL572P,110,0.6907687,0.5554342269897461,0.4106280193236715,0.3352657004830918,0.3729468599033816
NUPR1L,NUPR1L,111,0.56875026,0.43000754714012146,0.19516908212560385,0.5504025764895331,0.37278582930756843
HCK,HCK,116,0.7439543,0.7408802509307861,0.5658615136876006,0.1793880837359098,0.37262479871175525
ARFGEF1,ARFGEF1,101,0.7468878,0.7528892159461975,0.573268921095008,0.17198067632850242,0.37262479871175525
TIMM50,TIMM50,105,0.5773175,0.43564268946647644,0.2064412238325282,0.5384863123993558,0.372463768115942
CSTF1,CSTF1,118,0.6592404,0.507787823677063,0.34074074074074073,0.4038647342995169,0.3723027375201288
SMC4,SMC4,113,0.7323868,0.6842718720436096,0.5272141706924316,0.21739130434782608,0.3723027375201288
DEFB136,DEFB136,91,0.7154741,0.6242970824241638,0.47761674718196456,0.26666666666666666,0.3721417069243156
MANBAL,MANBAL,97,0.6734849,0.5262161493301392,0.3687600644122383,0.3748792270531401,0.3718196457326892
ZNF705D,ZNF705D,109,0.7271928,0.6709569096565247,0.5130434782608696,0.22930756843800323,0.37117552334943643
SEC22B,SEC22B,93,0.7074467,0.597004771232605,0.4515297906602254,0.29017713365539455,0.37085346215781
FAM105B,FAM105B,104,0.6928721,0.5629470348358154,0.41642512077294686,0.32463768115942027,0.37053140096618353
CDH12,CDH12,108,0.7178758,0.636685848236084,0.4859903381642512,0.25442834138486314,0.37020933977455717
LINC00977,LINC00977,92,0.7464796,0.7560325860977173,0.5719806763285025,0.16843800322061192,0.37020933977455717
SCHIP1,SCHIP1,114,0.7246418,0.6653335690498352,0.5049919484702093,0.23349436392914655,0.36924315619967796
RNA5SP355,RNA5SP355,115,0.7368253,0.7067674994468689,0.5407407407407407,0.1967793880837359,0.3687600644122383
CCDC166,CCDC166,120,0.60008353,0.45501163601875305,0.2396135265700483,0.4975845410628019,0.3685990338164251
TAS2R9,TAS2R9,91,0.7809245,1.1098204851150513,0.6901771336553946,0.04669887278582931,0.36843800322061193
RN7SL395P,RN7SL395P,86,0.6893503,0.5588716864585876,0.40611916264090175,0.33075684380032205,0.36843800322061193
LYN,LYN,110,0.6656882,0.5197688937187195,0.3516908212560386,0.3851851851851852,0.36843800322061193
CDH26,CDH26,102,0.6688904,0.523321270942688,0.35555555555555557,0.3793880837359098,0.3674718196457327
SNORD124,SNORD124,105,0.39740306,0.3742166757583618,0.060225442834138485,0.6747181964573269,0.36747181964573267
TACC1,TACC1,92,0.56254035,0.43112871050834656,0.18647342995169083,0.5481481481481482,0.3673107890499195
LEMD1,LEMD1,103,0.6985638,0.5803321003913879,0.4280193236714976,0.3059581320450886,0.36698872785829306
TAGLN2,TAGLN2,123,0.7233419,0.6661317348480225,0.5004830917874397,0.2325281803542673,0.3665056360708535
TMEM52B,TMEM52B,107,0.72940165,0.6884848475456238,0.5181964573268921,0.2135265700483092,0.36586151368760067
WDYHV1,WDYHV1,98,0.7073647,0.6086816787719727,0.45088566827697263,0.28019323671497587,0.36553945249597425
LCE2B,LCE2B,108,0.72132784,0.6633380055427551,0.4943639291465378,0.2360708534621578,0.3652173913043478
MRPS17,MRPS17,99,0.47752255,0.3938809037208557,0.10499194847020935,0.6244766505636071,0.3647342995169082
OXCT1,OXCT1,95,0.5646615,0.43504390120506287,0.1896940418679549,0.5394524959742351,0.364573268921095
PPIAL4B,PPIAL4B,113,0.6034924,0.4607829451560974,0.24380032206119162,0.4853462157809984,0.364573268921095
ITLN1,ITLN1,109,0.7167708,0.6471503973007202,0.48341384863123993,0.24476650563607086,0.3640901771336554
FBXO4,FBXO4,101,0.68224764,0.5527126789093018,0.39162640901771334,0.336231884057971,0.36392914653784214
STMN1P1,STMN1P1,95,0.69214606,0.5725454092025757,0.414170692431562,0.31336553945249596,0.36376811594202896
C1orf54,C1orf54,101,0.66319394,0.5245825052261353,0.34911433172302736,0.37681159420289856,0.36296296296296293
CCDC152,CCDC152,101,0.6283278,0.48712554574012756,0.28760064412238323,0.43703703703703706,0.36231884057971014
RNY4P8,RNY4P8,101,0.46412444,0.39150524139404297,0.09533011272141707,0.6293075684380032,0.36231884057971014
SPRR3,SPRR3,98,0.75448084,0.8481203317642212,0.5990338164251208,0.1249597423510467,0.3619967793880837
C20orf144,C20orf144,114,0.739618,0.7542245388031006,0.5500805152979066,0.17037037037037037,0.3602254428341385
CRP,CRP,86,0.6703864,0.5339370965957642,0.3587761674718196,0.3616747181964573,0.3602254428341385
RN7SL621P,RN7SL621P,105,0.5789182,0.45016419887542725,0.20772946859903382,0.5123993558776168,0.3600644122383253
CTSK,CTSK,105,0.75769186,0.8934665322303772,0.6106280193236715,0.10853462157809984,0.35958132045088564
RIMKLB,RIMKLB,118,0.6877386,0.5701624155044556,0.4028985507246377,0.3159420289855073,0.35942028985507246
TOMM40L,TOMM40L,115,0.67626446,0.5475669503211975,0.37552334943639293,0.34299516908212563,0.3592592592592593
EPPK1,EPPK1,97,0.63501775,0.49783074855804443,0.29919484702093396,0.41932367149758454,0.3592592592592593
RN7SL566P,RN7SL566P,95,0.5069807,0.4137115776538849,0.13172302737520128,0.5861513687600645,0.35893719806763286
MTMR12,MTMR12,113,0.6921001,0.5818462371826172,0.41352657004830917,0.3037037037037037,0.35861513687600644
KRAS,KRAS,99,0.6998049,0.6047652363777161,0.4325281803542673,0.2834138486312399,0.3579710144927536
FOXM1,FOXM1,109,0.5987934,0.46641939878463745,0.23735909822866344,0.4782608695652174,0.3578099838969404
MYH16,MYH16,115,0.5222667,0.42027395963668823,0.14524959742351046,0.5700483091787439,0.3576489533011272
SPAG11A,SPAG11A,112,0.6542207,0.5204300880432129,0.3310789049919485,0.384219001610306,0.3576489533011272
WFDC11,WFDC11,86,0.64407045,0.5096499919891357,0.3117552334943639,0.401610305958132,0.35668276972624796
RAD21,RAD21,92,0.700583,0.6116819977760315,0.43446054750402574,0.2785829307568438,0.3565217391304348
FAM86B2,FAM86B2,114,0.7299699,0.7129309177398682,0.5198067632850242,0.19291465378421901,0.3563607085346216
LINC00623,LINC00623,122,0.6048879,0.473180890083313,0.24734299516908212,0.46537842190016104,0.3563607085346216
FBXO27,FBXO27,107,0.42395106,0.3873274326324463,0.07342995169082125,0.6392914653784219,0.35636070853462154
SGCZ,SGCZ,88,0.68360025,0.5684459805488586,0.3935587761674718,0.3188405797101449,0.35619967793880836
DAB2,DAB2,98,0.69008315,0.581051230430603,0.4074074074074074,0.3046698872785829,0.3560386473429952
FAM105A,FAM105A,104,0.50541806,0.4169211685657501,0.13107890499194846,0.5797101449275363,0.35539452495974233
SPRR2F,SPRR2F,104,0.7245104,0.6977360248565674,0.5043478260869565,0.2064412238325282,0.35539452495974233
C1orf51,C1orf51,107,0.5404001,0.4324564039707184,0.16392914653784219,0.5455716586151369,0.35475040257648954
BPIFB4,BPIFB4,92,0.5840085,0.45883166790008545,0.21578099838969403,0.4901771336553945,0.35297906602254425
MLF1,MLF1,93,0.72546864,0.7053332328796387,0.507890499194847,0.19806763285024154,0.35297906602254425
NDUFA9,NDUFA9,110,0.5376991,0.43265461921691895,0.1610305958132045,0.5446054750402577,0.35281803542673107
CHCHD2,CHCHD2,96,0.6523179,0.524736225605011,0.3285024154589372,0.37648953301127214,0.3524959742351047
SUB1,SUB1,89,0.72827125,0.7217142581939697,0.5156199677938809,0.1890499194847021,0.35233494363929146
SULF1,SULF1,116,0.7171604,0.6807811260223389,0.48470209339774556,0.21996779388083737,0.35233494363929146
ACSM4,ACSM4,130,0.6994366,0.6192607283592224,0.43156199677938806,0.27278582930756845,0.3521739130434782
GMEB2,GMEB2,120,0.62487423,0.4961133599281311,0.27987117552334945,0.421256038647343,0.35056360708534623
DDX11,DDX11,90,0.6467668,0.5213909149169922,0.31755233494363927,0.38357487922705313,0.3505636070853462
CEP250,CEP250,88,0.69144213,0.6021344661712646,0.4128824476650564,0.28695652173913044,0.34991948470209344
LYRM5,LYRM5,106,0.6702782,0.5509333610534668,0.35813204508856683,0.3384863123993559,0.3483091787439614
CYC1,CYC1,115,0.63481086,0.5123541355133057,0.29887278582930754,0.3974235104669887,0.3481481481481481
SEPP1,SEPP1,107,0.6359465,0.5140060782432556,0.3004830917874396,0.39484702093397744,0.34766505636070855
PSMD4,PSMD4,90,0.67185855,0.5581628680229187,0.362962962962963,0.3314009661835749,0.34718196457326894
MIR4277,MIR4277,107,0.59681034,0.47564974427223206,0.23478260869565218,0.45925925925925926,0.3470209339774557
UBXN2B,UBXN2B,92,0.5856736,0.46753811836242676,0.21932367149758455,0.4747181964573269,0.3470209339774557
MED10,MED10,108,0.58264863,0.4657764136791229,0.2144927536231884,0.4792270531400966,0.3468599033816425
GFM1,GFM1,101,0.698325,0.6267828345298767,0.42737520128824474,0.2640901771336554,0.3457326892109501
SV2A,SV2A,109,0.59964573,0.4790034890174866,0.23864734299516907,0.45217391304347826,0.34541062801932365
KLRG1,KLRG1,94,0.651917,0.5335429310798645,0.32657004830917874,0.36264090177133657,0.3446054750402576
NEURL2,NEURL2,101,0.5912646,0.47498220205307007,0.22737520128824476,0.4618357487922705,0.3446054750402576
FCGR1A,FCGR1A,90,0.74884045,0.8938427567481995,0.5803542673107891,0.10789049919484701,0.3441223832528181
PLD5,PLD5,107,0.71665186,0.6993206143379211,0.4830917874396135,0.20515297906602253,0.344122383252818
ST18,ST18,102,0.49564964,0.4224311113357544,0.12302737520128824,0.5652173913043478,0.344122383252818
ACTN2,ACTN2,110,0.6708687,0.5602273941040039,0.35942028985507246,0.32785829307568437,0.3436392914653784
FAM72B,FAM72B,109,0.6721433,0.5661887526512146,0.3642512077294686,0.3217391304347826,0.3429951690821256
RNA5SP74,RNA5SP74,97,0.62823325,0.5114702582359314,0.28695652173913044,0.39903381642512076,0.3429951690821256
SEMG1,SEMG1,120,0.73469925,0.7858943939208984,0.5326892109500805,0.1529790660225443,0.3428341384863124
SCNN1A,SCNN1A,92,0.6988069,0.6360617280006409,0.4293075684380032,0.2557165861513688,0.342512077294686
RN7SKP41,RN7SKP41,119,0.5700797,0.45971250534057617,0.19710144927536233,0.48792270531400966,0.342512077294686
DEFB116,DEFB116,103,0.6138124,0.4945869743824005,0.2589371980676328,0.42576489533011275,0.3423510466988728
NBPF8,NBPF8,100,0.49844953,0.4249216318130493,0.12560386473429952,0.5587761674718197,0.3421900161030596
CTSA,CTSA,112,0.6716634,0.5667478442192078,0.3619967793880837,0.3210950080515298,0.34154589371980676
IMMP2L,IMMP2L,102,0.6467177,0.5324645638465881,0.3172302737520129,0.3652173913043478,0.34122383252818034
CDCA7L,CDCA7L,100,0.54617035,0.45043620467185974,0.16940418679549113,0.5120772946859904,0.3407407407407408
NMD3,NMD3,101,0.7272158,0.7576484084129333,0.513365539452496,0.1681159420289855,0.34074074074074073
HELZ2,HELZ2,114,0.60786,0.49352186918258667,0.2508856682769726,0.42640901771336553,0.3386473429951691
ZNF705G,ZNF705G,115,0.63031775,0.5196559429168701,0.2914653784219002,0.3855072463768116,0.3384863123993559
SNORA57,SNORA57|ENSG00000212567.1,85,0.6433774,0.5324171781539917,0.3101449275362319,0.36553945249597425,0.33784219001610305
CRISPLD1,CRISPLD1,112,0.6585004,0.553293764591217,0.3397745571658615,0.33590982286634463,0.33784219001610305
TSHZ3,TSHZ3,103,0.47556522,0.4194836914539337,0.10338164251207729,0.5719806763285025,0.33768115942028987
PROZ,PROZ,97,0.7205512,0.7358371019363403,0.4930756843800322,0.1819645732689211,0.33752012882447663
RNY4P25,RNY4P25,90,0.64556366,0.5347142815589905,0.3140096618357488,0.36038647342995167,0.3371980676328502
TUBB1,TUBB1,105,0.6911889,0.6284149289131165,0.4115942028985507,0.26280193236714977,0.3371980676328502
C1R,C1R,114,0.65854985,0.5563803911209106,0.34009661835748795,0.33365539452495974,0.33687600644122384
KIAA0947,KIAA0947,97,0.61831224,0.5039622783660889,0.26570048309178745,0.40805152979066023,0.33687600644122384
ARID4B,ARID4B,99,0.7230663,0.7512280344963074,0.4995169082125604,0.17359098228663447,0.3365539452495974
LINC00686,LINC00686,107,0.6844918,0.6125428676605225,0.39516908212560387,0.277938808373591,0.3365539452495974
RN7SL852P,RN7SL852P,118,0.5238109,0.44277724623680115,0.1468599033816425,0.5259259259259259,0.3363929146537842
FGF10,FGF10,108,0.63763285,0.5307728052139282,0.30209339774557165,0.3681159420289855,0.3351046698872786
COMMD7,COMMD7,111,0.6570849,0.556498646736145,0.33687600644122384,0.3333333333333333,0.3351046698872786
BCAS4,BCAS4,101,0.7508278,0.9650179147720337,0.5848631239935588,0.08438003220611916,0.33462157809983895
MAPK15,MAPK15,99,0.60418844,0.4957321286201477,0.24508856682769725,0.42286634460547506,0.33397745571658616
CD160,CD160,98,0.6193095,0.5111241340637207,0.26763285024154587,0.4003220611916264,0.3339774557165861
KCNQ3,KCNQ3,112,0.7163805,0.7285725474357605,0.4811594202898551,0.1855072463768116,0.33333333333333337
KCNMB4,KCNMB4,99,0.5333194,0.4507126808166504,0.15587761674718195,0.5107890499194847,0.3333333333333333
CA13,CA13,113,0.7195711,0.7497658133506775,0.49146537842190013,0.17455716586151368,0.3330112721417069
RN7SL777P,RN7SL777P,110,0.6601407,0.5659992098808289,0.34299516908212563,0.322061191626409,0.33252818035426734
MIR887,MIR887,111,0.6633779,0.5703258514404297,0.3494363929146538,0.31529790660225443,0.3323671497584541
SCARNA4,SCARNA4|ENSG00000252808.1,103,0.7404294,0.8850172758102417,0.5529790660225443,0.1107890499194847,0.3318840579710145
SEC62,SEC62,120,0.6227077,0.5174544453620911,0.27375201288244766,0.3896940418679549,0.3317230273752013
ANKH,ANKH,104,0.5889019,0.4856068193912506,0.22318840579710145,0.4396135265700483,0.3314009661835749
FBXL14,FBXL14,108,0.6836092,0.6223465800285339,0.39388083735909823,0.2689210950080515,0.33140096618357484
RAE1,RAE1,118,0.6575991,0.5630531311035156,0.33816425120772947,0.3243156199677939,0.33123993558776166
FXYD1,FXYD1,112,0.49655214,0.4357779324054718,0.12399355877616747,0.5381642512077295,0.3310789049919485
THRSP,THRSP,111,0.06873987,0.38037940859794617,0.003864734299516908,0.6579710144927536,0.3309178743961353
ADAMTS16,ADAMTS16,124,0.62308943,0.5194668173789978,0.2750402576489533,0.3861513687600644,0.3305958132045088
CNST,CNST,101,0.6459844,0.5457819104194641,0.31529790660225443,0.3455716586151369,0.33043478260869563
MROH8,MROH8,95,0.62381727,0.5213692784309387,0.27697262479871176,0.38389694041867956,0.33043478260869563
NKAIN4,NKAIN4,108,0.6958468,0.6628001928329468,0.42351046698872785,0.23639291465378423,0.329951690821256
ANKIB1,ANKIB1,104,0.6094753,0.5069817900657654,0.2531400966183575,0.40515297906602254,0.32914653784219006
JPH2,JPH2,103,0.7187034,0.7543911933898926,0.4882447665056361,0.16972624798711755,0.3289855072463768
MLLT11,MLLT11,98,0.73215,0.8389714956283569,0.5268921095008051,0.13011272141706925,0.3285024154589372
GAL,GAL,92,0.6748325,0.6034723520278931,0.3713365539452496,0.2843800322061192,0.32785829307568437
AKAP9,AKAP9,118,0.57980424,0.4822167456150055,0.20933977455716588,0.44605475040257647,0.3276972624798712
EEF1A2,EEF1A2,98,0.75523716,1.0849885940551758,0.6025764895330112,0.05217391304347826,0.32737520128824477
FGFR1OP2,FGFR1OP2,100,0.38829118,0.407634437084198,0.05636070853462158,0.5974235104669887,0.32689210950080516
TCHH,TCHH,87,0.7285582,0.8200292587280273,0.5159420289855072,0.13719806763285025,0.32657004830917874
IL6,IL6,90,0.62564427,0.5292655825614929,0.2811594202898551,0.37069243156199677,0.32592592592592595
FNTA,FNTA,111,0.69832265,0.6768113970756531,0.4270531400966184,0.22415458937198068,0.32560386473429953
KIAA1551,KIAA1551,111,0.6323461,0.5372342467308044,0.2946859903381642,0.3565217391304348,0.3256038647342995
ATP4B,ATP4B,109,0.48900226,0.43780601024627686,0.11690821256038647,0.5339774557165862,0.3254428341384863
GATA5,GATA5,122,0.6580034,0.573756754398346,0.33880837359098226,0.3120772946859903,0.3254428341384863
ARFGAP1,ARFGAP1,89,0.57119656,0.4795028269290924,0.19871175523349435,0.45088566827697263,0.3247987117552335
TSTA3,TSTA3,116,0.6818712,0.6322067975997925,0.3903381642512077,0.25925925925925924,0.32479871175523345
ACRBP,ACRBP,111,0.73829824,0.9026461839675903,0.5449275362318841,0.10402576489533011,0.3244766505636071
CDKN1B,CDKN1B,123,0.6724134,0.6044360399246216,0.3648953301127214,0.28373590982286634,0.3243156199677939
HIST2H4A,HIST2H4A,98,0.74280334,0.958742082118988,0.5623188405797102,0.08631239935587762,0.3243156199677939
ING4,ING4,116,0.70035785,0.686832070350647,0.4331723027375201,0.21481481481481482,0.3239935587761675
PAQR6,PAQR6,102,0.6226954,0.5272647142410278,0.27342995169082124,0.3742351046698873,0.32383252818035424
STEAP1B,STEAP1B,106,0.5922997,0.4982759952545166,0.2289855072463768,0.41835748792270533,0.32367149758454106
MIR3609,MIR3609,102,0.55923533,0.4738936722278595,0.1822866344605475,0.4640901771336554,0.32318840579710145
ACP6,ACP6,105,0.717137,0.7715818881988525,0.48438003220611914,0.1610305958132045,0.32270531400966185
TOX2,TOX2,108,0.7498375,1.0390573740005493,0.5822866344605475,0.06280193236714976,0.32254428341384866
CACNA2D4,CACNA2D4,100,0.67872435,0.6266012787818909,0.38035426731078903,0.2644122383252818,0.3223832528180354
IGSF8,IGSF8,91,0.72203,0.7978870272636414,0.4956521739130435,0.14879227053140096,0.32222222222222224
RNA5SP254,RNA5SP254,119,0.6114083,0.5181486010551453,0.25507246376811593,0.3887278582930757,0.3219001610305958
ZFP30,ZFP30,97,0.72399116,0.8129486441612244,0.5020933977455717,0.14106280193236714,0.32157809983896946
BGLAP,BGLAP,109,0.7104455,0.7430784702301025,0.46537842190016104,0.17777777777777778,0.3215780998389694
ZHX3,ZHX3,102,0.7233981,0.8176494836807251,0.500805152979066,0.1394524959742351,0.3201288244766506
WTAPP1,WTAPP1,114,0.32623476,0.40106943249702454,0.03285024154589372,0.607085346215781,0.3199677938808374
RNA5SP61,RNA5SP61,113,0.64515764,0.5625630617141724,0.31336553945249596,0.32560386473429953,0.31948470209339774
ZNF124,ZNF124,118,0.6761876,0.629021406173706,0.3748792270531401,0.26215780998389693,0.31851851851851853
PPDPF,PPDPF,112,0.69883496,0.6970272064208984,0.42962962962962964,0.2074074074074074,0.31851851851851853
LGALS14,LGALS14,84,0.4668529,0.43480396270751953,0.09694041867954911,0.5400966183574879,0.31851851851851853
GON4L,GON4L,99,0.7242155,0.8291707634925842,0.5030595813204509,0.13365539452495975,0.31835748792270535
PTGER4,PTGER4,96,0.575775,0.4916013777256012,0.2038647342995169,0.43091787439613527,0.3173913043478261
OR10J1,OR10J1,106,0.70944005,0.7518054842948914,0.4605475040257649,0.17294685990338166,0.3167471819645733
TARS2,TARS2,103,0.6942293,0.6885731816291809,0.4199677938808374,0.21320450885668277,0.31658615136876006
C8orf12,C8orf12,104,0.62283176,0.5369637608528137,0.2743961352657005,0.357487922705314,0.3159420289855073
MAP3K10,MAP3K10,118,0.5825845,0.49903973937034607,0.214170692431562,0.4167471819645733,0.3154589371980676
GML,GML,117,0.6490505,0.5774570107460022,0.32270531400966185,0.30821256038647343,0.3154589371980676
LGI4,LGI4,110,0.45300794,0.43410032987594604,0.08824476650563608,0.54170692431562,0.314975845410628
C5orf42,C5orf42,105,0.6679788,0.6178308129310608,0.35523349436392915,0.2740740740740741,0.3146537842190016
MIR579,MIR579,82,0.7096948,0.7633002996444702,0.46215780998389694,0.16586151368760063,0.3140096618357488
ZNF479,ZNF479,88,0.6228919,0.5399278998374939,0.27471819645732687,0.3533011272141707,0.31400966183574874
ANKRD35,ANKRD35,93,0.59091616,0.509702205657959,0.22640901771336555,0.40128824476650565,0.3138486312399356
ANXA9,ANXA9,104,0.67985046,0.6520561575889587,0.38454106280193234,0.242512077294686,0.3135265700483092
SLCO1B1,SLCO1B1,96,0.41914225,0.42694199085235596,0.07020933977455716,0.5552334943639291,0.3127214170692431
FIP1L1,FIP1L1,113,0.052194502,0.39465487003326416,0.00322061191626409,0.6215780998389694,0.31239935587761675
DTX3,DTX3,116,0.3814077,0.4197227954864502,0.05314009661835749,0.571658615136876,0.31239935587761675
PLAT,PLAT,89,0.5897614,0.5112099051475525,0.22544283413848631,0.3993558776167472,0.31239935587761675
BPIFA1,BPIFA1,104,0.6051608,0.5254312753677368,0.24766505636070854,0.3752012882447665,0.31143317230273754
KIAA1875,KIAA1875,112,0.6679346,0.6227611899375916,0.3545893719806763,0.2679549114331723,0.3112721417069243
ZNF517,ZNF517,91,0.66252613,0.6180881857872009,0.34782608695652173,0.27375201288244766,0.3107890499194847
USF1,USF1,114,0.67494965,0.6410549283027649,0.371658615136876,0.2499194847020934,0.3107890499194847
SLC6A19,SLC6A19,102,0.40711385,0.4264816641807556,0.06505636070853463,0.5561996779388084,0.3106280193236715
PSKH2,PSKH2,95,0.72660947,0.8927943110466003,0.5111111111111111,0.10885668276972625,0.30998389694041867
RNU6ATAC32P,RNU6ATAC32P,107,0.61539847,0.536738932132721,0.26215780998389693,0.3578099838969404,0.30998389694041867
TPPP,TPPP,94,0.5002397,0.45824021100997925,0.12818035426731078,0.49178743961352656,0.30998389694041867
MYO7A,MYO7A,105,0.19735606,0.3997635543346405,0.00933977455716586,0.6106280193236715,0.30998389694041867
DENND4B,DENND4B,94,0.63399005,0.5649421811103821,0.2969404186795491,0.3223832528180354,0.30966183574879225
ADAMTS12,ADAMTS12,101,0.66795796,0.6276614665985107,0.3549114331723027,0.26344605475040256,0.30917874396135264
RN7SL36P,RN7SL36P,91,0.7052134,0.7542154788970947,0.4473429951690821,0.1706924315619968,0.30901771336553946
KCNK15,KCNK15,105,0.6520804,0.5967097282409668,0.3272141706924316,0.2904991948470209,0.3088566827697262
ZNF512B,ZNF512B,107,0.69130987,0.698421061038971,0.4119162640901771,0.20579710144927535,0.3088566827697262
TM7SF3,TM7SF3,105,0.70913213,0.777169942855835,0.45925925925925926,0.157487922705314,0.3083735909822866
MIR3196,MIR3196,94,0.5535358,0.485860139131546,0.17713365539452497,0.4386473429951691,0.307890499194847
ERBB2,ERBB2,122,0.65806264,0.614127516746521,0.3394524959742351,0.27600644122383255,0.30772946859903383
AMACR,AMACR,100,0.6147627,0.5382369756698608,0.2605475040257649,0.3549114331723027,0.30772946859903383
LRRC34,LRRC34,122,0.638255,0.5734100341796875,0.3030595813204509,0.31239935587761675,0.30772946859903383
SLC39A4,SLC39A4,99,0.6519858,0.6011385321617126,0.32689210950080516,0.28792270531400965,0.3074074074074074
CD4,CD4,116,0.7231322,0.8775779604911804,0.5001610305958132,0.11400966183574879,0.307085346215781
FAM86B1,FAM86B1,107,0.5636195,0.49512168765068054,0.18840579710144928,0.4251207729468599,0.3067632850241546
HCN1,HCN1,109,0.70447856,0.7557311654090881,0.44476650563607084,0.16876006441223831,0.30676328502415456
COX4I2,COX4I2,109,0.71125215,0.8026931285858154,0.4666666666666667,0.1462157809983897,0.3064412238325282
MROH5,MROH5,114,0.58007836,0.5085735321044922,0.20966183574879227,0.40322061191626407,0.30644122383252814
TTC23L,TTC23L,97,0.60425115,0.5312275290489197,0.24541062801932367,0.3668276972624799,0.3061191626409018
CERS2,CERS2,115,0.6717093,0.6414555311203003,0.36231884057971014,0.249597423510467,0.3059581320450886
STAR,STAR,96,0.43429703,0.43820706009864807,0.07890499194847021,0.533011272141707,0.3059581320450886
ASXL1,ASXL1,103,0.65494496,0.6110033392906189,0.3326892109500805,0.2789049919484702,0.30579710144927535
MANSC4,MANSC4,99,0.48746595,0.4557429850101471,0.11529790660225443,0.4956521739130435,0.305475040257649
SSR2,SSR2,107,0.7369035,1.0198065042495728,0.5413848631239936,0.06956521739130435,0.305475040257649
CHRNB3,CHRNB3,103,0.5837448,0.5133119225502014,0.21545893719806763,0.3954911433172303,0.30547504025764893
FCGR1B,FCGR1B,88,0.49428862,0.459917277097702,0.12206119162640902,0.48760064412238324,0.30483091787439615
TENM4,TENM4,97,0.4351623,0.4402133822441101,0.07954911433172303,0.5297906602254429,0.30466988727858296
CUL4A,CUL4A,129,0.60866386,0.5374360680580139,0.25217391304347825,0.355877616747182,0.3040257648953301
FAM173B,FAM173B,101,0.6456931,0.5959334969520569,0.3146537842190016,0.29178743961352654,0.30322061191626404
MIR641,MIR641,108,0.5810692,0.5143641829490662,0.21191626409017714,0.3935587761674718,0.3027375201288245
UGT3A2,UGT3A2,104,0.5712366,0.5054879784584045,0.19903381642512077,0.4064412238325282,0.3027375201288245
RNA5SP177,RNA5SP177,129,0.62093866,0.5560142397880554,0.27053140096618356,0.33397745571658616,0.30225442834138483
TUFT1,TUFT1,98,0.6201527,0.556645929813385,0.26956521739130435,0.33301127214170695,0.3012882447665056
H3F3C,H3F3C,85,0.73968524,1.0924230813980103,0.5504025764895331,0.05185185185185185,0.30112721417069244
RECQL,RECQL,104,0.58842593,0.522942841053009,0.22190016103059582,0.38003220611916266,0.30096618357487925
RGS20,RGS20,113,0.68922406,0.7070517539978027,0.40547504025764897,0.1964573268921095,0.30096618357487925
RNA5SP252,RNA5SP252,107,0.6703733,0.6500479578971863,0.35845410628019325,0.2431561996779388,0.300805152979066
NIM1,NIM1,109,0.47037813,0.453443706035614,0.0998389694041868,0.5014492753623189,0.30064412238325283
PLCZ1,PLCZ1,100,0.61221385,0.5465442538261414,0.256682769726248,0.34428341384863126,0.3004830917874396
DEFB122,DEFB122,106,0.6104431,0.5448575019836426,0.2541062801932367,0.3468599033816425,0.3004830917874396
RNU6ATAC41P,RNU6ATAC41P,116,0.691402,0.7223755121231079,0.41256038647342996,0.18808373590982286,0.3003220611916264
HDAC9,HDAC9,100,0.61698216,0.5556938052177429,0.2647342995169082,0.33462157809983895,0.29967793880837357
ZBP1,ZBP1,102,0.69660187,0.7541797161102295,0.42576489533011275,0.17101449275362318,0.298389694041868
C8orf74,C8orf74,106,0.65071845,0.6199547648429871,0.3249597423510467,0.2714975845410628,0.29822866344605475
SNORD72,SNORD72,116,0.6017272,0.5382956266403198,0.24154589371980675,0.3545893719806763,0.2980676328502415
PRPF3,PRPF3,92,0.6666557,0.6499517560005188,0.35233494363929146,0.24347826086956523,0.29790660225442833
RNF139,RNF139,102,0.67133045,0.6640223264694214,0.3600644122383253,0.23446054750402576,0.29726247987117554
BRF2,BRF2,96,0.4163467,0.4430047273635864,0.06892109500805153,0.5256038647342995,0.29726247987117554
MAGOHB,MAGOHB,97,0.7226027,0.9284601807594299,0.49790660225442834,0.09597423510466989,0.2969404186795491
HIST2H2AC,HIST2H2AC,88,0.59985834,0.5386751294136047,0.2392914653784219,0.35426731078904994,0.29677938808373594
HIST2H2AA3,HIST2H2AA3,111,0.6290268,0.5817857980728149,0.2895330112721417,0.3040257648953301,0.29677938808373594
PSPH,PSPH,108,0.51317346,0.47709962725639343,0.13655394524959744,0.4570048309178744,0.29677938808373594
KCNS1,KCNS1,118,0.7329175,1.0297127962112427,0.5281803542673108,0.06505636070853463,0.2966183574879227
DEPTOR,DEPTOR,104,0.70830685,0.8193487524986267,0.45507246376811594,0.13784219001610307,0.2964573268921095
TADA1,TADA1,105,0.63317615,0.5895615816116333,0.2956521739130435,0.29726247987117554,0.2964573268921095
SAMD7,SAMD7,99,0.6594741,0.6398118734359741,0.34106280193236715,0.2518518518518518,0.29645732689210946
KLRC3,KLRC3,115,0.70744777,0.8145612478256226,0.45185185185185184,0.14009661835748793,0.2959742351046699
KPRP,KPRP,110,0.6613247,0.646649181842804,0.34524959742351047,0.2460547504025765,0.2956521739130435
LCE1E,LCE1E,102,0.61581784,0.5612452030181885,0.2631239935587762,0.3272141706924316,0.2951690821256039
DEFB106B,DEFB106B,99,0.6224788,0.5696820020675659,0.27310789049919487,0.3169082125603865,0.2950080515297907
C20orf166,C20orf166,96,0.70443964,0.803490936756134,0.4444444444444444,0.14557165861513688,0.29500805152979065
ADAM3A,ADAM3A,106,0.30191165,0.4234914481639862,0.02705314009661836,0.5623188405797102,0.2946859903381643
TNIK,TNIK,97,0.6692014,0.6656661033630371,0.3565217391304348,0.23285024154589373,0.2946859903381642
TPCN2,TPCN2,110,0.48132813,0.4663756489753723,0.10950080515297907,0.4785829307568438,0.29404186795491144
USP21,USP21,100,0.67394614,0.6838028430938721,0.36940418679549114,0.2180354267310789,0.293719806763285
STRAP,STRAP,96,0.5469811,0.4992419183254242,0.1713365539452496,0.41610305958132043,0.293719806763285
FKBP4,FKBP4,103,0.62425715,0.5758382081985474,0.27761674718196455,0.30917874396135264,0.2933977455716586
RN7SL668P,RN7SL668P,108,0.6522374,0.6326260566711426,0.32785829307568437,0.2589371980676328,0.2933977455716586
UQCC,UQCC,95,0.6199109,0.5692659616470337,0.26859903381642514,0.3178743961352657,0.2932367149758454
SLC2A14,SLC2A14,102,0.70761764,0.8278571367263794,0.4524959742351047,0.13397745571658615,0.2932367149758454
CLECL1,CLECL1,93,0.6185739,0.567849338054657,0.26666666666666666,0.31948470209339774,0.2930756843800322
RN7SL789P,RN7SL789P,102,0.534948,0.493233859539032,0.15845410628019324,0.42769726247987117,0.2930756843800322
ZNF596,ZNF596,106,0.60549504,0.5526728630065918,0.24895330112721417,0.3365539452495974,0.2927536231884058
SOX5,SOX5,100,0.6731731,0.6832212209701538,0.3668276972624799,0.2186795491143317,0.2927536231884058
IL1RAP,IL1RAP,106,0.63215715,0.5965898036956787,0.29436392914653786,0.29082125603864734,0.2925925925925926
NPTX2,NPTX2,98,0.6047274,0.5509496927261353,0.2466988727858293,0.33816425120772947,0.2924315619967794
CBFA2T2,CBFA2T2,119,0.6150154,0.5644981861114502,0.2608695652173913,0.32302737520128827,0.2919484702093398
HAR1A,HAR1A,100,0.6442924,0.6197288632392883,0.3120772946859903,0.2718196457326892,0.2919484702093398
LINC00529,LINC00529,102,0.60077196,0.5479889512062073,0.24090177133655394,0.3423510466988728,0.29162640901771336
KPNA7,KPNA7,94,0.5884269,0.5345284938812256,0.2222222222222222,0.3610305958132045,0.29162640901771336
MIR556,MIR556,111,0.67344725,0.6871516704559326,0.3677938808373591,0.2144927536231884,0.29114331723027376
CPB1,CPB1,108,0.59541285,0.5432185530662537,0.2322061191626409,0.3497584541062802,0.2909822866344606
RYR2,RYR2,100,0.62695324,0.591249942779541,0.28405797101449276,0.2966183574879227,0.29033816425120773
FCGR3B,FCGR3B,90,0.7159451,0.9163545370101929,0.4792270531400966,0.10048309178743961,0.2898550724637681
GRK1,GRK1,90,0.6538946,0.6434193253517151,0.33043478260869563,0.24895330112721417,0.2896940418679549
CYP11B1,CYP11B1,114,0.6162442,0.5718033909797668,0.263768115942029,0.3140096618357488,0.28888888888888886
RN7SL107P,RN7SL107P,116,0.68893963,0.7519697546958923,0.4038647342995169,0.17262479871175523,0.2882447665056361
MYL9,MYL9,96,0.54680866,0.5068807005882263,0.1706924315619968,0.4057971014492754,0.2882447665056361
LINC00477,LINC00477,111,0.6561221,0.6544647812843323,0.33462157809983895,0.24154589371980675,0.28808373590982284
TMEM130,TMEM130,99,0.4757612,0.4700983166694641,0.10402576489533011,0.4718196457326892,0.28792270531400965
SPATA16,SPATA16,90,0.47795916,0.4708443582057953,0.10563607085346216,0.47020933977455714,0.28792270531400965
SMCO2,SMCO2,104,0.5307111,0.4961118698120117,0.1539452495974235,0.4215780998389694,0.28776167471819647
PTCD1,PTCD1,92,0.5193428,0.49037203192710876,0.1426731078904992,0.4318840579710145,0.2872785829307568
RN7SL663P,RN7SL663P,111,0.5509483,0.5111624002456665,0.1742351046698873,0.4,0.2871175523349436
ZMYND8,ZMYND8,102,0.69466466,0.7855241894721985,0.42028985507246375,0.1533011272141707,0.2867954911433172
PRB3,PRB3,100,0.5316502,0.498607337474823,0.15458937198067632,0.4180354267310789,0.2863123993558776
RPTN,RPTN,102,0.67625564,0.7058971524238586,0.3752012882447665,0.19710144927536233,0.2861513687600644
RN7SKP218,RN7SKP218,101,0.4667312,0.4674093425273895,0.0966183574879227,0.4753623188405797,0.28599033816425123
GNG4,GNG4,97,0.6187324,0.5817006230354309,0.2669887278582931,0.30434782608695654,0.2856682769726248
LCE2D,LCE2D,108,0.5628378,0.5214155912399292,0.18776167471819646,0.3832528180354267,0.2855072463768116
MSRB3,MSRB3,93,0.6335548,0.6156649589538574,0.2962962962962963,0.27471819645732687,0.2855072463768116
LINC00599,LINC00599,92,0.58934283,0.5453858375549316,0.22415458937198068,0.3458937198067633,0.285024154589372
ZNF131,ZNF131,102,0.57030344,0.5292186141014099,0.19806763285024154,0.3710144927536232,0.28454106280193237
RNA5SP60,RNA5SP60,102,0.60429084,0.5643168687820435,0.24573268921095007,0.32334943639291464,0.28454106280193237
RAD1,RAD1,89,0.58125013,0.5371556282043457,0.21223832528180353,0.3568438003220612,0.28454106280193237
EIF4EBP1,EIF4EBP1,100,0.6768698,0.7142715454101562,0.3761674718196457,0.19227053140096617,0.28421900161030594
DHCR7,DHCR7,96,0.41762948,0.45485004782676697,0.06988727858293076,0.49790660225442834,0.2838969404186795
ADSS,ADSS,94,0.67663515,0.7173956036567688,0.37584541062801935,0.19066022544283415,0.28325281803542673
PPAPDC1B,PPAPDC1B,119,0.5626958,0.523668110370636,0.18711755233494365,0.3780998389694042,0.28260869565217395
FAM72D,FAM72D,113,0.6099462,0.5745916366577148,0.2537842190016103,0.3111111111111111,0.2824476650563607
VOPP1,VOPP1,103,0.38462892,0.45119625329971313,0.05475040257648953,0.5098228663446055,0.2822866344605475
LINC00565,LINC00565,104,0.5693025,0.5308385491371155,0.1964573268921095,0.36747181964573267,0.2819645732689211
MECOM,MECOM,109,0.6746631,0.7143237590789795,0.3710144927536232,0.19194847020933978,0.2814814814814815
DPM3,DPM3,103,0.671459,0.7000243067741394,0.3607085346215781,0.20225442834138485,0.28148148148148144
KCNQ2,KCNQ2,115,0.68563944,0.7671096324920654,0.39838969404186797,0.1636070853462158,0.2809983896940419
SNORA1,SNORA1|ENSG00000199405.1,100,0.65444386,0.6704698204994202,0.33172302737520126,0.22995169082125605,0.28083735909822866
SRGAP2B,SRGAP2B,111,0.66408235,0.6918468475341797,0.350402576489533,0.21127214170692432,0.28083735909822866
MIR598,MIR598,108,0.5809123,0.5439231395721436,0.21127214170692432,0.3484702093397746,0.27987117552334945
RN7SL58P,RN7SL58P,105,0.6552527,0.6741122007369995,0.33365539452495974,0.2257648953301127,0.2797101449275362
OSMR,OSMR,124,0.6548892,0.6766804456710815,0.3323671497584541,0.22447665056360708,0.2784219001610306
FASTKD3,FASTKD3,110,0.6460893,0.660147488117218,0.3159420289855073,0.2389694041867955,0.27745571658615137
SLC1A3,SLC1A3,103,0.58856153,0.557724118232727,0.22254428341384863,0.33172302737520126,0.27713365539452495
RN7SKP46,RN7SKP46,89,0.63538635,0.6382530331611633,0.2998389694041868,0.2537842190016103,0.2768115942028986
MIR4635,MIR4635,98,0.65994495,0.6923622488975525,0.3423510466988728,0.2106280193236715,0.27648953301127216
TXNIP,TXNIP,110,0.47455263,0.4808095693588257,0.10209339774557166,0.4492753623188406,0.27568438003220613
THEG5,THEG5,87,0.45030257,0.4739241898059845,0.08663446054750402,0.463768115942029,0.27520128824476653
FGD4,FGD4,86,0.67586315,0.7453823685646057,0.37359098228663445,0.1758454106280193,0.27471819645732687
AHR,AHR,97,0.62163925,0.6141191720962524,0.27246376811594203,0.2763285024154589,0.2743961352657005
DEFB130,DEFB130|ENSG00000233050.1,80,0.63666546,0.6461820602416992,0.30144927536231886,0.2463768115942029,0.2739130434782609
SYT11,SYT11,88,0.66046983,0.6996335983276367,0.343317230273752,0.20418679549114332,0.27375201288244766
RNA5SP358,RNA5SP358,103,0.69667864,0.8614291548728943,0.4260869565217391,0.12077294685990338,0.27342995169082124
SMURF1,SMURF1,95,0.6233977,0.6210371851921082,0.27568438003220613,0.27053140096618356,0.2731078904991948
DNAH5,DNAH5,104,0.69743824,0.8629894256591797,0.42640901771336553,0.11980676328502415,0.2731078904991948
NUP107,NUP107,111,0.503745,0.49924564361572266,0.13011272141706925,0.41578099838969407,0.27294685990338163
MARCH9,MARCH9,134,0.66534275,0.7108590006828308,0.35136876006441226,0.19452495974235104,0.27294685990338163
ADCY2,ADCY2,104,0.66698027,0.7130415439605713,0.3529790660225443,0.1925925925925926,0.27278582930756845
LIME1,LIME1,106,0.5339019,0.5182474851608276,0.1565217391304348,0.3884057971014493,0.27246376811594203
TUBGCP3,TUBGCP3,102,0.5763578,0.5495230555534363,0.20483091787439614,0.34009661835748795,0.27246376811594203
FAM66A,FAM66A,108,0.57776475,0.551832914352417,0.207085346215781,0.33784219001610305,0.27246376811594203
DEFB135,DEFB135,85,0.515708,0.5064886808395386,0.13880837359098228,0.40611916264090175,0.27246376811594203
SNORA14B,SNORA14B,105,0.6816073,0.780965268611908,0.3893719806763285,0.15523349436392914,0.2723027375201288
PCID2,PCID2,100,0.5619953,0.5353906750679016,0.18454106280193236,0.3597423510466989,0.2721417069243156
FCGR2C,FCGR2C,102,0.6231819,0.6224580407142639,0.2753623188405797,0.26859903381642514,0.2719806763285024
IFNL4,IFNL4,115,0.6986017,0.8749529719352722,0.428341384863124,0.11497584541062802,0.271658615136876
RNA5SP227,RNA5SP227,100,0.57770896,0.5556720495223999,0.20676328502415459,0.33494363929146537,0.27085346215781
CD244,CD244,119,0.64287436,0.6671397089958191,0.30950080515297906,0.2318840579710145,0.2706924315619968
PKP2,PKP2,101,0.5994721,0.5835645198822021,0.23832528180354268,0.3027375201288245,0.27053140096618356
PPP1R9A,PPP1R9A,111,0.43153903,0.47430312633514404,0.07729468599033816,0.46344605475040257,0.27037037037037037
EDEM2,EDEM2,98,0.6786221,0.7740673422813416,0.37971014492753624,0.1603864734299517,0.27004830917874395
MIR548I3,MIR548I3,99,0.60615665,0.6015400290489197,0.2499194847020934,0.28760064412238323,0.2687600644122383
ZNF703,ZNF703,112,0.60053724,0.5891286134719849,0.23993558776167473,0.2975845410628019,0.2687600644122383
APOBEC1,APOBEC1,104,0.64607584,0.6784566640853882,0.31561996779388085,0.22190016103059582,0.2687600644122383
GRTP1,GRTP1,100,0.667828,0.7344818711280823,0.35426731078904994,0.18293075684380034,0.26859903381642514
RN7SL391P,RN7SL391P,100,0.6240422,0.6309941411018372,0.2772946859903382,0.2599033816425121,0.26859903381642514
WFDC12,WFDC12,96,0.68063104,0.7952461838722229,0.38679549114331724,0.1500805152979066,0.26843800322061195
OVCH1,OVCH1,94,0.7224323,1.1584231853485107,0.4975845410628019,0.03896940418679549,0.2682769726247987
NBPF10,NBPF10,113,0.5659579,0.5466983318328857,0.19227053140096617,0.34396135265700484,0.2681159420289855
FRS2,FRS2,113,0.3786465,0.46153825521469116,0.05152979066022544,0.48405797101449277,0.2677938808373591
CMAS,CMAS,108,0.6346226,0.6637869477272034,0.2985507246376812,0.23510466988727857,0.2668276972624799
GNGT1,GNGT1,102,0.6259972,0.6408544182777405,0.2824476650563607,0.2508856682769726,0.26666666666666666
C8orf48,C8orf48,116,0.64730406,0.6867691278457642,0.3181964573268921,0.2151368760064412,0.26666666666666666
NR1I3,NR1I3,116,0.6281052,0.6459879279136658,0.286634460547504,0.2466988727858293,0.26666666666666666
RNA5SP176,RNA5SP176,103,0.6727051,0.7603083252906799,0.36586151368760067,0.16682769726247987,0.26634460547504024
USP35,USP35,104,0.28360707,0.4515494704246521,0.021900161030595812,0.5085346215780998,0.2652173913043478
PRKDC,PRKDC,99,0.5290981,0.5242116451263428,0.15201288244766506,0.377133655394525,0.264573268921095
YWHAB,YWHAB,100,0.6834681,0.8244670629501343,0.3932367149758454,0.1355877616747182,0.2644122383252818
RN7SL636P,RN7SL636P,99,0.64984363,0.6997315287590027,0.32334943639291464,0.2038647342995169,0.2636070853462158
FABP4,FABP4,100,0.6383526,0.6771451830863953,0.3033816425120773,0.22286634460547505,0.26312399355877614
MIR4457,MIR4457,117,0.63433075,0.6736791729927063,0.29790660225442833,0.22705314009661837,0.26247987117552335
PPFIA1,PPFIA1,103,0.2159171,0.45051804184913635,0.011272141706924315,0.5117552334943639,0.26151368760064414
MIR5692A2,MIR5692A2,114,0.63809323,0.6819762587547302,0.3027375201288245,0.21900161030595813,0.2608695652173913
ANKRD33B,ANKRD33B,113,0.57714945,0.5702621936798096,0.20579710144927535,0.31561996779388085,0.2607085346215781
TTC14,TTC14,103,0.6808826,0.8319656848907471,0.38743961352657,0.1320450885668277,0.25974235104669885
TCHHL1,TCHHL1,105,0.5850478,0.5864731073379517,0.2177133655394525,0.3004830917874396,0.25909822866344606
SEMA5A,SEMA5A,133,0.62877214,0.6706585884094238,0.2882447665056361,0.22962962962962963,0.2589371980676328
TERT,TERT,99,0.55133146,0.5479796528816223,0.1752012882447665,0.3426731078904992,0.2589371980676328
TONSL,TONSL,101,0.6478876,0.7052887082099915,0.3191626409017713,0.19838969404186796,0.25877616747181964
PMCHL1,PMCHL1,100,0.65725976,0.7417907118797302,0.33719806763285026,0.178743961352657,0.2579710144927536
CAPRIN2,CAPRIN2,111,0.5841427,0.5873058438301086,0.21610305958132045,0.29919484702093396,0.2576489533011272
RN7SKP22,RN7SKP22,101,0.56215477,0.5594533681869507,0.1855072463768116,0.3288244766505636,0.2571658615136876
RNA5SP253,RNA5SP253,108,0.6599746,0.7537383437156677,0.3426731078904992,0.1713365539452496,0.2570048309178744
DEFA1,DEFA1,93,0.58985674,0.6008039712905884,0.2257648953301127,0.2882447665056361,0.2570048309178744
RNA5SP180,RNA5SP180,109,0.48905572,0.5128188729286194,0.11723027375201288,0.3964573268921095,0.25684380032206117
MIR4662B,MIR4662B,106,0.69136065,0.9223812818527222,0.41223832528180354,0.09855072463768116,0.25539452495974235
LINC00942,LINC00942,99,0.40518144,0.4816450774669647,0.06376811594202898,0.44702093397745574,0.25539452495974235
KLRC4,KLRC4,120,0.59937733,0.6182639002799988,0.23768115942028986,0.27310789049919487,0.25539452495974235
CHD4,CHD4,101,0.639916,0.699627697467804,0.3059581320450886,0.20450885668276972,0.25523349436392917
NAPRT1,NAPRT1,96,0.6558408,0.7450284957885742,0.3342995169082126,0.17616747181964573,0.25523349436392917
ASH1L,ASH1L,114,0.6521299,0.7383687496185303,0.32753623188405795,0.18164251207729468,0.2545893719806763
CT49,CT49,99,0.6108071,0.6366018056869507,0.25442834138486314,0.2547504025764895,0.2545893719806763
KIFAP3,KIFAP3,103,0.6811201,0.860794186592102,0.38808373590982287,0.12109500805152978,0.2545893719806763
TAS2R30,TAS2R30,107,0.6081853,0.6346849203109741,0.25120772946859904,0.2573268921095008,0.25426731078904996
ZFAT,ZFAT,111,0.6118904,0.6392932534217834,0.2560386473429952,0.25249597423510467,0.25426731078904996
MIR4636,MIR4636,95,0.66291827,0.7748653292655945,0.34879227053140094,0.15942028985507245,0.25410628019323667
PVRL4,PVRL4,96,0.63937986,0.7003979682922363,0.30531400966183575,0.20193236714975846,0.2536231884057971
DKK4,DKK4,97,0.5514679,0.5592725872993469,0.17552334943639292,0.32979066022544284,0.2526570048309179
PAF1,PAF1,98,0.6522623,0.7493517398834229,0.3281803542673108,0.1748792270531401,0.25152979066022546
CTSS,CTSS,113,0.54912513,0.5591639876365662,0.1723027375201288,0.33011272141706927,0.25120772946859904
LINC00393,LINC00393,121,0.44311804,0.4974909722805023,0.08148148148148149,0.4199677938808374,0.25072463768115943
TRIP13,TRIP13,116,0.5258471,0.5401827692985535,0.14782608695652175,0.3529790660225443,0.250402576489533
POM121L12,POM121L12,123,0.62003374,0.6699908971786499,0.2692431561996779,0.23027375201288244,0.24975845410628017
LINC00346,LINC00346,103,0.5477801,0.5616537928581238,0.17198067632850242,0.32689210950080516,0.2494363929146538
DYRK2,DYRK2,114,0.43579707,0.497994989156723,0.07987117552334944,0.4190016103059581,0.24943639291465378
C12orf39,C12orf39,116,0.53714174,0.552535355091095,0.1600644122383253,0.33687600644122384,0.24847020933977457
RNA5SP179,RNA5SP179,107,0.59696066,0.6302897334098816,0.23510466988727857,0.2611916264090177,0.24814814814814815
C20orf24,C20orf24,118,0.5690173,0.5878591537475586,0.1961352657004831,0.29887278582930754,0.24750402576489533
NPBWR2,NPBWR2,106,0.6131334,0.6617910265922546,0.2579710144927536,0.23703703703703705,0.24750402576489533
ENSA,ENSA,98,0.6235235,0.6832451820373535,0.27600644122383255,0.21835748792270532,0.24718196457326894
ADAM18,ADAM18,113,0.56514215,0.582217812538147,0.19033816425120773,0.3033816425120773,0.2468599033816425
MIR135B,MIR135B,105,0.6393486,0.7222554087638855,0.30499194847020933,0.18840579710144928,0.2466988727858293
GNAS,GNAS,88,0.6552014,0.774115800857544,0.3333333333333333,0.1600644122383253,0.2466988727858293
FAM85B,FAM85B,121,0.6618935,0.8005364537239075,0.3462157809983897,0.1468599033816425,0.2465378421900161
RXRG,RXRG,101,0.6607159,0.798591136932373,0.34428341384863126,0.14782608695652175,0.24605475040257652
HIST2H2BF,HIST2H2BF,85,0.63011235,0.7006093859672546,0.29082125603864734,0.20128824476650564,0.2460547504025765
NKD2,NKD2,90,0.6483101,0.7536129355430603,0.3201288244766506,0.171658615136876,0.24589371980676328
RNA5SP178,RNA5SP178,117,0.65153176,0.7643958926200867,0.32592592592592595,0.16553945249597424,0.2457326892109501
HIST2H4B,HIST2H4B,109,0.5888567,0.6262102127075195,0.22286634460547505,0.2647342995169082,0.24380032206119162
TRHDE,TRHDE,106,0.7120379,1.4396212100982666,0.47053140096618357,0.01674718196457327,0.2436392914653784
OR2G2,OR2G2,92,0.5109621,0.542005717754364,0.1359098228663446,0.35104669887278583,0.2434782608695652
S100A10,S100A10,98,0.69032377,0.9932996034622192,0.40805152979066023,0.0782608695652174,0.2431561996779388
NBPF20,NBPF20,107,0.682384,0.9326880574226379,0.39194847020933976,0.09436392914653784,0.2431561996779388
SOX17,SOX17,101,0.6956885,1.036427617073059,0.42286634460547506,0.06312399355877617,0.24299516908212562
DEFA1B,DEFA1B,100,0.63238525,0.7196379899978638,0.29500805152979065,0.19001610305958133,0.242512077294686
ANXA13,ANXA13,106,0.5893658,0.6308514475822449,0.22447665056360708,0.2602254428341385,0.2423510466988728
RN7SL709P,RN7SL709P,104,0.42815208,0.5035415291786194,0.07568438003220612,0.40901771336553944,0.24235104669887278
SAMD4B,SAMD4B,114,0.45106503,0.5160978436470032,0.08792270531400966,0.39194847020933976,0.2399355877616747
COL4A1,COL4A1,113,0.62648755,0.7072611451148987,0.28309178743961355,0.1961352657004831,0.2396135265700483
DBNDD2,DBNDD2,108,0.7089015,1.3683576583862305,0.45829307568438005,0.020289855072463767,0.2392914653784219
MACC1,MACC1,106,0.5956937,0.64698326587677,0.23285024154589373,0.24541062801932367,0.2391304347826087
SOX7,SOX7,97,0.56254643,0.5965224504470825,0.18679549114331723,0.29114331723027376,0.2389694041867955
ADPRHL1,ADPRHL1,93,0.22384101,0.4731108546257019,0.011916264090177134,0.46570048309178746,0.2388083735909823
VPS45,VPS45,109,0.6387586,0.7512949109077454,0.30434782608695654,0.17326892109500805,0.23880837359098228
RN7SKP135,RN7SKP135,102,0.6802431,0.9440662264823914,0.38582930756843803,0.09082125603864734,0.23832528180354268
PEA15,PEA15,95,0.65065545,0.7894508838653564,0.32463768115942027,0.15169082125603864,0.23816425120772944
C8orf86,C8orf86,104,0.48421732,0.5327641367912292,0.11175523349436393,0.3639291465378422,0.23784219001610307
LRLE1,LRLE1,94,0.5982638,0.6617171764373779,0.23671497584541062,0.23735909822866344,0.23703703703703705
RN7SKP207,RN7SKP207,98,0.6901793,1.028352975845337,0.4077294685990338,0.06634460547504026,0.23703703703703705
SHANK2,SHANK2,97,0.6607642,0.8415156602859497,0.3446054750402576,0.1288244766505636,0.23671497584541062
CAMK2N2,CAMK2N2,96,0.6598278,0.8364980816841125,0.34202898550724636,0.13140096618357489,0.23671497584541062
C19orf33,C19orf33,124,0.43400222,0.5142696499824524,0.0785829307568438,0.39420289855072466,0.23639291465378423
BAG4,BAG4,104,0.5550753,0.594639241695404,0.178743961352657,0.2933977455716586,0.23607085346215778
SNORD13,SNORD13,89,0.49211204,0.5432361960411072,0.12045088566827697,0.3494363929146538,0.2349436392914654
MIR4458,MIR4458,101,0.58506906,0.6409311294555664,0.2180354267310789,0.2505636070853462,0.23429951690821255
CPNE8,CPNE8,100,0.5997912,0.6723979711532593,0.2389694041867955,0.22801932367149758,0.23349436392914652
DEFB107B,DEFB107B,114,0.6117322,0.6931543350219727,0.2557165861513688,0.21030595813204508,0.23301127214170692
DKFZP434E1119,DKFZP434E1119,105,0.32095507,0.48938265442848206,0.031239935587761676,0.4331723027375201,0.2322061191626409
RN7SL141P,RN7SL141P,110,0.5415597,0.5880311727523804,0.16553945249597424,0.2985507246376812,0.2320450885668277
GATAD1,GATAD1,103,0.38231343,0.5030733942985535,0.054428341384863126,0.40933977455716586,0.2318840579710145
CASS4,CASS4,93,0.68903804,1.0602279901504517,0.40515297906602254,0.057971014492753624,0.23156199677938807
MAK16,MAK16,97,0.5896669,0.6608120799064636,0.2247987117552335,0.23800322061191626,0.23140096618357486
PSMC4,PSMC4,92,0.44876868,0.5236902832984924,0.08502415458937199,0.37777777777777777,0.23140096618357486
MPZ,MPZ,91,0.68172795,1.0094317197799683,0.3896940418679549,0.07214170692431562,0.23091787439613526
PPP6R3,PPP6R3,112,0.30725172,0.48932942748069763,0.028019323671497585,0.43349436392914653,0.23075684380032205
RASA3,RASA3,97,0.527315,0.5747773051261902,0.14911433172302738,0.3104669887278583,0.2297906602254428
PIGU,PIGU,96,0.68699205,1.0690478086471558,0.401610305958132,0.05571658615136876,0.2286634460547504
FBXL7,FBXL7,105,0.6108684,0.6999950408935547,0.2547504025764895,0.20257648953301127,0.2286634460547504
TMEM123,TMEM123,125,0.31733787,0.49519041180610657,0.030917874396135265,0.4247987117552335,0.22785829307568436
ORAOV1,ORAOV1,103,0.6366563,0.7887915968894958,0.30112721417069244,0.15233494363929145,0.22673107890499195
AAMDC,AAMDC,120,0.42020258,0.5215973258018494,0.07053140096618357,0.3826086956521739,0.22657004830917876
OLR1,OLR1,110,0.68490744,1.0618520975112915,0.3958132045088567,0.05732689210950081,0.22657004830917876
DCST1,DCST1,104,0.69864744,1.3169159889221191,0.42866344605475043,0.024154589371980676,0.22640901771336555
PAIP1,PAIP1,93,0.6482795,0.8311155438423157,0.31980676328502416,0.13301127214170694,0.22640901771336555
SPACA7,SPACA7,103,0.5740856,0.6425929665565491,0.20096618357487922,0.2492753623188406,0.2251207729468599
NUDT17,NUDT17,110,0.62175775,0.7438936829566956,0.27278582930756845,0.17713365539452497,0.2249597423510467
HIST2H2AB,HIST2H2AB,108,0.5607207,0.6254400610923767,0.18325281803542673,0.2660225442834139,0.2246376811594203
ARHGEF10,ARHGEF10,103,0.59448737,0.6842080354690552,0.23123993558776168,0.2177133655394525,0.2244766505636071
TSPAN9,TSPAN9,118,0.6709721,0.9557826519012451,0.3597423510466989,0.08792270531400966,0.22383252818035426
SLCO1A2,SLCO1A2,105,0.6778109,1.0186666250228882,0.37777777777777777,0.06988727858293076,0.22383252818035426
FAM194A,FAM194A,114,0.6671192,0.93520188331604,0.3533011272141707,0.09404186795491143,0.22367149758454105
COPA,COPA,104,0.7026353,1.6425703763961792,0.44090177133655395,0.006119162640901771,0.22351046698872787
STARD3,STARD3,99,0.37572733,0.5132911205291748,0.050241545893719805,0.3958132045088567,0.22302737520128826
PHF20,PHF20,106,0.6048269,0.7036004066467285,0.24702093397745573,0.19903381642512077,0.22302737520128824
CD48,CD48,102,0.6255933,0.767210841178894,0.28083735909822866,0.16328502415458937,0.22206119162640903
MIR4257,MIR4257,100,0.57624847,0.6603537201881409,0.20450885668276972,0.23864734299516907,0.2215780998389694
SLC6A18,SLC6A18,124,0.56893975,0.6457002758979797,0.19549114331723028,0.24734299516908212,0.22141706924315618
LINC00676,LINC00676,97,0.59225947,0.6893401145935059,0.2286634460547504,0.21256038647342995,0.22061191626409016
SDHAP3,SDHAP3,100,0.5872574,0.6815139055252075,0.2215780998389694,0.21932367149758455,0.22045088566827697
KCNJ10,KCNJ10,115,0.6576895,0.9132340550422668,0.3384863123993559,0.10177133655394525,0.22012882447665058
DLC1,DLC1,112,0.57039964,0.6574603319168091,0.19838969404186796,0.24090177133655394,0.21964573268921095
DEFB103B,DEFB103B,106,0.62567616,0.7757422924041748,0.2814814814814815,0.15780998389694043,0.21964573268921095
LAMTOR2,LAMTOR2,103,0.686597,1.1603516340255737,0.4006441223832528,0.03832528180354267,0.21948470209339774
FAM98C,FAM98C,108,0.34581116,0.5125842094421387,0.03896940418679549,0.39710144927536234,0.21803542673107892
ZPBP2,ZPBP2,86,0.63331383,0.8157967925071716,0.2959742351046699,0.1397745571658615,0.2178743961352657
SNORD81,SNORD81|ENSG00000212278.1,112,0.5595212,0.639284610748291,0.18293075684380034,0.2528180354267311,0.2178743961352657
MIR4660,MIR4660,108,0.51036066,0.5870049595832825,0.13526570048309178,0.2998389694041868,0.2175523349436393
ETNK1,ETNK1,110,0.64481515,0.8589324951171875,0.31272141706924317,0.12173913043478261,0.2172302737520129
EIF3K,EIF3K,100,0.609916,0.7394100427627563,0.2534621578099839,0.18099838969404186,0.21723027375201287
LINC00452,LINC00452,102,0.42359895,0.5354326963424683,0.07310789049919485,0.35942028985507246,0.21626409017713366
FAM66E,FAM66E,95,0.54306287,0.6255611181259155,0.16618357487922705,0.26570048309178745,0.21594202898550724
MIR92B,MIR92B,112,0.63924706,0.8436300158500671,0.3046698872785829,0.12721417069243157,0.21594202898550724
TSPAN8,TSPAN8,101,0.64984316,0.893486499786377,0.32302737520128827,0.10821256038647344,0.21561996779388085
TEX29,TEX29,98,0.54417026,0.6276831030845642,0.16747181964573268,0.2631239935587762,0.21529790660225445
DEFA5,DEFA5,128,0.5979258,0.7112632989883423,0.23639291465378423,0.19388083735909822,0.2151368760064412
RGS19,RGS19,96,0.39093393,0.5277984738349915,0.057004830917874394,0.37262479871175525,0.21481481481481482
MMP20,MMP20,119,0.16785945,0.4958356022834778,0.007085346215780998,0.4222222222222222,0.2146537842190016
LYPLA1,LYPLA1,91,0.53448105,0.6201339364051819,0.15780998389694043,0.2711755233494364,0.21449275362318843
FMO5,FMO5,97,0.5892113,0.6994988918304443,0.22383252818035426,0.20483091787439614,0.2143317230273752
ABCB5,ABCB5,99,0.5702352,0.6676245927810669,0.19742351046698872,0.23123993558776168,0.2143317230273752
MYO16,MYO16,90,0.69317293,1.5539121627807617,0.4180354267310789,0.010305958132045089,0.214170692431562
ERI1,ERI1,104,0.57720685,0.6790968775749207,0.20611916264090177,0.221256038647343,0.2136876006441224
CLEC12B,CLEC12B,102,0.4064146,0.5331419110298157,0.0644122383252818,0.362962962962963,0.2136876006441224
LYSMD1,LYSMD1,105,0.5527903,0.6409822106361389,0.17648953301127215,0.25024154589371983,0.21336553945249598
C3AR1,C3AR1,93,0.630252,0.825343906879425,0.29114331723027376,0.13494363929146538,0.21304347826086956
NBPF14,NBPF14,90,0.62486523,0.8033343553543091,0.2792270531400966,0.14589371980676327,0.21256038647342995
KCTD21,KCTD21,115,0.23502687,0.5027287602424622,0.013848631239935587,0.4106280193236715,0.21223832528180353
LONRF1,LONRF1,98,0.5320372,0.6240006685256958,0.15523349436392914,0.2673107890499195,0.21127214170692432
FDFT1,FDFT1,93,0.56224614,0.6636678576469421,0.185829307568438,0.235426731078905,0.21062801932367148
MDM2,MDM2,94,0.6488144,0.9197455644607544,0.3210950080515298,0.09919484702093398,0.21014492753623187
PFDN4,PFDN4,86,0.63007516,0.8407630920410156,0.2904991948470209,0.1294685990338164,0.20998389694041866
SIRT2,SIRT2,119,0.56459516,0.6714344024658203,0.18937198067632852,0.2289855072463768,0.20917874396135266
SNORA70,SNORA70|ENSG00000207244.1,125,0.62133193,0.8012421131134033,0.2718196457326892,0.14653784219001612,0.20917874396135266
AAR2,AAR2,111,0.57023823,0.6812066435813904,0.19774557165861514,0.21964573268921095,0.20869565217391306
FAM155A,FAM155A,108,0.5777965,0.693458080291748,0.2074074074074074,0.20933977455716588,0.20837359098228664
FCGR1C,FCGR1C,91,0.6282895,0.8410528898239136,0.28727858293075687,0.12914653784219002,0.20821256038647346
MIR4737,MIR4737,87,0.3849265,0.5357475280761719,0.05507246376811594,0.35909822866344604,0.20708534621578098
ERC1,ERC1,93,0.39377013,0.5389642119407654,0.05829307568438003,0.3539452495974235,0.20611916264090177
FYB,FYB,83,0.65635806,0.997173547744751,0.3352657004830918,0.07665056360708535,0.20595813204508856
PAPD7,PAPD7,108,0.59219635,0.7330037355422974,0.228341384863124,0.18357487922705315,0.20595813204508856
YTHDF1,YTHDF1,107,0.5469031,0.6580856442451477,0.17101449275362318,0.24025764895330112,0.20563607085346214
AVL9,AVL9,92,0.64877534,0.945529580116272,0.3207729468599034,0.09017713365539452,0.20547504025764896
POTEA,POTEA,103,0.50781685,0.6119894981384277,0.1323671497584541,0.2782608695652174,0.20531400966183574
LINC00028,LINC00028,113,0.60523427,0.7699334621429443,0.24798711755233493,0.16231884057971013,0.20515297906602253
YIF1B,YIF1B,109,0.65387946,0.9819328784942627,0.33011272141706927,0.07987117552334944,0.20499194847020935
MIR3916,MIR3916,103,0.57436913,0.6944100260734558,0.20128824476650564,0.20837359098228664,0.20483091787439614
FCGBP,FCGBP,106,0.5797201,0.7016710042953491,0.20869565217391303,0.2003220611916264,0.20450885668276972
NSUN2,NSUN2,99,0.62591106,0.8441173434257507,0.2821256038647343,0.12657004830917876,0.2043478260869565
RNF170,RNF170,98,0.5956341,0.7459569573402405,0.2325281803542673,0.17552334943639292,0.20402576489533011
MIR597,MIR597,113,0.51637024,0.6256271600723267,0.14009661835748793,0.26537842190016103,0.20273752012882448
CPSF6,CPSF6,104,0.2468124,0.5170913338661194,0.014814814814814815,0.3903381642512077,0.20257648953301127
HTRA4,HTRA4,100,0.5371783,0.6475669145584106,0.1603864734299517,0.24444444444444444,0.20241545893719806
DUSP15,DUSP15,99,0.5931587,0.7505306005477905,0.22995169082125605,0.1742351046698873,0.20209339774557167
C8orf22,C8orf22,102,0.618536,0.819745659828186,0.26634460547504024,0.13752012882447665,0.20193236714975843
IFFO1,IFFO1,87,0.29887044,0.5251961350440979,0.02576489533011272,0.37552334943639293,0.20064412238325283
MTERF,MTERF,81,0.18782236,0.5168739557266235,0.008051529790660225,0.391304347826087,0.1996779388083736
GRINA,GRINA,111,0.58105063,0.7267966866493225,0.21159420289855072,0.18679549114331723,0.19919484702093398
ENPP2,ENPP2,108,0.5693443,0.7005625367164612,0.1967793880837359,0.20161030595813204,0.19919484702093398
POP4,POP4,111,0.5421739,0.6666643023490906,0.16586151368760063,0.2322061191626409,0.19903381642512075
KLHL7,KLHL7,109,0.42554757,0.5663118362426758,0.07471819645732689,0.3214170692431562,0.19806763285024154
RN7SL250P,RN7SL250P,112,0.58158123,0.7397690415382385,0.21320450885668277,0.18067632850241547,0.19694041867954912
FBXL20,FBXL20,107,0.58364165,0.7421460747718811,0.2151368760064412,0.1784219001610306,0.1967793880837359
PINX1,PINX1,122,0.47776738,0.6020810604095459,0.10531400966183575,0.28727858293075687,0.1962962962962963
SLC6A13,SLC6A13,121,0.5568674,0.6896967887878418,0.18035426731078905,0.21223832528180353,0.1962962962962963
ANP32E,ANP32E,104,0.6215915,0.8621030449867249,0.2721417069243156,0.12045088566827697,0.1962962962962963
GPC6,GPC6,88,0.35618064,0.5446378588676453,0.04219001610305958,0.3475040257648953,0.19484702093397743
RMDN1,RMDN1,79,0.64314115,0.9847828149795532,0.3098228663446055,0.07922705314009662,0.19452495974235107
MMP7,MMP7,80,0.24612734,0.5275017619132996,0.014492753623188406,0.37359098228663445,0.19404186795491143
FAM126A,FAM126A,94,0.5273095,0.6606605052947998,0.14879227053140096,0.23832528180354268,0.1935587761674718
ZFAS1,ZFAS1,87,0.6648533,1.1840784549713135,0.35104669887278583,0.035748792270531404,0.19339774557165862
RPRD2,RPRD2,88,0.65335715,1.063586711883545,0.3294685990338164,0.057004830917874394,0.1932367149758454
ARPC1A,ARPC1A,115,0.4710692,0.6032947301864624,0.10048309178743961,0.28502415458937197,0.19275362318840578
FMOD,FMOD,93,0.6257167,0.9079254269599915,0.28180354267310787,0.10305958132045089,0.19243156199677938
DCP1B,DCP1B,116,0.6034852,0.813251256942749,0.24347826086956523,0.14074074074074075,0.192109500805153
HGSNAT,HGSNAT,99,0.56565267,0.715522289276123,0.19162640901771336,0.19162640901771336,0.19162640901771336
DEFB104B,DEFB104B,104,0.58725137,0.7712115049362183,0.221256038647343,0.16167471819645732,0.19146537842190015
EMB,EMB,116,0.5609753,0.7047020196914673,0.18357487922705315,0.19871175523349435,0.19114331723027375
ALG8,ALG8,119,0.25043485,0.5318210124969482,0.015458937198067632,0.36618357487922704,0.19082125603864733
CD69,CD69,92,0.59166545,0.7885403633117676,0.22801932367149758,0.15265700483091788,0.19033816425120773
RN7SL804P,RN7SL804P,87,0.40561754,0.5712164044380188,0.06409017713365539,0.314975845410628,0.1895330112721417
KCNU1,KCNU1,125,0.5037514,0.6437749266624451,0.13043478260869565,0.24830917874396136,0.1893719806763285
METTL21B,METTL21B,111,0.61711645,0.881773054599762,0.2650563607085346,0.11207729468599034,0.18856682769726246
C12orf77,C12orf77,107,0.52256906,0.6677565574645996,0.1462157809983897,0.23091787439613526,0.18856682769726246
ARHGEF7,ARHGEF7,109,0.4878165,0.6303794980049133,0.11626409017713366,0.2605475040257649,0.18840579710144928
CDK4,CDK4,91,0.28355128,0.5374853014945984,0.021256038647342997,0.35555555555555557,0.18840579710144928
ING1,ING1,99,0.43712792,0.592902421951294,0.08019323671497584,0.29533011272141707,0.18776167471819646
KIF3B,KIF3B,103,0.46120137,0.6071283221244812,0.09371980676328502,0.28180354267310787,0.18776167471819644
PRH1,PRH1,102,0.6310288,0.9678753614425659,0.29210950080515297,0.08341384863123993,0.18776167471819644
FAM134B,FAM134B,113,0.50943196,0.6553831696510315,0.13365539452495975,0.24122383252818036,0.18743961352657007
RN7SKP294,RN7SKP294,88,0.61659867,0.8888882994651794,0.2640901771336554,0.10982286634460547,0.18695652173913044
CARD6,CARD6,94,0.4603301,0.6079943180084229,0.0930756843800322,0.28051529790660223,0.18679549114331723
LRRC14B,LRRC14B,105,0.56647956,0.7403415441513062,0.1932367149758454,0.18003220611916265,0.18663446054750404
ORMDL3,ORMDL3,115,0.35901496,0.5590223073959351,0.0428341384863124,0.33043478260869563,0.18663446054750402
MET,MET,110,0.52972233,0.6803735494613647,0.15265700483091788,0.22028985507246376,0.1864734299516908
GSDMA,GSDMA,105,0.60209876,0.83774334192276,0.24219001610305957,0.13043478260869565,0.18631239935587762
GLIS3,GLIS3,90,0.49620667,0.644688606262207,0.12367149758454106,0.24798711755233493,0.185829307568438
KAT6A,KAT6A,118,0.5321219,0.6861817240715027,0.15555555555555556,0.21578099838969403,0.18566827697262478
MIR3664,MIR3664,100,0.5383986,0.6935105323791504,0.16199677938808374,0.20901771336553945,0.1855072463768116
RN7SL816P,RN7SL816P,95,0.58219594,0.7772828936576843,0.21384863123993558,0.1571658615136876,0.1855072463768116
NEUROD2,NEUROD2,100,0.43318075,0.5957785248756409,0.07793880837359098,0.29210950080515297,0.18502415458937196
ERICH1,ERICH1,96,0.48748422,0.6376600861549377,0.11561996779388084,0.2541062801932367,0.18486312399355878
ANKRD34A,ANKRD34A,99,0.56204975,0.7306942343711853,0.18518518518518517,0.18454106280193236,0.18486312399355875
RPL37,RPL37,93,0.44660586,0.6027446389198303,0.08341384863123993,0.2856682769726248,0.1845410628019324
MIR647,MIR647,97,0.6719217,1.6668739318847656,0.3636070853462158,0.005475040257648953,0.18454106280193236
RANBP3L,RANBP3L,113,0.58576626,0.7979645133018494,0.21996779388083737,0.14847020933977456,0.18421900161030597
TTI2,TTI2,93,0.4869659,0.6386589407920837,0.1143317230273752,0.2534621578099839,0.18389694041867954
NCOA6,NCOA6,111,0.60525835,0.866670548915863,0.24830917874396136,0.11916264090177134,0.18373590982286636
TRRAP,TRRAP,108,0.42268708,0.5933200716972351,0.07214170692431562,0.2946859903381642,0.18341384863123994
ROMO1,ROMO1,114,0.48334116,0.6361653804779053,0.1111111111111111,0.25539452495974235,0.18325281803542673
RN7SL135P,RN7SL135P,106,0.5549111,0.7243838906288147,0.17809983896940418,0.18776167471819646,0.18293075684380034
PTPRR,PTPRR,107,0.4505993,0.6133654713630676,0.08760064412238325,0.2772946859903382,0.18244766505636073
KIAA1456,KIAA1456,114,0.5931769,0.8269616365432739,0.23027375201288244,0.13429951690821257,0.1822866344605475
MIR3193,MIR3193,95,0.5407056,0.702527642250061,0.164573268921095,0.2,0.1822866344605475
WDR70,WDR70,110,0.4716747,0.630233645439148,0.10080515297906602,0.26151368760064414,0.18115942028985507
C13orf35,C13orf35,105,0.52737343,0.6890365481376648,0.14943639291465377,0.21288244766505637,0.18115942028985507
GGN,GGN,97,0.28109545,0.5484545230865479,0.020611916264090178,0.34106280193236715,0.18083735909822868
SDK1,SDK1,118,0.56127363,0.7436633110046387,0.18389694041867954,0.17745571658615136,0.18067632850241544
ASUN,ASUN,91,0.40990093,0.5936799645423889,0.06698872785829307,0.29404186795491144,0.18051529790660226
BCAT1,BCAT1,109,0.52122885,0.6848481297492981,0.14396135265700483,0.21642512077294687,0.18019323671497584
STK4,STK4,100,0.5797186,0.7891111969947815,0.20837359098228664,0.15201288244766506,0.18019323671497584
IL26,IL26,104,0.38110113,0.579464852809906,0.05281803542673108,0.3069243156199678,0.17987117552334944
F10,F10,104,0.5458507,0.7206236124038696,0.16876006441223831,0.1896940418679549,0.17922705314009663
SRD5A1,SRD5A1,92,0.44702542,0.6182593703269958,0.08405797101449275,0.27342995169082124,0.178743961352657
RNU4ATAC16P,RNU4ATAC16P,106,0.62468964,0.9958638548851013,0.2789049919484702,0.07729468599033816,0.17809983896940418
KIAA1377,KIAA1377,99,0.4305092,0.6103676557540894,0.07632850241545894,0.279549114331723,0.177938808373591
LINC00208,LINC00208,112,0.54962623,0.7352012395858765,0.17359098228663447,0.1822866344605475,0.177938808373591
CDC6,CDC6,106,0.45006087,0.6223369836807251,0.08631239935587762,0.2692431561996779,0.17777777777777776
ZDHHC11,ZDHHC11,112,0.5635163,0.7591875791549683,0.18808373590982286,0.16747181964573268,0.17777777777777776
PPIAL4A,PPIAL4A,83,0.44911537,0.6217164993286133,0.0853462157809984,0.26988727858293077,0.17761674718196457
LINC00672,LINC00672,112,0.34062925,0.5695866942405701,0.03735909822866344,0.3172302737520129,0.17729468599033818
GPR124,GPR124,121,0.60292137,0.8865016102790833,0.2431561996779388,0.11046698872785829,0.17681159420289855
RN7SKP79,RN7SKP79,112,0.5860659,0.8313703536987305,0.22061191626409019,0.13268921095008052,0.17665056360708536
CDKN2A,CDKN2A,102,0.49741125,0.6722536087036133,0.1249597423510467,0.228341384863124,0.17665056360708536
PAPL,PAPL,115,0.539603,0.7209513783454895,0.16296296296296298,0.18937198067632852,0.17616747181964576
DEFB107A,DEFB107A,102,0.55224967,0.7446682453155518,0.1758454106280193,0.17648953301127215,0.17616747181964573
BIRC7,BIRC7,106,0.5925485,0.8574956059455872,0.22930756843800323,0.12302737520128824,0.17616747181964573
TGIF2,TGIF2,113,0.6510151,1.29457426071167,0.32560386473429953,0.025442834138486314,0.17552334943639292
ZNF705B,ZNF705B,98,0.5465319,0.7402936220169067,0.17004830917874397,0.18035426731078905,0.1752012882447665
LENEP,LENEP,82,0.6318942,1.0646388530731201,0.2933977455716586,0.056682769726247986,0.17504025764895328
CCDC132,CCDC132,106,0.61560625,0.957531213760376,0.26280193236714977,0.08695652173913043,0.1748792270531401
BLK,BLK,98,0.5221602,0.699923038482666,0.14460547504025764,0.2032206119162641,0.17391304347826086
KLRC1,KLRC1,101,0.62450224,1.0204952955245972,0.2785829307568438,0.06924315619967794,0.17391304347826086
CLRN1,CLRN1,100,0.61333585,0.9491124153137207,0.25829307568438004,0.0892109500805153,0.17375201288244768
RN7SL7P,RN7SL7P,85,0.32934052,0.5729687809944153,0.03317230273752013,0.3130434782608696,0.17310789049919487
RGS9BP,RGS9BP,106,0.5973754,0.8879013061523438,0.2360708534621578,0.11014492753623188,0.17310789049919484
C11orf70,C11orf70,94,0.12759301,0.5489839315414429,0.0051529790660225444,0.34074074074074073,0.17294685990338163
LIFR,LIFR,110,0.59118783,0.8691733479499817,0.22705314009661837,0.11819645732689212,0.17262479871175523
CPHL1P,CPHL1P,123,0.5858938,0.8529176712036133,0.22028985507246376,0.12399355877616747,0.17214170692431563
ITLN2,ITLN2,118,0.62767994,1.0602023601531982,0.2853462157809984,0.05829307568438003,0.1718196457326892
ANO1,ANO1,107,0.62425935,1.0351670980453491,0.277938808373591,0.06376811594202898,0.17085346215780997
ZNF546,ZNF546,108,0.6067427,0.9450743198394775,0.25024154589371983,0.09049919484702093,0.1703703703703704
CSMD1,CSMD1,99,0.52951354,0.7260405421257019,0.15233494363929145,0.18711755233494365,0.16972624798711755
MIR4530,MIR4530,118,0.46935394,0.6591188907623291,0.09887278582930757,0.2396135265700483,0.16924315619967795
FAM86B3P,FAM86B3P,96,0.5971409,0.9079806804656982,0.235426731078905,0.10273752012882448,0.16908212560386474
NUPL2,NUPL2,93,0.5066734,0.6988760232925415,0.13140096618357489,0.20547504025764896,0.16843800322061192
ZNF383,ZNF383,99,0.4505833,0.6436774730682373,0.08727858293075684,0.24863123993558775,0.1679549114331723
TNKS,TNKS,97,0.54947156,0.7690044045448303,0.17294685990338166,0.16264090177133655,0.1677938808373591
C20orf203,C20orf203,119,0.5349961,0.7444495558738708,0.15877616747181963,0.17681159420289855,0.16779388083735908
RN7SKP73,RN7SKP73,108,0.5723136,0.8237813115119934,0.1996779388083736,0.1359098228663446,0.16779388083735908
TWIST1,TWIST1,117,0.5994051,0.9314882755279541,0.23800322061191626,0.09500805152979067,0.16650563607085345
DEFB106A,DEFB106A,114,0.55494946,0.7838560342788696,0.1784219001610306,0.15426731078904993,0.16634460547504026
MED24,MED24,101,0.32176712,0.5867648124694824,0.031561996779388084,0.3001610305958132,0.16586151368760066
TRPC4AP,TRPC4AP,97,0.62887263,1.1401969194412231,0.2892109500805153,0.04186795491143317,0.16553945249597424
SNORD44,SNORD44,100,0.5583685,0.7970319986343384,0.18164251207729468,0.14943639291465377,0.16553945249597424
KLHDC9,KLHDC9,95,0.6251047,1.0951727628707886,0.28019323671497587,0.05088566827697263,0.16553945249597424
BAIAP2L1,BAIAP2L1,109,0.5208837,0.72597736120224,0.14363929146537843,0.18743961352657004,0.16553945249597424
CLN8,CLN8,99,0.5212346,0.7269270420074463,0.14428341384863125,0.18647342995169083,0.16537842190016105
HORMAD1,HORMAD1,98,0.4801327,0.6769477725028992,0.1072463768115942,0.22318840579710145,0.16521739130434782
MCF2L,MCF2L,92,0.6317203,1.168976068496704,0.2927536231884058,0.037037037037037035,0.16489533011272142
FTH1P10,FTH1P10,109,0.6024218,0.9578447937965393,0.242512077294686,0.08663446054750402,0.164573268921095
RNF115,RNF115,100,0.6195545,1.0538794994354248,0.2682769726247987,0.060225442834138485,0.1642512077294686
GNG11,GNG11,111,0.4885709,0.6902955174446106,0.11658615136876006,0.21159420289855072,0.1640901771336554
ANKRD20A12P,ANKRD20A12P,109,0.5620168,0.809799313545227,0.18486312399355878,0.14235104669887277,0.16360708534621576
MIR1208,MIR1208,100,0.59365535,0.9277074933052063,0.23059581320450886,0.0962962962962963,0.16344605475040258
F11R,F11R,106,0.620743,1.0755199193954468,0.2702093397745572,0.05475040257648953,0.16247987117552337
SNX13,SNX13,102,0.5183417,0.7350987195968628,0.14170692431561996,0.1826086956521739,0.16215780998389695
FERD3L,FERD3L,89,0.5438122,0.7794409990310669,0.1671497584541063,0.15587761674718195,0.1615136876006441
ITFG2,ITFG2,97,0.58452886,0.8979843258857727,0.21674718196457327,0.10563607085346216,0.1611916264090177
ALG1L13P,ALG1L13P,111,0.51128393,0.7327937483787537,0.13623188405797101,0.18389694041867954,0.1600644122383253
AKT2,AKT2,117,0.60604084,1.016807198524475,0.249597423510467,0.07053140096618357,0.1600644122383253
VAPB,VAPB,101,0.55662507,0.813758373260498,0.17971014492753623,0.14041867954911433,0.1600644122383253
LGALS17A,LGALS17A,104,0.48238257,0.6936009526252747,0.11046698872785829,0.20869565217391303,0.15958132045088566
LINC00453,LINC00453,111,0.33147207,0.6037856340408325,0.03446054750402577,0.28405797101449276,0.15925925925925927
TMEM75,TMEM75,89,0.57457966,0.8828390836715698,0.20225442834138485,0.1111111111111111,0.15668276972624798
XKR6,XKR6,114,0.5586837,0.8371087908744812,0.1819645732689211,0.13107890499194846,0.15652173913043477
PLD3,PLD3,109,0.52877593,0.7713832259178162,0.15136876006441224,0.16135265700483092,0.15636070853462158
DEDD,DEDD,95,0.61281824,1.082532286643982,0.2573268921095008,0.05281803542673108,0.15507246376811595
E2F3,E2F3,100,0.30190638,0.6050026416778564,0.026731078904991948,0.28309178743961355,0.15491143317230274
LGALS16,LGALS16,93,0.5766932,0.9001225233078003,0.20515297906602253,0.10434782608695652,0.15475040257648953
SIPA1L3,SIPA1L3,103,0.33836913,0.6195883750915527,0.03639291465378422,0.27246376811594203,0.1544283413848631
RIMS4,RIMS4,124,0.6006789,1.0241118669509888,0.24057971014492754,0.0679549114331723,0.15426731078904993
LINC00567,LINC00567,102,0.57347876,0.8938712477684021,0.20064412238325283,0.1075684380032206,0.15410628019323672
SGK196,SGK196,123,0.580655,0.9249938130378723,0.2106280193236715,0.09726247987117552,0.1539452495974235
MSRA,MSRA,94,0.5971523,1.0108376741409302,0.2357487922705314,0.07181964573268922,0.1537842190016103
PLEKHA5,PLEKHA5,94,0.60717565,1.0669918060302734,0.2505636070853462,0.05636070853462158,0.1534621578099839
USP17L2,USP17L2,108,0.58137846,0.9433068633079529,0.21288244766505637,0.09114331723027375,0.15201288244766506
SNORA68,SNORA68|ENSG00000201388.1,93,0.63369805,1.6238685846328735,0.2966183574879227,0.007407407407407408,0.15201288244766506
RN7SKP133,RN7SKP133,104,0.6027293,1.0469874143600464,0.2428341384863124,0.061191626409017714,0.15201288244766506
C5orf49,C5orf49,102,0.5670102,0.8926516771316528,0.19420289855072465,0.10917874396135266,0.15169082125603867
SUN5,SUN5,110,0.52297103,0.7779672145843506,0.14653784219001612,0.1565217391304348,0.15152979066022546
VMP1,VMP1,98,0.57443434,0.9139872193336487,0.20193236714975846,0.10112721417069243,0.15152979066022543
RPS20P22,RPS20P22,115,0.51974064,0.775172770023346,0.14299516908212562,0.15877616747181963,0.15088566827697264
ZMAT4,ZMAT4,123,0.5843661,0.9612641334533691,0.21642512077294687,0.0853462157809984,0.15088566827697264
GMFG,GMFG,101,0.5138479,0.7665896415710449,0.13687600644122383,0.1642512077294686,0.15056360708534622
FAM66D,FAM66D,113,0.4804405,0.7126612067222595,0.10789049919484701,0.1932367149758454,0.15056360708534622
UQCRFS1,UQCRFS1,117,0.48180994,0.7170521020889282,0.10982286634460547,0.19130434782608696,0.15056360708534622
WDR87,WDR87,110,0.6160275,1.1847333908081055,0.26344605475040256,0.03542673107890499,0.14943639291465377
SQLE,SQLE,96,0.52862203,0.8000248074531555,0.150402576489533,0.14750402576489532,0.14895330112721417
PRRC2C,PRRC2C,103,0.6205943,1.2795078754425049,0.26988727858293077,0.026731078904991948,0.14830917874396135
NDRG1,NDRG1,95,0.60820806,1.1185417175292969,0.25152979066022546,0.04508856682769726,0.14830917874396135
RAB11FIP1,RAB11FIP1,99,0.5755755,0.9369887709617615,0.2035426731078905,0.0930756843800322,0.14830917874396135
DEFB104A,DEFB104A,109,0.5574353,0.8749346137046814,0.18099838969404186,0.11529790660225443,0.14814814814814814
GPR89C,GPR89C,91,0.5178225,0.7853302955627441,0.14138486312399356,0.1536231884057971,0.14750402576489535
PRSS55,PRSS55,109,0.5651406,0.9060388207435608,0.19001610305958133,0.1037037037037037,0.1468599033816425
GATA4,GATA4,96,0.5966743,1.0579643249511719,0.23381642512077294,0.05925925925925926,0.1465378421900161
CAPZA3,CAPZA3,109,0.5926692,1.0519860982894897,0.22962962962962963,0.06086956521739131,0.14524959742351046
TMCO3,TMCO3,92,0.4832163,0.7412781119346619,0.1107890499194847,0.17906602254428342,0.14492753623188406
LPCAT1,LPCAT1,107,0.44557384,0.6972646117210388,0.08309178743961353,0.20676328502415459,0.14492753623188406
VDAC3,VDAC3,103,0.40312037,0.673887312412262,0.06280193236714976,0.22640901771336555,0.14460547504025767
SEPT14,SEPT14,97,0.5712522,0.9488769769668579,0.1993558776167472,0.08985507246376812,0.14460547504025767
DNM1L,DNM1L,110,0.49451923,0.7628546357154846,0.12238325281803543,0.16618357487922705,0.14428341384863125
SLC27A3,SLC27A3,100,0.58472854,1.0159565210342407,0.21739130434782608,0.07117552334943639,0.14428341384863125
RARA,RARA,99,0.62651783,1.7036664485931396,0.2834138486312399,0.004830917874396135,0.14412238325281804
DEFB103A,DEFB103A,104,0.52241087,0.8128989338874817,0.14557165861513688,0.14138486312399356,0.14347826086956522
TSKU,TSKU,110,0.16339792,0.6093796491622925,0.00676328502415459,0.27987117552334945,0.143317230273752
MIR596,MIR596,92,0.56898934,0.9523689150810242,0.19581320450885667,0.08856682769726248,0.1421900161030596
SNTG1,SNTG1,109,0.5185521,0.8105922341346741,0.14202898550724638,0.14202898550724638,0.14202898550724638
TDRD12,TDRD12,97,0.39437708,0.6753198504447937,0.05861513687600644,0.2251207729468599,0.14186795491143317
PARL,PARL,119,0.5335365,0.8475791215896606,0.15619967793880837,0.1252818035426731,0.14074074074074072
NME7,NME7,120,0.5790001,1.009196162223816,0.20805152979066022,0.07246376811594203,0.14025764895330112
LSM1,LSM1,99,0.5945785,1.102690577507019,0.23156199677938807,0.04863123993558776,0.1400966183574879
CASC1,CASC1,102,0.370431,0.6672812104225159,0.04830917874396135,0.23156199677938807,0.13993558776167472
RAB20,RAB20,95,0.44977164,0.717161238193512,0.0856682769726248,0.19098228663446054,0.13832528180354267
NFASC,NFASC,114,0.56157714,0.9375677108764648,0.18421900161030597,0.09243156199677939,0.13832528180354267
CSF3,CSF3,98,0.55344635,0.9193302989006042,0.17681159420289855,0.09951690821256039,0.13816425120772946
CEP72,CEP72,112,0.5755266,1.0055075883865356,0.2032206119162641,0.07310789049919485,0.13816425120772946
FCRL6,FCRL6,99,0.48576912,0.7711300849914551,0.11336553945249597,0.16199677938808374,0.13768115942028986
THRA,THRA,97,0.5280892,0.8494666218757629,0.1500805152979066,0.1246376811594203,0.13735909822866346
MRPL36,MRPL36,90,0.53421277,0.8699578046798706,0.1571658615136876,0.11723027375201288,0.13719806763285025
C9,C9,98,0.49118415,0.7847152948379517,0.11980676328502415,0.1539452495974235,0.13687600644122383
SYT10,SYT10,93,0.49480677,0.7918893098831177,0.12270531400966184,0.15072463768115943,0.13671497584541065
RN7SL783P,RN7SL783P,94,0.5525731,0.9268556237220764,0.17616747181964573,0.0966183574879227,0.13639291465378423
C12orf5,C12orf5,85,0.61927986,1.7578521966934204,0.2673107890499195,0.0045088566827697265,0.13590982286634462
RN7SL457P,RN7SL457P,104,0.47570777,0.7591772079467773,0.1037037037037037,0.1677938808373591,0.1357487922705314
GOLGA7,GOLGA7,102,0.27576274,0.640616774559021,0.01932367149758454,0.25120772946859904,0.13526570048309178
DEFB105B,DEFB105B,99,0.4842795,0.775292694568634,0.11207729468599034,0.15845410628019324,0.13526570048309178
RNA5SP255,RNA5SP255,107,0.5341868,0.8786988258361816,0.1568438003220612,0.11336553945249597,0.1351046698872786
USP32,USP32,95,0.2322006,0.6355535387992859,0.01352657004830918,0.25636070853462156,0.13494363929146538
ASH2L,ASH2L,101,0.4696398,0.7555986642837524,0.09919484702093398,0.16908212560386474,0.13413848631239936
PZP,PZP,113,0.5203373,0.8560950756072998,0.143317230273752,0.12367149758454106,0.13349436392914654
MIR21,MIR21,111,0.23515034,0.640125036239624,0.014170692431561997,0.25152979066022546,0.13285024154589373
LINC00681,LINC00681,89,0.37936783,0.6900957226753235,0.05217391304347826,0.21191626409017714,0.1320450885668277
SNORD29,SNORD29,99,0.4615337,0.7552192807197571,0.09436392914653784,0.16940418679549113,0.1318840579710145
NRG1,NRG1,109,0.3439794,0.6769070625305176,0.03832528180354267,0.22351046698872787,0.13091787439613528
NR1D1,NR1D1,106,0.5036204,0.8334909081459045,0.1294685990338164,0.13172302737520128,0.13059581320450886
AEBP2,AEBP2,98,0.5850912,1.1385446786880493,0.21835748792270532,0.04219001610305958,0.13027375201288244
AGR3,AGR3,121,0.47673926,0.7798583507537842,0.10466988727858294,0.15555555555555556,0.13011272141706925
ACTN4,ACTN4,117,0.35828987,0.6846742630004883,0.04251207729468599,0.21674718196457327,0.12962962962962962
RNA5SP472,RNA5SP472,107,0.5743846,1.0609393119812012,0.20161030595813204,0.057648953301127216,0.12962962962962962
CTTN,CTTN,117,0.5568391,0.9871597290039062,0.18003220611916265,0.07890499194847021,0.12946859903381644
SPAG11B,SPAG11B,110,0.48722336,0.8063643574714661,0.11497584541062802,0.14363929146537843,0.12930756843800323
ADRB3,ADRB3,100,0.55115247,0.9700716137886047,0.1748792270531401,0.08309178743961353,0.1289855072463768
CPNE1,CPNE1,115,0.56673586,1.0346157550811768,0.19355877616747183,0.06409017713365539,0.12882447665056362
RAPGEF5,RAPGEF5,121,0.5101449,0.858642578125,0.13494363929146538,0.12206119162640902,0.1285024154589372
RPL19,RPL19,95,0.596754,1.3390538692474365,0.23446054750402576,0.02254428341384863,0.1285024154589372
NCCRP1,NCCRP1,105,0.50892437,0.8570497632026672,0.13333333333333333,0.12334943639291465,0.128341384863124
MFHAS1,MFHAS1,105,0.36464128,0.6921206712722778,0.045732689210950084,0.2109500805152979,0.128341384863124
RNA5SP471,RNA5SP471,101,0.33400247,0.6793311238288879,0.035748792270531404,0.22093397745571658,0.128341384863124
PPP1R14A,PPP1R14A,117,0.3226001,0.6768445372581482,0.0322061191626409,0.22383252818035426,0.12801932367149757
FUT10,FUT10,102,0.49987113,0.8430094122886658,0.12689210950080515,0.12753623188405797,0.12721417069243157
BIRC2,BIRC2,102,0.20265281,0.6477718949317932,0.00998389694041868,0.24412238325281804,0.12705314009661836
MYLK2,MYLK2,103,0.47934157,0.8001845479011536,0.10660225442834138,0.14718196457326893,0.12689210950080515
C5orf17,C5orf17,93,0.5139122,0.8745731711387634,0.13719806763285025,0.11561996779388084,0.12640901771336555
PRMT8,PRMT8,96,0.49691296,0.8415221571922302,0.12431561996779388,0.1285024154589372,0.12640901771336555
RN7SL149P,RN7SL149P,97,0.51541424,0.8759275078773499,0.13816425120772946,0.1143317230273752,0.12624798711755233
PSMD8,PSMD8,86,0.42453995,0.7424418926239014,0.07439613526570048,0.17809983896940418,0.12624798711755233
CPM,CPM,106,0.5442171,0.9675856828689575,0.1677938808373591,0.08405797101449275,0.12592592592592594
MARCH11,MARCH11,108,0.5364162,0.9381069540977478,0.15974235104669887,0.09210950080515298,0.12592592592592594
LRRC3C,LRRC3C,106,0.38194978,0.7055234313011169,0.0537842190016103,0.19774557165861514,0.12576489533011273
PPIAL4C,PPIAL4C,113,0.54344577,0.9645355343818665,0.16650563607085347,0.08470209339774556,0.12560386473429952
TDRP,TDRP,110,0.48452878,0.8190246820449829,0.11239935587761675,0.13848631239935588,0.1254428341384863
SUMF2,SUMF2,103,0.54615337,0.9740886688232422,0.16908212560386474,0.08115942028985507,0.12512077294685992
ADAM2,ADAM2,118,0.28875646,0.6735963225364685,0.022866344605475042,0.22737520128824476,0.12512077294685992
B3GNT6,B3GNT6,109,0.503626,0.862360954284668,0.12979066022544283,0.12012882447665056,0.1249597423510467
LST3,LST3,91,0.5398996,0.9630293250083923,0.1636070853462158,0.08502415458937199,0.12431561996779389
SNORD38,SNORD38|ENSG00000207199.1,122,0.44063756,0.7621381878852844,0.08115942028985507,0.16650563607085347,0.12383252818035427
MIR653,MIR653,114,0.50983614,0.8797393441200256,0.13462157809983896,0.11304347826086956,0.12383252818035426
LINC00906,LINC00906,98,0.5407823,0.9719527363777161,0.16489533011272142,0.0818035426731079,0.12334943639291465
RPL23AP53,RPL23AP53,103,0.340869,0.6963775157928467,0.03768115942028986,0.20805152979066022,0.12286634460547503
STAC2,STAC2,89,0.25455403,0.6720043420791626,0.01642512077294686,0.2286634460547504,0.12254428341384863
MYOC,MYOC,109,0.58568364,1.2959610223770142,0.21964573268921095,0.025120772946859903,0.12238325281803543
FAM133B,FAM133B,92,0.40321895,0.7386232614517212,0.06312399355877617,0.18132045088566828,0.12222222222222223
DDHD2,DDHD2,111,0.19514239,0.6638197898864746,0.009017713365539453,0.23478260869565218,0.12190016103059581
CDKAL1,CDKAL1,96,0.34866536,0.6999850869178772,0.03961352657004831,0.2028985507246377,0.121256038647343
KIF5A,KIF5A,111,0.4443077,0.7746174335479736,0.08244766505636071,0.15974235104669887,0.12109500805152978
RPS6KB1,RPS6KB1,121,0.5098307,0.8943086266517639,0.13429951690821257,0.1072463768115942,0.12077294685990339
CPT1A,CPT1A,85,0.45933002,0.7953268885612488,0.09178743961352658,0.1497584541062802,0.12077294685990339
SPINT2,SPINT2,110,0.48953202,0.8581415414810181,0.11819645732689212,0.12270531400966184,0.12045088566827697
LRRC10,LRRC10,101,0.3647647,0.7126199007034302,0.04605475040257649,0.19355877616747183,0.11980676328502415
GINS4,GINS4,115,0.5506937,1.0288933515548706,0.17391304347826086,0.06537842190016104,0.11964573268921094
LAMP1,LAMP1,108,0.51445866,0.9146007895469666,0.13784219001610307,0.10080515297906602,0.11932367149758455
LGALS4,LGALS4,123,0.50886524,0.8984357714653015,0.13301127214170694,0.10531400966183575,0.11916264090177134
AGR2,AGR2,104,0.47282848,0.8226953744888306,0.10112721417069243,0.13655394524959744,0.11884057971014493
GDF5,GDF5,111,0.57973707,1.2683840990066528,0.20901771336553945,0.027375201288244767,0.11819645732689212
ANKRD27,ANKRD27,108,0.4904432,0.8724220991134644,0.11916264090177134,0.11626409017713366,0.1177133655394525
CDK5RAP1,CDK5RAP1,105,0.58031815,1.2984659671783447,0.2099838969404187,0.024798711755233495,0.11739130434782609
CD274,CD274,92,0.23202632,0.6789082288742065,0.01320450885668277,0.2215780998389694,0.11739130434782608
ZNF527,ZNF527,110,0.5288258,0.9704970121383667,0.15169082125603864,0.08276972624798712,0.11723027375201288
LINC00454,LINC00454,104,0.44388455,0.7894570827484131,0.0821256038647343,0.15136876006441224,0.11674718196457327
CAPN12,CAPN12,97,0.456021,0.8094304800033569,0.08985507246376812,0.1426731078904992,0.11626409017713366
IFNL3,IFNL3,125,0.44502798,0.797100305557251,0.08276972624798712,0.14911433172302738,0.11594202898550725
SLC7A9,SLC7A9,95,0.58127385,1.4106448888778687,0.21256038647342995,0.018357487922705314,0.11545893719806763
RNA5SP251,RNA5SP251,105,0.4436426,0.7983744144439697,0.0818035426731079,0.14814814814814814,0.11497584541062802
LINC00404,LINC00404,81,0.5806166,1.4198377132415771,0.21030595813204508,0.017713365539452495,0.11400966183574879
PTPN1,PTPN1,118,0.5661773,1.192649245262146,0.19291465378421901,0.03446054750402577,0.1136876006441224
MIR644A,MIR644A,96,0.5395688,1.0338921546936035,0.16264090177133655,0.0644122383252818,0.11352657004830918
CDKN2B,CDKN2B,113,0.3172831,0.7087585926055908,0.030595813204508857,0.19581320450885667,0.11320450885668276
MRPL21,MRPL21,82,0.5583031,1.1276240348815918,0.18132045088566828,0.043800322061191624,0.11256038647342995
RPSAP52,RPSAP52,124,0.49010378,0.8997194766998291,0.11851851851851852,0.10466988727858294,0.11159420289855074
MIR4637,MIR4637,105,0.41333395,0.781728208065033,0.0679549114331723,0.15491143317230274,0.11143317230273753
MIR26A2,MIR26A2,117,0.52689785,1.0027875900268555,0.14847020933977456,0.07375201288244766,0.1111111111111111
PGAP3,PGAP3,94,0.58071184,1.5256034135818481,0.2109500805152979,0.011272141706924315,0.1111111111111111
MAP4K1,MAP4K1,107,0.48126802,0.8826024532318115,0.10917874396135266,0.11143317230273753,0.11030595813204509
IRS2,IRS2,81,0.4999765,0.9366868734359741,0.12721417069243157,0.09339774557165861,0.11030595813204509
IGHMBP2,IGHMBP2,103,0.4960682,0.925430417060852,0.12334943639291465,0.09694041867954911,0.11014492753623188
FBXO25,FBXO25,109,0.39477104,0.7736182808876038,0.05925925925925926,0.1607085346215781,0.10998389694041869
CDK6,CDK6,105,0.51393354,0.9705681800842285,0.13752012882447665,0.08244766505636071,0.10998389694041869
RN7SKP65,RN7SKP65,111,0.5854301,2.1671507358551025,0.2186795491143317,0.0012882447665056361,0.10998389694041867
LGR5,LGR5,84,0.4574519,0.8423524498939514,0.09114331723027375,0.12818035426731078,0.10966183574879226
PPOX,PPOX,101,0.54709166,1.1063886880874634,0.171658615136876,0.04766505636070854,0.10966183574879226
MACROD2,MACROD2,97,0.36704236,0.7542890310287476,0.04669887278582931,0.17004830917874397,0.10837359098228663
SELT,SELT,124,0.54532695,1.1038824319839478,0.16843800322061192,0.047987117552334944,0.10821256038647344
FGF3,FGF3,96,0.47671443,0.88249272108078,0.10434782608695652,0.11175523349436393,0.10805152979066023
CDK12,CDK12,80,0.22979555,0.7007918357849121,0.01288244766505636,0.20096618357487922,0.10692431561996779
SLC6A3,SLC6A3,109,0.51716065,1.0074087381362915,0.14074074074074075,0.07278582930756844,0.1067632850241546
C20orf173,C20orf173,109,0.4823553,0.9077857732772827,0.11014492753623188,0.10338164251207729,0.10676328502415458
CYP51A1,CYP51A1,111,0.47058365,0.88149493932724,0.1001610305958132,0.11239935587761675,0.10628019323671498
RNA5SP262,RNA5SP262,100,0.4349749,0.8373478055000305,0.07922705314009662,0.13075684380032207,0.10499194847020935
NEIL2,NEIL2,92,0.49998617,0.9710123538970947,0.12753623188405797,0.0821256038647343,0.10483091787439613
RN7SL511P,RN7SL511P,108,0.56454647,1.3830292224884033,0.1890499194847021,0.01996779388083736,0.10450885668276973
KLHL42,KLHL42,113,0.49382302,0.9571112990379333,0.1214170692431562,0.08760064412238325,0.10450885668276973
PXMP4,PXMP4,101,0.50036234,0.9818958044052124,0.1285024154589372,0.08019323671497584,0.10434782608695653
IL22,IL22,104,0.38582122,0.7905203104019165,0.05571658615136876,0.15104669887278582,0.10338164251207729
GRB7,GRB7,86,0.5303941,1.0824934244155884,0.1533011272141707,0.05314009661835749,0.10322061191626408
SLC12A7,SLC12A7,108,0.492341,0.9609523415565491,0.12077294685990338,0.0856682769726248,0.10322061191626408
SMIM19,SMIM19,104,0.5557894,1.2878133058547974,0.17906602254428342,0.02608695652173913,0.10257648953301127
RNA5SP59,RNA5SP59,112,0.4531974,0.8732318878173828,0.08856682769726248,0.11594202898550725,0.10225442834138487
GJD3,GJD3,112,0.36915794,0.7773922085762024,0.04734299516908213,0.1568438003220612,0.10209339774557166
PPP1R15B,PPP1R15B,95,0.51727784,1.04319429397583,0.14106280193236714,0.06215780998389694,0.10161030595813204
LYST,LYST,105,0.40697032,0.819204568862915,0.0647342995169082,0.13816425120772946,0.10144927536231883
URI1,URI1,112,0.5317917,1.1085307598114014,0.15491143317230274,0.047020933977455714,0.10096618357487923
C5orf22,C5orf22,101,0.46629015,0.8977000713348389,0.09597423510466989,0.10595813204508857,0.10096618357487923
ZNF507,ZNF507,103,0.4992563,0.9979126453399658,0.1259259259259259,0.07600644122383253,0.10096618357487921
AQP11,AQP11,107,0.4467788,0.8697325587272644,0.08373590982286634,0.11755233494363929,0.10064412238325282
SLC2A4RG,SLC2A4RG,97,0.5386954,1.159988284111023,0.16231884057971013,0.03864734299516908,0.10048309178743961
RP1L1,RP1L1,96,0.5539181,1.3414093255996704,0.17745571658615136,0.022222222222222223,0.0998389694041868
ISPD,ISPD,113,0.5167278,1.0594154596328735,0.14041867954911433,0.05861513687600644,0.09951690821256039
RN7SKP271,RN7SKP271,89,0.49145672,0.9949575662612915,0.12012882447665056,0.07761674718196457,0.09887278582930756
PDRG1,PDRG1,117,0.5445279,1.2606531381607056,0.1681159420289855,0.02930756843800322,0.09871175523349436
TFDP1,TFDP1,110,0.43331033,0.8686947822570801,0.0782608695652174,0.11884057971014493,0.09855072463768116
MRPS12,MRPS12,101,0.54374826,1.2640504837036133,0.16682769726247987,0.028663446054750404,0.09774557165861514
UNC93B6,UNC93B6,95,0.4175863,0.8473166227340698,0.06956521739130435,0.12560386473429952,0.09758454106280193
KLF5,KLF5,118,0.47380945,0.9414321184158325,0.10144927536231885,0.09146537842190017,0.09645732689210951
CYP27B1,CYP27B1,103,0.5572878,1.525415062904358,0.18067632850241547,0.011594202898550725,0.0961352657004831
CTSZ,CTSZ,104,0.54939014,1.4052716493606567,0.17262479871175523,0.019001610305958132,0.09581320450885668
BASP1,BASP1,92,0.47446308,0.9489427804946899,0.10177133655394525,0.08953301127214171,0.09565217391304348
PROSC,PROSC,113,0.4395775,0.8944461345672607,0.08083735909822866,0.10692431561996779,0.09388083735909822
NADSYN1,NADSYN1,100,0.43942228,0.8946611285209656,0.08051529790660225,0.10660225442834138,0.09355877616747182
HYDIN2,HYDIN2,117,0.44803157,0.9128693342208862,0.08470209339774556,0.10209339774557166,0.09339774557165861
LRRC37A11P,LRRC37A11P,111,0.5406557,1.349060297012329,0.1642512077294686,0.021578099838969404,0.09291465378421901
TMEM255B,TMEM255B,97,0.4500347,0.9245922565460205,0.08599033816425121,0.09758454106280193,0.09178743961352656
EID2,EID2,97,0.5494768,1.5573409795761108,0.17326892109500805,0.00966183574879227,0.09146537842190015
RNA5SP264,RNA5SP264,114,0.5397602,1.4057193994522095,0.16328502415458937,0.01867954911433172,0.09098228663446055
CHD1L,CHD1L,110,0.51589656,1.1364057064056396,0.1394524959742351,0.04251207729468599,0.09098228663446054
TSPAN31,TSPAN31,103,0.3507774,0.8178694844245911,0.04090177133655395,0.13880837359098228,0.08985507246376812
CAPZA2,CAPZA2,108,0.45618173,0.9526278972625732,0.09017713365539452,0.08824476650563608,0.0892109500805153
F7,F7,123,0.50956285,1.121895432472229,0.13397745571658615,0.044444444444444446,0.0892109500805153
ENPP7P8,ENPP7P8,105,0.37240916,0.8425909280776978,0.04927536231884058,0.1278582930756844,0.08856682769726248
CARS2,CARS2,103,0.27217674,0.7788265347480774,0.01867954911433172,0.15619967793880837,0.08743961352657005
CWC25,CWC25,97,0.39924037,0.8801382780075073,0.061191626409017714,0.11272141706924316,0.08695652173913043
C8orf4,C8orf4,106,0.31044245,0.8043025732040405,0.028985507246376812,0.14492753623188406,0.08695652173913043
ZNF639,ZNF639,97,0.4203592,0.9097533822059631,0.07085346215780998,0.10241545893719807,0.08663446054750402
ANK1,ANK1,92,0.33590996,0.8200592994689941,0.03607085346215781,0.13687600644122383,0.08647342995169083
RNA5SP359,RNA5SP359,92,0.5224722,1.2875263690948486,0.14589371980676327,0.02640901771336554,0.0861513687600644
PTPRB,PTPRB,116,0.49952605,1.1183898448944092,0.12657004830917876,0.04541062801932367,0.08599033816425121
CHRNA6,CHRNA6,106,0.17713651,0.7655618190765381,0.007407407407407408,0.164573268921095,0.08599033816425121
GAS6,GAS6,96,0.4673946,1.000299096107483,0.09726247987117552,0.07439613526570048,0.085829307568438
RNY1P8,RNY1P8,114,0.3437785,0.8305292129516602,0.038003220611916265,0.13333333333333333,0.0856682769726248
CASC3,CASC3,85,0.45632878,0.978715717792511,0.09049919484702093,0.08051529790660225,0.08550724637681159
PIP4K2B,PIP4K2B,111,0.54662573,2.2543158531188965,0.17037037037037037,0.00032206119162640903,0.0853462157809984
XRCC6BP1,XRCC6BP1,92,0.5377059,1.5699471235275269,0.16135265700483092,0.00933977455716586,0.0853462157809984
RGS4,RGS4,90,0.4753026,1.0249336957931519,0.10273752012882448,0.06763285024154589,0.08518518518518518
SUPT5H,SUPT5H,108,0.42434886,0.9307610392570496,0.07407407407407407,0.09533011272141707,0.08470209339774556
PROCR,PROCR,112,0.4894414,1.0951792001724243,0.1178743961352657,0.05056360708534621,0.08421900161030596
ZNF781,ZNF781,102,0.4903431,1.1009994745254517,0.11884057971014493,0.04927536231884058,0.08405797101449275
PLEKHG2,PLEKHG2,103,0.48716536,1.0821946859359741,0.11465378421900162,0.053462157809983896,0.08405797101449275
SNORA77,SNORA77|ENSG00000221643.1,103,0.53161305,1.4925974607467651,0.15426731078904993,0.01352657004830918,0.08389694041867955
BCAS3,BCAS3,115,0.3047199,0.817696213722229,0.027375201288244767,0.1391304347826087,0.08325281803542674
CNOT2,CNOT2,108,0.46902356,1.0264517068862915,0.09855072463768116,0.06666666666666667,0.08260869565217391
TFPI2,TFPI2,116,0.39241862,0.8956882357597351,0.057971014492753624,0.10628019323671498,0.0821256038647343
MYOM2,MYOM2,110,0.26816198,0.8083758354187012,0.018357487922705314,0.14299516908212562,0.08067632850241546
TOMM7,TOMM7,103,0.46175283,1.0284178256988525,0.09468599033816426,0.06602254428341385,0.08035426731078905
LYZ,LYZ,87,0.43122563,0.967612624168396,0.07697262479871175,0.08373590982286634,0.08035426731078904
SAMD9L,SAMD9L,104,0.4571774,1.0261682271957397,0.09082125603864734,0.06698872785829307,0.0789049919484702
SOX1,SOX1,102,0.31266165,0.8437153100967407,0.02930756843800322,0.12689210950080515,0.07809983896940419
MTAP,MTAP,96,0.40013492,0.932041347026825,0.06151368760064412,0.09468599033816426,0.07809983896940419
PTPRD,PTPRD,101,0.20705566,0.8040792346000671,0.010950080515297906,0.14524959742351046,0.07809983896940419
LINC00340,LINC00340,118,0.36646143,0.8903266787528992,0.0463768115942029,0.10950080515297907,0.07793880837359099
TSFM,TSFM,103,0.52588195,1.6202937364578247,0.14814814814814814,0.007729468599033816,0.07793880837359098
CTNND2,CTNND2,88,0.47021163,1.0672450065612793,0.09951690821256039,0.05603864734299517,0.07777777777777778
RNA5SP470,RNA5SP470,110,0.4973754,1.2395156621932983,0.1246376811594203,0.030273752012882446,0.07745571658615137
MANSC1,MANSC1,95,0.5158192,1.4604134559631348,0.1391304347826087,0.015458937198067632,0.07729468599033816
ERLIN2,ERLIN2,91,0.39661285,0.9371374845504761,0.05958132045088567,0.0927536231884058,0.07616747181964573
RN7SL128P,RN7SL128P,94,0.52745706,2.108200788497925,0.1497584541062802,0.001610305958132045,0.07568438003220612
METTL1,METTL1,94,0.5001633,1.3347221612930298,0.1278582930756844,0.022866344605475042,0.07536231884057971
SGK223,SGK223,109,0.40022784,0.9597308039665222,0.06183574879227053,0.08599033816425121,0.07391304347826087
HKR1,HKR1,102,0.48579404,1.1979784965515137,0.11368760064412238,0.03349436392914654,0.07359098228663447
MIR548K,MIR548K,95,0.38576046,0.9398535490036011,0.05539452495974235,0.09178743961352658,0.07359098228663447
PRKAB2,PRKAB2,105,0.48615474,1.204411268234253,0.11400966183574879,0.03285024154589372,0.07342995169082125
GGT7,GGT7,113,0.5106231,1.5568493604660034,0.1355877616747182,0.00998389694041868,0.07278582930756844
AP3M2,AP3M2,122,0.5032008,1.4510380029678345,0.12914653784219002,0.01610305958132045,0.07262479871175523
PRDM9,PRDM9,85,0.4212663,1.005031943321228,0.07181964573268922,0.07342995169082125,0.07262479871175523
THAP1,THAP1,104,0.29018286,0.8592160940170288,0.023510466988727857,0.1214170692431562,0.07246376811594203
IFNL1,IFNL1,103,0.5024132,1.4602856636047363,0.1288244766505636,0.015780998389694042,0.07230273752012882
RSF1,RSF1,103,-0.100891456,0.8064281940460205,0.0006441223832528181,0.143317230273752,0.07198067632850241
ZNF622,ZNF622,118,0.4556698,1.075683355331421,0.08953301127214171,0.054428341384863126,0.07198067632850241
MYRFL,MYRFL,103,0.4136965,0.9981436133384705,0.06827697262479872,0.07552334943639291,0.07190016103059582
IPO8,IPO8,106,0.36439225,0.9243392944335938,0.04541062801932367,0.09790660225442833,0.071658615136876
RNA5SP356,RNA5SP356,99,0.43265074,1.0286641120910645,0.07761674718196457,0.06570048309178744,0.071658615136876
TAS2R20,TAS2R20,92,0.41308197,0.999755859375,0.06763285024154589,0.07471819645732689,0.07117552334943639
TMEM212,TMEM212,100,0.50876313,1.5995558500289917,0.13268921095008052,0.008373590982286634,0.07053140096618357
RLN2,RLN2,102,0.25998396,0.8500780463218689,0.01674718196457327,0.12431561996779388,0.07053140096618357
YAP1,YAP1,107,0.10995914,0.8253798484802246,0.004830917874396135,0.13462157809983896,0.06972624798711755
RN7SL293P,RN7SL293P,117,0.2868482,0.8710356950759888,0.02254428341384863,0.11658615136876006,0.06956521739130435
PPP1R1B,PPP1R1B,102,0.47925508,1.226675033569336,0.10628019323671498,0.031239935587761676,0.06876006441223832
NUDT19,NUDT19,109,0.39167866,0.9838772416114807,0.057648953301127216,0.07954911433172303,0.06859903381642513
IKZF3,IKZF3,102,0.50528646,1.647903323173523,0.13075684380032207,0.005797101449275362,0.06827697262479872
DEFB4A,DEFB4A,117,0.43075287,1.0585650205612183,0.07665056360708535,0.05893719806763285,0.0677938808373591
ZNF540,ZNF540,99,0.46148255,1.1526190042495728,0.09404186795491143,0.040257648953301126,0.06714975845410628
IKBKB,IKBKB,110,0.47531968,1.2375168800354004,0.10305958132045089,0.030595813204508857,0.06682769726247988
MYEOV,MYEOV,100,0.47527108,1.231809139251709,0.10241545893719807,0.030917874396135265,0.06666666666666667
LEUTX,LEUTX,110,0.30711955,0.8989217877388,0.027697262479871174,0.10499194847020935,0.06634460547504026
RAP1B,RAP1B,113,0.36130723,0.9572615623474121,0.043800322061191624,0.08727858293075684,0.06553945249597423
SAMD9,SAMD9,114,0.4080048,1.0414302349090576,0.06634460547504026,0.06247987117552335,0.06441223832528181
PAK1,PAK1,107,0.20383474,0.8694299459457397,0.010305958132045089,0.1178743961352657,0.06409017713365539
COL4A2,COL4A2,93,0.40982428,1.0456783771514893,0.06666666666666667,0.06151368760064412,0.06409017713365539
HOOK3,HOOK3,106,0.3878415,1.016196370124817,0.05603864734299517,0.07085346215780998,0.06344605475040258
ST7,ST7,104,0.42714652,1.0933507680892944,0.0750402576489533,0.05152979066022544,0.06328502415458938
CACNB1,CACNB1,107,0.47961494,1.4012067317962646,0.10692431561996779,0.01932367149758454,0.06312399355877617
KLF12,KLF12,99,0.3770497,1.0020912885665894,0.05056360708534621,0.07407407407407407,0.06231884057971014
CATSPERG,CATSPERG,108,0.4606175,1.2534292936325073,0.09339774557165861,0.02962962962962963,0.06151368760064412
PEX1,PEX1,112,0.45509875,1.2168909311294556,0.0892109500805153,0.03188405797101449,0.06054750402576489
HEATR6,HEATR6,120,0.28050596,0.9186967611312866,0.020289855072463767,0.0998389694041868,0.06006441223832528
MIR3164,MIR3164,82,0.48768997,1.8795291185379028,0.11594202898550725,0.002898550724637681,0.059420289855072465
CLPTM1L,CLPTM1L,99,0.44715613,1.1963557004928589,0.08438003220611916,0.03413848631239936,0.05925925925925926
DEFB123,DEFB123,109,0.47807807,1.4971191883087158,0.10595813204508857,0.012560386473429951,0.05925925925925926
PNMT,PNMT,90,0.36790928,1.0207889080047607,0.047020933977455714,0.06892109500805153,0.057971014492753624
RN7SL443P,RN7SL443P,87,0.36417055,1.0235905647277832,0.04508856682769726,0.06827697262479872,0.056682769726247986
ADAM32,ADAM32,115,0.33944687,0.9988051652908325,0.037037037037037035,0.0750402576489533,0.05603864734299517
ZNF536,ZNF536,118,0.26703614,0.9353562593460083,0.018035426731078906,0.09371980676328502,0.05587761674718196
FAR2,FAR2,100,0.37926975,1.057835578918457,0.05185185185185185,0.05958132045088567,0.05571658615136876
TM2D2,TM2D2,95,0.19786808,0.9133950471878052,0.00966183574879227,0.10144927536231885,0.05555555555555556
ANKRD10,ANKRD10,92,0.33088118,0.9961263537406921,0.033816425120772944,0.07697262479871175,0.05539452495974235
C9orf53,C9orf53,111,0.3970885,1.098407506942749,0.05990338164251208,0.04959742351046699,0.05475040257648953
ZNF793,ZNF793,104,0.39823943,1.1038403511047363,0.06086956521739131,0.04830917874396135,0.05458937198067633
ZDHHC11B,ZDHHC11B,99,0.46019453,1.4398324489593506,0.09243156199677939,0.01642512077294686,0.054428341384863126
FADD,FADD,90,0.36136797,1.0332050323486328,0.04412238325281804,0.0647342995169082,0.05442834138486312
MRGPRF,MRGPRF,112,0.3496162,1.0252156257629395,0.03993558776167472,0.06731078904991948,0.0536231884057971
SOX4,SOX4,117,0.41644204,1.1699192523956299,0.06924315619967794,0.03671497584541063,0.052979066022544284
PARP8,PARP8,109,0.40232173,1.1338571310043335,0.06247987117552335,0.0428341384863124,0.052657004830917876
SEC61G,SEC61G,106,0.37437725,1.0697327852249146,0.0499194847020934,0.05539452495974235,0.05265700483091787
RPS21,RPS21,105,0.4684682,1.6294561624526978,0.09822866344605476,0.00676328502415459,0.05249597423510467
FAM66B,FAM66B,102,0.4071656,1.1574116945266724,0.06537842190016104,0.0392914653784219,0.05233494363929147
ZNF726,ZNF726,104,0.2986313,0.9904171228408813,0.025120772946859903,0.0785829307568438,0.05185185185185186
RLN1,RLN1,99,0.06391809,0.9173360466957092,0.003542673107890499,0.1001610305958132,0.05185185185185185
OR4F21,OR4F21,105,0.4123141,1.17493736743927,0.06731078904991948,0.03607085346215781,0.051690821256038647
RN7SKP201,RN7SKP201,99,0.28383106,0.9777873158454895,0.022222222222222223,0.08083735909822866,0.05152979066022544
A2ML1,A2ML1,101,0.45986998,1.5422039031982422,0.09210950080515298,0.010628019323671498,0.05136876006441224
LANCL2,LANCL2,89,0.4681746,1.9396488666534424,0.09790660225442833,0.0025764895330112722,0.050241545893719805
INTS4,INTS4,100,-0.039522395,0.9223011136054993,0.0012882447665056361,0.09887278582930757,0.0500805152979066
SNORA73,SNORA73|ENSG00000252054.1,112,0.3728514,1.0974658727645874,0.04959742351046699,0.0499194847020934,0.049758454106280194
ZNF780A,ZNF780A,115,0.42061004,1.2641832828521729,0.07117552334943639,0.028341384863123993,0.04975845410628019
IDO2,IDO2,128,0.42356142,1.2915394306182861,0.07278582930756844,0.02576489533011272,0.04927536231884058
TCAP,TCAP,113,0.4289448,1.3520944118499756,0.07600644122383253,0.020611916264090178,0.04830917874396135
CALCR,CALCR,111,0.3615522,1.097151279449463,0.044444444444444446,0.050241545893719805,0.04734299516908212
C11orf30,C11orf30,102,0.42398712,1.351508378982544,0.07375201288244766,0.020933977455716585,0.04734299516908212
ADAM9,ADAM9,90,0.3778827,1.1321896314620972,0.051207729468599035,0.04315619967793881,0.047181964573268925
MARCH6,MARCH6,87,0.37735766,1.1299885511398315,0.05088566827697263,0.043478260869565216,0.047181964573268925
HMGA2,HMGA2,118,0.45326337,1.8298451900482178,0.08888888888888889,0.003864734299516908,0.0463768115942029
UNC5D,UNC5D,117,0.3506133,1.0941784381866455,0.04057971014492753,0.051207729468599035,0.04589371980676328
GPNMB,GPNMB,108,0.40767398,1.315361499786377,0.06602254428341385,0.024476650563607084,0.045249597423510465
KIAA1432,KIAA1432,105,0.22914405,0.9938808679580688,0.012238325281803542,0.07793880837359098,0.04508856682769726
EGFR,EGFR,114,0.33893552,1.0840129852294922,0.03671497584541063,0.05249597423510467,0.04460547504025765
FGF19,FGF19,93,0.39463156,1.2450776100158691,0.05893719806763285,0.02995169082125604,0.04444444444444444
GAB2,GAB2,100,0.2514972,1.0125259160995483,0.01610305958132045,0.07149758454106281,0.04380032206119163
BOLA1,BOLA1,99,0.289245,1.0353739261627197,0.02318840579710145,0.06344605475040258,0.04331723027375201
AGPAT6,AGPAT6,123,0.18829447,0.9974993467330933,0.008373590982286634,0.07632850241545894,0.04235104669887278
SSPN,SSPN,97,0.3629071,1.1569797992706299,0.044766505636070854,0.03961352657004831,0.042190016103059585
SNORA70G,SNORA70G,108,0.30871668,1.0752767324447632,0.028341384863123993,0.05507246376811594,0.04170692431561997
RN7SL151P,RN7SL151P,103,0.3464232,1.1232631206512451,0.0392914653784219,0.04412238325281804,0.04170692431561997
RAPGEFL1,RAPGEFL1,109,0.42775387,1.6390348672866821,0.07536231884057971,0.00644122383252818,0.04090177133655395
TRPC6,TRPC6,123,0.36959597,1.1966763734817505,0.04766505636070854,0.033816425120772944,0.040740740740740744
MIR4469,MIR4469,108,0.36971197,1.198884129524231,0.047987117552334944,0.03317230273752013,0.04057971014492753
IFNG,IFNG,105,0.106114976,0.9981436133384705,0.0045088566827697265,0.07552334943639291,0.040016103059581316
RNA5SP263,RNA5SP263,92,0.3147621,1.1019229888916016,0.02962962962962963,0.04895330112721417,0.0392914653784219
GRIP1,GRIP1,94,0.3218388,1.1141592264175415,0.03188405797101449,0.045732689210950084,0.038808373590982284
FXYD5,FXYD5,111,0.39756835,1.4317306280136108,0.06054750402576489,0.01706924315619968,0.038808373590982284
FKBP9L,FKBP9L,97,0.382238,1.3501813411712646,0.05410628019323672,0.021256038647342997,0.03768115942028986
LINC00403,LINC00403,113,0.40055206,1.4929901361465454,0.06215780998389694,0.01320450885668277,0.03768115942028985
MED1,MED1,111,0.40727812,1.5950721502304077,0.06570048309178744,0.008695652173913044,0.037198067632850246
HEPACAM2,HEPACAM2,102,0.38001192,1.34279203414917,0.05249597423510467,0.021900161030595812,0.037198067632850246
CLNS1A,CLNS1A,107,0.1409148,1.0225704908370972,0.005475040257648953,0.06859903381642513,0.03703703703703704
NARS2,NARS2,98,0.33132794,1.1568676233291626,0.03413848631239936,0.03993558776167472,0.037037037037037035
LINC00662,LINC00662,113,0.28027636,1.0759624242782593,0.01996779388083736,0.05410628019323672,0.037037037037037035
PLEKHA2,PLEKHA2,111,0.29972193,1.1069222688674927,0.02608695652173913,0.04734299516908213,0.03671497584541063
KCTD14,KCTD14,103,0.03091349,1.0175976753234863,0.0025764895330112722,0.07020933977455716,0.03639291465378422
SNORA15,SNORA15|ENSG00000207168.1,103,0.42082372,2.2196311950683594,0.07149758454106281,0.0006441223832528181,0.03607085346215781
MBOAT1,MBOAT1,113,0.39112103,1.4834940433502197,0.05732689210950081,0.014170692431561997,0.035748792270531404
MSL1,MSL1,127,0.33036637,1.162111759185791,0.03349436392914654,0.038003220611916265,0.035748792270531404
CAND1,CAND1,87,0.2961032,1.1135426759719849,0.024798711755233495,0.04605475040257649,0.035426731078905
CEP89,CEP89,95,0.35593092,1.2637109756469727,0.04186795491143317,0.028985507246376812,0.03542673107890499
CCNE1,CCNE1,96,0.2922037,1.1120738983154297,0.024476650563607084,0.0463768115942029,0.03542673107890499
PEPD,PEPD,70,0.4035408,1.7802387475967407,0.06344605475040258,0.004186795491143317,0.033816425120772944
VSTM2B,VSTM2B,100,0.3596638,1.321401834487915,0.04315619967793881,0.023510466988727857,0.03333333333333333
RHPN2,RHPN2,91,0.35435018,1.320428729057312,0.04154589371980676,0.02383252818035427,0.03268921095008052
LETM2,LETM2,116,0.29877198,1.1636736392974854,0.025442834138486314,0.03735909822866344,0.03140096618357488
BIRC3,BIRC3,113,0.29166335,1.1633847951889038,0.024154589371980676,0.03768115942028986,0.03091787439613527
IDO1,IDO1,93,0.1440685,1.076828956604004,0.005797101449275362,0.0537842190016103,0.029790660225442835
TUBD1,TUBD1,89,0.30174884,1.2094444036483765,0.02640901771336554,0.032528180354267314,0.029468599033816427
RN7SKP10,RN7SKP10,121,0.26007235,1.141942024230957,0.01706924315619968,0.041223832528180356,0.02914653784219002
LRFN1,LRFN1,102,0.3261441,1.3345988988876343,0.032528180354267314,0.02318840579710145,0.02785829307568438
MRPS35,MRPS35,117,0.3317673,1.3976962566375732,0.034782608695652174,0.01964573268921095,0.027214170692431563
MTL5,MTL5,98,0.35038814,1.4851456880569458,0.040257648953301126,0.013848631239935587,0.027053140096618356
ZNF254,ZNF254,109,0.27839953,1.2193212509155273,0.01964573268921095,0.031561996779388084,0.025603864734299518
PIP4K2C,PIP4K2C,106,0.1574813,1.1198524236679077,0.00644122383252818,0.044766505636070854,0.025603864734299518
PHKG1,PHKG1,111,0.34506047,1.5399746894836426,0.03864734299516908,0.010950080515297906,0.024798711755233495
SFRP1,SFRP1,99,0.2835946,1.2667713165283203,0.021578099838969404,0.027697262479871174,0.02463768115942029
AGAP2,AGAP2,108,0.20509441,1.1923134326934814,0.010628019323671498,0.034782608695652174,0.022705314009661838
GOT1L1,GOT1L1,98,0.19131678,1.1907793283462524,0.008695652173913044,0.03510466988727858,0.021900161030595812
PDZK1,PDZK1,101,0.33250836,1.629149079322815,0.03510466988727858,0.007085346215780998,0.02109500805152979
SLC20A2,SLC20A2,99,0.33348358,1.6679929494857788,0.03542673107890499,0.0051529790660225444,0.020289855072463767
PDCD1LG2,PDCD1LG2,101,0.22948588,1.2746295928955078,0.012560386473429951,0.02705314009661836,0.019806763285024155
ATP11A,ATP11A,103,0.31586495,1.5941429138183594,0.02995169082125604,0.009017713365539453,0.019484702093397747
C19orf12,C19orf12,93,-0.010607743,1.1723188161849976,0.001932367149758454,0.03639291465378422,0.019162640901771336
CCND1,CCND1,109,0.28211495,1.4691659212112427,0.020933977455716585,0.015136876006441223,0.018035426731078906
RN7SL806P,RN7SL806P,100,0.31725675,1.9466482400894165,0.030273752012882446,0.0022544283413848632,0.016264090177133653
MRGPRD,MRGPRD,96,0.25100103,1.4829902648925781,0.015780998389694042,0.014492753623188406,0.015136876006441223
ADAM5,ADAM5,93,0.26398066,1.5039689540863037,0.017391304347826087,0.012238325281803542,0.014814814814814815
OMP,OMP,100,0.028200591,1.4139078855514526,0.0022544283413848632,0.018035426731078906,0.010144927536231885
ACER3,ACER3,114,-0.0303077,1.4273419380187988,0.001610305958132045,0.017391304347826087,0.009500805152979066
CAPN5,CAPN5,102,-0.1150212,1.494535207748413,0.00032206119162640903,0.01288244766505636,0.006602254428341385
POLB,POLB,97,0.21980232,2.2094826698303223,0.011594202898550725,0.000966183574879227,0.006280193236714976
JAK2,JAK2,100,0.07282496,1.6162347793579102,0.004186795491143317,0.008051529790660225,0.006119162640901771
NDUFC2,NDUFC2,106,0.15235683,1.8739906549453735,0.006119162640901771,0.00322061191626409,0.00466988727858293
RNF122,RNF122,89,0.044001143,1.8653037548065186,0.002898550724637681,0.003542673107890499,0.00322061191626409
