Name,Term,ES,NES,NOM p-val,FDR q-val,FWER p-val,Tag %,Gene %,Lead_genes
prerank,Detection Of Chemical Stimulus Involved In Sensory Perception Of Bitter Taste (GO:0001580),0.5186994576128966,2.2165030088075737,0.0,0.05034500863932023,0.143,14/18,31.20%,TAS2R19;TAS2R10;TAS2R46;TAS2R31;RTP2;TAS2R43;TAS2R7;RTP1;RTP4;TAS2R8;TAS2R50;TAS2R42;TAS2R14;TAS2R9
prerank,Detection Of Chemical Stimulus Involved In Sensory Perception Of Taste (GO:0050912),0.5186994576128966,2.2165030088075737,0.0,0.05034500863932023,0.143,14/18,31.20%,TAS2R19;TAS2R10;TAS2R46;TAS2R31;RTP2;TAS2R43;TAS2R7;RTP1;RTP4;TAS2R8;TAS2R50;TAS2R42;TAS2R14;TAS2R9
prerank,Sensory Perception Of Bitter Taste (GO:0050913),0.5186994576128966,2.2165030088075737,0.0,0.05034500863932023,0.143,14/18,31.20%,TAS2R19;TAS2R10;TAS2R46;TAS2R31;RTP2;TAS2R43;TAS2R7;RTP1;RTP4;TAS2R8;TAS2R50;TAS2R42;TAS2R14;TAS2R9
prerank,Cell-Matrix Adhesion (GO:0007160),-0.4457727139627571,-2.0298449570776462,0.00851063829787234,0.6832832781442787,0.303,12/13,45.38%,PPFIA1;ADAM9;ARHGEF7;CTTN;ADAMTS12;ACTN2;ITGB8;PIP5K1A;ITGA10;ADAM15;SRC;DEFB118
prerank,G1/S Transition Of Mitotic Cell Cycle (GO:0000082),-0.3871007079750842,-1.9303390766990314,0.004291845493562232,0.6053511991854267,0.463,15/16,51.50%,CCND1;CDK4;CCNE1;E2F3;TFDP1;CCND2;RPS6KB1;CDK6;BCAT1;CDK14;CUL4A;CDKN1B;EIF4EBP1;MYC;E2F1
prerank,Defense Response To Fungus (GO:0050832),0.4651456445492532,1.9118109656282876,0.005069708491761723,0.4811059533454141,0.809,8/15,16.33%,CLEC6A;GAPDH;CLEC4E;CLEC7A;CLEC4D;CLEC4C;DEFB119;S100A9
prerank,Antifungal Innate Immune Response (GO:0061760),0.550553185374899,1.904339920465204,0.009549795361527967,0.406267249491683,0.826,6/10,14.57%,CLEC6A;CLEC4E;CLEC7A;CLEC4D;CLEC4C;DEFB119
prerank,Regulation Of Cyclin-Dependent Protein Serine/Threonine Kinase Activity (GO:0000079),-0.4713808288885317,-1.8645243709165185,0.014705882352941176,0.5877705618445408,0.587,8/10,20.96%,CCND1;CCNE1;CDKN2B;EGFR;CDC6;CCND2;CDKN2A;CDK5RAP1
prerank,Regulation Of Kinase Activity (GO:0043549),-0.3776481321263927,-1.8616931017195513,0.0182648401826484,0.4459446740423202,0.59,16/17,54.52%,PDGFRA;EGFR;ZNF622;IRS2;MET;ECT2;NBN;RBL1;FGFR1;ERBB2;CDKN1B;ZNF16;DDR2;CD4;HNRNPU;DSTYK
prerank,Chromatin Organization (GO:0006325),-0.2718413978494624,-1.8375098871354465,0.008264462809917356,0.41154435232007947,0.638,30/30,73.12%,RSF1;PAK1;SOX1;GATAD1;HMGA2;CHD1L;CHD4;DDX11;DPF1;ING4;ACTR5;PARP10;MOS;YEATS2;MYC;HNRNPU;CHTOP;TTI1;CHRAC1;KDM5A;BRD9;CHD6;CHD7;PHC1;GATAD2B;ACTL6A;YEATS4;SOX2;L3MBTL1;TOP1
prerank,Cellular Response To Fibroblast Growth Factor Stimulus (GO:0044344),-0.45660881174899864,-1.788181805130123,0.017421602787456445,0.4429271019614218,0.728,10/10,54.52%,SFRP1;FRS2;FGF19;ZFP36;FGF3;FGFR1;FGF4;FGF23;FGF6;DSTYK
prerank,Epidermis Development (GO:0008544),0.40876339416074,1.7864679969413004,0.02040816326530612,0.7636602434054192,0.977,15/17,50.73%,SPRR2D;GRHL2;SPRR1A;SPRR2B;PTHLH;SPRR2E;SPRR2G;SPRR1B;SPRR3;FABP5;KDM5A;FLG2;S100A7;SPRR2F;LCE2B
prerank,Cell Cycle G1/S Phase Transition (GO:0044843),-0.3728817609158427,-1.7428363613132256,0.003968253968253968,0.47613913753503556,0.806,13/14,51.50%,CCND1;CDK4;CCNE1;E2F3;CCND2;RPS6KB1;CDK6;BCAT1;CUL4A;CDKN1B;EIF4EBP1;MYC;E2F1
prerank,Regulation Of DNA Metabolic Process (GO:0051052),0.40121966917221774,1.7353221170432096,0.015364916773367477,0.9196651217010977,0.996,16/17,56.69%,GRHL2;TAF4;UBE2V1;ACTL6A;IL7R;NSMCE2;DSCC1;SMG5;UBE2V2;CHRAC1;SUB1;ENY2;MYC;TAF2;ACTR5;ING4
prerank,Cellular Response To Ketone (GO:1901655),-0.39558970932175075,-1.7284502776599195,0.024291497975708502,0.4467318667590763,0.827,13/13,60.65%,SFRP1;GAS6;MAP4K1;DEFB104A;PTGER4;AHR;ADCY2;SCNN1A;ADAM15;SRC;ADCY8;GOLPH3;PCK1
prerank,Mitotic Cell Cycle Phase Transition (GO:0044772),-0.2881718621639913,-1.7038964665158638,0.016042780748663103,0.4485249168361317,0.864,19/22,51.50%,CCND1;CDK4;CCNE1;E2F3;CCND2;EPS8;RPS6KB1;CDK6;BCAT1;CDK14;FOXM1;CUL4A;FBXL7;ENSA;CDKN1B;EIF4EBP1;TAF2;MYC;E2F1
prerank,Cell Junction Assembly (GO:0034329),-0.3220850389604244,-1.7034517246075747,0.02830188679245283,0.4046170564126259,0.865,16/18,53.49%,CTNND2;SDK1;CDH9;VMP1;CDH6;PKP2;CDH18;CDH4;NLGN1;SHANK2;CDH26;DNM3;CDH17;PARD6B;CDH12;CDH10
prerank,Cellular Response To Oxidative Stress (GO:0034599),0.3976939349143894,1.6524243434497485,0.035856573705179286,1.0,1.0,5/15,4.03%,PEX2;RAD52;PYROXD1;ZFAND1;MMP9
prerank,Innate Immune Response Activating Cell Surface Receptor Signaling Pathway (GO:0002220),0.4272280673748179,1.6413417329843816,0.03664921465968586,1.0,1.0,7/13,21.22%,CLEC6A;EHHADH;CLEC7A;KLRC2;KLRD1;PAK2;COLEC10
prerank,Regulation Of Endopeptidase Activity (GO:0052548),0.4476150194577089,1.6269726975866023,0.02188782489740082,1.0,1.0,6/11,24.15%,GAPDH;SERPINI1;FETUB;APH1A;KNG1;AHSG
prerank,Plasma Membrane Bounded Cell Projection Morphogenesis (GO:0120039),-0.3790085997257998,-1.5799008523598828,0.041811846689895474,0.683712655989782,0.977,10/11,50.80%,PAK1;ANKRD27;CTTN;CNTNAP2;NLGN1;TNIK;TRIO;MYO16;NTF3;ZNF335
prerank,Negative Regulation Of Epithelial Cell Proliferation (GO:0050680),-0.3184883679721916,-1.558204095340829,0.05454545454545454,0.6936479822482339,0.987,13/15,48.40%,SFRP1;CDKN2B;IL26;MED1;AQP11;CDK6;CYP27B1;KRIT1;GDF5;EPPK1;MTSS1;SNAI2;SULF1
prerank,DNA-templated Transcription (GO:0006351),-0.23423441968478387,-1.5413568164007039,0.04861111111111111,0.6936984433198208,0.991,26/27,72.16%,RSF1;CDK12;THAP1;TFDP1;GLIS3;TRIP13;THRA;NCOA6;GMEB2;SOX5;CREBL2;CEBPD;PMF1;TCFL5;MLF1;E2F1;POLR3GL;DIDO1;POLR2H;TCEA1;TFB2M;TCEA2;HSF1;ZBTB7B;NFKBIB;TAF4
prerank,Cellular Response To Growth Factor Stimulus (GO:0071363),-0.26746689493268255,-1.5406300569496691,0.03260869565217391,0.647072413173499,0.991,19/20,66.87%,SFRP1;EGFR;MED1;ZFP36;RPS6KB1;URI1;VSTM2A;PDCD5;PDE3A;ERBB2;ADAMTS12;SOX5;HAS2;SNAI2;DSTYK;CPNE3;PLCG1;STMN2;BMP7
prerank,Regulation Of Double-Strand Break Repair Via Homologous Recombination (GO:0010569),0.4337377794366097,1.5151604453095597,0.06317204301075269,1.0,1.0,9/10,51.10%,MAGEF1;RAD51AP1;VPS72;YEATS4;ACTL6A;UBQLN4;RTEL1;MRGBP;SPIDR
prerank,ncRNA Processing (GO:0034470),0.356539194591029,1.4898683673083553,0.06148055207026349,1.0,1.0,13/16,53.53%,DCAF13;DDX27;POP1;DDX47;RPS27;INTS8;RPL35A;EXOSC4;FBL;RPL7;RPS16;INTS3;EMG1
prerank,Cytokine-Mediated Signaling Pathway (GO:0019221),-0.2216762090423041,-1.4859033515926696,0.043478260869565216,0.7896067744208002,0.997,24/28,58.48%,JAK2;YAP1;BIRC2;BIRC3;ACTN4;IKBKB;ST18;PTPN6;CSF3;LIFR;TNFRSF1A;IL6;IL1RAP;GHR;OSMR;COMMD7;LYN;PRLR;SRC;CD4;AIM2;IL12A;HCK;FCER1G
prerank,Gene Expression (GO:0010467),0.2555630652497809,1.478679490368681,0.0659217877094972,1.0,1.0,29/41,51.90%,MRPL13;EIF4G1;ADAR;TGM2;MRPL51;FYTTD1;COPS5;RPL30;AGO2;MRPL9;RBM8A;RPS27;RPL35A;NCBP2;KPNA4;EXOSC4;RBM39;EEF1A2;MRPS21;SMG5;RPL7;GOLPH3;RPS20;CHTOP;RPL8;HNRNPU;MAGOHB;RPS16;DNAJB11
prerank,Regulation Of Wnt Signaling Pathway (GO:0030111),-0.3391418948335173,-1.4762909216653957,0.08620689655172414,0.7720392569585269,0.998,9/12,31.94%,TSKU;SFRP1;CTNND2;TERT;DKK4;SOX7;CDK14;ZNF703;NKD2
prerank,Defense Response To Bacterium (GO:0042742),0.22483086275898845,1.467739870765537,0.07356076759061833,1.0,1.0,36/58,47.01%,EPPIN;WFDC5;EHHADH;WFDC13;SPRR2A;PI3;IL6R;DEFB119;WFDC2;S100A9;SHC1;GSDMB;RPL30;SLAMF8;SEMG2;WFDC3;S100A14;ZNFX1;BPI;GSDMC;LCE3C;LCE3A;WFDC9;WFDC10B;LCE3B;SHARPIN;S100A12;DEFA3;DROSHA;GSDMD;PGLYRP4;FCER1G;CEBPB;SLPI;IL12A;SEMG1
prerank,Cellular Response To Alcohol (GO:0097306),-0.34875393662264464,-1.4499012454047857,0.07723577235772358,0.8189582581498858,0.998,11/12,54.56%,SFRP1;MAP4K1;DEFB104A;CYP7A1;PTGER4;AHR;ADCY2;SCNN1A;SPIDR;ADCY8;GOLPH3
prerank,Negative Regulation Of Cytokine Production (GO:0001818),-0.21278371279343034,-1.4485710448694222,0.06535947712418301,0.7782711992995125,0.998,23/27,58.68%,IFNG;PDCD1LG2;CD274;GPNMB;ZFP36;GAS6;IFNL1;PTPN6;PTGER4;C1QTNF3;HDAC9;IL6;RARA;SYT11;SLAMF1;ITCH;CD84;IL12A;APOD;OTUD7B;APOA2;PIBF1;CLEC4A
prerank,MAPK Cascade (GO:0000165),-0.32776717298834024,-1.441144633966227,0.07462686567164178,0.7658142198168111,0.999,11/13,47.34%,PAK1;ZFP36;IKBKB;PTGER4;USP17L2;FGF10;FGFR1;TNIK;KRAS;MOS;MYC
prerank,Regulation Of Telomere Maintenance Via Telomerase (GO:0032210),-0.31459236652236744,-1.4253759891953497,0.07114624505928854,0.781682367738789,0.999,11/12,57.39%,PINX1;TNKS;CCT2;CCT6A;MAPK15;CCT5;FBXO4;SRC;HNRNPU;CCT3;SMG5
prerank,Regulation Of Protein Serine/Threonine Kinase Activity (GO:0071900),-0.2859051414140946,-1.4229656747003565,0.09047619047619047,0.7523313250140264,0.999,10/16,15.67%,IFNG;CDK12;CCND1;CCNE1;CDKN2B;CDC6;CCND2;HMGA2;CDKN2A;LIME1
prerank,Ribonucleoprotein Complex Biogenesis (GO:0022613),-0.27939928248203355,-1.4222915576694506,0.0821256038647343,0.7197088320378101,0.999,15/16,64.74%,ZNF622;MRPL36;MRPS12;CUL4A;MALSU1;TGS1;IGF2BP3;BOP1;EMG1;RPS16;RPL7;FBL;HEATR1;RPL35A;RPS27
prerank,Regulation Of Phagocytosis (GO:0050764),0.4008639247990148,1.4139815516803103,0.09918478260869565,1.0,1.0,8/11,43.81%,CLEC7A;TGM2;FCGR2B;ADIPOQ;AHSG;FCER1G;APOA2;HCK
prerank,Cellular Response To Tumor Necrosis Factor (GO:0071356),-0.25017449811528847,-1.4040766158163065,0.09693877551020408,0.747353920134165,0.999,15/20,39.65%,JAK2;BIRC2;SFRP1;BIRC3;ACTN4;ZFP36;IKBKB;ST18;NR1D1;BAG4;TNFRSF1A;OCSTAMP;COMMD7;ADAMTS12;HAS2
prerank,Positive Regulation Of DNA-binding Transcription Factor Activity (GO:0051091),0.2575665695278124,1.3892773335170414,0.10253456221198157,1.0,1.0,23/31,55.32%,CLEC7A;CRTC2;MAP3K13;STK3;S100A9;COPS5;RIPK2;MTDH;LRP6;UBE2V1;PHB2;HSF1;S100A12;LPAR5;CD40;NTSR1;ADCY8;ARHGEF2;PRKCI;AIM2;TFRC;DDR2;S100A8
prerank,Calcium-Dependent Cell-Cell Adhesion Via Plasma Membrane Cell Adhesion Molecules (GO:0016339),-0.33730851214622304,-1.3839159237927987,0.07553956834532374,0.7820759640971671,0.999,9/10,53.49%,CDH9;CDH6;CDH18;CDH4;NLGN1;CDH26;CDH17;CDH12;CDH10
prerank,DNA Damage Response (GO:0006974),-0.17131002614578847,-1.3829840355262182,0.09482758620689655,0.7539416964003046,0.999,39/43,70.86%,YAP1;PAK1;POLB;CCND1;MACROD2;TRRAP;DYRK2;ASH2L;CHD1L;PRKDC;MRPL36;SAMHD1;RECQL;MAPK15;NCOA6;CUL4A;NIPBL;DDX11;LYN;RRM2B;VCPIP1;MCL1;INTS3;HLTF;MYC;RBBP5;SPIDR;AIM2;E2F1;RECQL4;RTEL1;NFATC2;BTG2;BCL2L1;CHRNA4;UBQLN4;FBXO45;FMN2;BCL6
prerank,Negative Regulation Of Translation (GO:0017148),0.29953814081566327,1.3761097414149865,0.11851851851851852,1.0,1.0,6/20,6.29%,MRPL13;GAPDH;YTHDF3;EIF3E;EIF4G1;IGF2BP2
prerank,Regulation Of RNA Splicing (GO:0043484),0.3702589925082163,1.3706067316286232,0.1245136186770428,1.0,1.0,6/12,18.53%,ESRP1;TRA2B;ILDR2;CLK2;RBM38;RBM12B
prerank,Negative Regulation Of Extrinsic Apoptotic Signaling Pathway (GO:2001237),-0.3262103505843072,-1.3638727382238367,0.10676156583629894,0.7874349298996988,0.999,11/11,67.53%,TERT;PEA15;EYA1;SRC;MCL1;GDNF;SNAI2;ARHGEF2;BCL2L1;SIAH2;EYA2
prerank,Membrane Organization (GO:0061024),0.2792805807678733,1.3588409421301562,0.13254437869822486,1.0,1.0,13/24,33.43%,LMNA;OPA1;RTP2;CNTN2;VPS28;DCSTAMP;RTP1;RTP4;EXOC3;CHMP4C;NUP155;SERP1;TTPA
prerank,Phospholipase C-activating G Protein-Coupled Receptor Signaling Pathway (GO:0007200),0.37942415471114727,1.358503046492917,0.1314060446780552,1.0,1.0,8/11,38.79%,TRHR;GPR20;TGM2;MC3R;OPRL1;AGTR1;P2RY1;OPRK1
prerank,Regulation Of Phosphatidylinositol 3-Kinase Signaling (GO:0014066),-0.2791715306112589,-1.3574659795535404,0.13725490196078433,0.7788543050156281,1.0,13/16,45.68%,PDGFRA;JAK2;EGFR;PTPN6;LIME1;CSF3;MYOC;TWIST1;FGFR1;CRNN;PIP5K1A;SRC;DDR2
prerank,Central Nervous System Development (GO:0007417),0.2664505475619282,1.3573746284231951,0.11805555555555555,1.0,1.0,18/26,49.60%,NHLH1;SERPINI1;B3GNT5;GRIN2B;ZIC1;GRHL2;EIF2B5;WWP1;ZIC4;VPS13B;ATN1;NNAT;PBX1;CHD7;APOD;UFC1;ZNF335;AIM2
prerank,Potassium Ion Transport (GO:0006813),0.2571948412716868,1.345730314651613,0.1341743119266055,1.0,1.0,28/31,67.40%,KCNMB2;KCNJ8;KCNAB1;KCNS2;LRRC52;KCNN3;KCNA5;ATP1A4;KCNK9;KCNA1;KCNB1;ATP1A2;SLC9A8;KCNG1;KCNMB3;KCNB2;HCN3;KCNS1;KCNQ3;ABCC9;HCN1;KCNQ2;KCNK6;KCNV1;SLC9A3;KCNA6;KCNJ10;KCNK15
prerank,Potassium Ion Transmembrane Transport (GO:0071805),0.2584337540121071,1.3446104741155591,0.12687427912341406,1.0,1.0,28/31,67.40%,KCNJ8;KCNS2;LRRC52;KCNN3;KCNA5;ATP1A4;KCNK9;KCNA1;ATP1B1;KCNB1;SLC12A5;ATP1A2;SLC9A8;KCNG1;KCNB2;HCN3;KCNS1;KCNJ9;KCNQ3;ABCC9;HCN1;KCNQ2;KCNK6;KCNV1;SLC9A3;KCNA6;KCNJ10;KCNK15
prerank,Cell-Cell Junction Organization (GO:0045216),-0.28366649494422447,-1.3426782981400764,0.1328125,0.8010810454017065,1.0,12/14,53.73%,CTNND2;CDH9;CDH6;PKP2;CDH18;CDH4;CDH26;CDH17;PARD6B;CDH12;CDH10;PRKCI
prerank,Regulation Of Stress Fiber Assembly (GO:0051492),-0.2929210946797866,-1.3387673754267513,0.1323529411764706,0.7860526445456071,1.0,9/13,26.95%,PAK1;PPFIA1;SFRP1;RHPN2;MET;PTGER4;MYOC;ARHGEF10;F11R
prerank,Positive Regulation Of Protein-Containing Complex Assembly (GO:0031334),0.3807059745408733,1.3382302636001797,0.1388888888888889,1.0,1.0,3/10,5.22%,TERF1;EIF4G1;CLEC7A
prerank,Cilium Organization (GO:0044782),0.3033387360474495,1.337436456938346,0.1383248730964467,1.0,1.0,15/18,61.24%,ASAP1;CEP19;IFT52;AURKA;TMEM67;IQCG;TBC1D31;AVIL;DUSP23;ODF1;PIBF1;IFT80;DNAH5;CEP250;KIFAP3
prerank,Regulation Of RNA Metabolic Process (GO:0051252),0.35380118908896085,1.3353698303580421,0.13720316622691292,1.0,1.0,6/13,18.53%,ESRP1;TRA2B;ILDR2;CLK2;RBM38;RBM12B
prerank,Intracellular Calcium Ion Homeostasis (GO:0006874),0.32197223233431793,1.3324607441028289,0.16015625,1.0,1.0,10/15,43.01%,EDN3;ATP13A4;TMCO1;ATP2B4;TMEM64;ATP13A5;ATP13A3;ATP1B1;CD40;TRPA1
prerank,Response To Calcium Ion (GO:0051592),-0.25363749126606616,-1.3324204476700965,0.13541666666666666,0.780790215993132,1.0,16/18,60.11%,ADAM9;NEUROD2;SYT10;KCNMB4;CPNE1;CPNE8;ECT2;RYR1;RYR2;NLGN1;SYT11;PDCD6;PRKAA1;ADCY8;KCNMB3;CPNE3
prerank,Histone Acetylation (GO:0016573),0.38056760414094576,1.3289792405041085,0.13858695652173914,1.0,1.0,9/10,56.25%,PHF20L1;VPS72;TAF4;YEATS4;ACTL6A;MRGBP;ENY2;YEATS2;TAF2
prerank,Protein Glycosylation (GO:0006486),0.28460078348356627,1.3279902129025396,0.14457831325301204,1.0,1.0,19/22,64.01%,B3GNT5;PSMD2;POFUT1;ST8SIA1;B4GALT5;DPM1;SERP1;KRTCAP2;RPN2;ARFGEF1;B3GALNT2;ST3GAL1;ALG10;ALG10B;GALNT8;PDCD6;B3GALNT1;ALG3;DPM3
prerank,Regulation Of Translational Initiation (GO:0006446),0.3456587257529756,1.3262214142042528,0.1422924901185771,1.0,1.0,5/13,11.14%,YTHDF3;EIF3E;EIF4G1;EIF4A2;EIF2B5
prerank,Cellular Response To Molecule Of Bacterial Origin (GO:0071219),0.3187516956229588,1.3233903902031283,0.16036505867014342,1.0,1.0,5/16,11.24%,PEX2;LY96;DEFB124;EHHADH;FCGR2B
prerank,Monoatomic Ion Transport (GO:0006811),-0.24171409440910613,-1.3103170875893417,0.11290322580645161,0.8319357350439593,1.0,19/19,76.01%,SLC20A2;TRPC6;AQP11;SLC12A7;SLC1A3;SLC9A3;LASP1;ATP11B;SLC26A7;TRPA1;WNK1;CNGB3;SLC9A8;CHRNA4;SLC12A5;SLC39A1;CHRNB2;SLC32A1;ATP1A4
prerank,Regulation Of Interleukin-1 Beta Production (GO:0032651),0.3767013945850803,1.3082931341756117,0.1584852734922861,1.0,1.0,7/10,49.60%,CLEC7A;GHSR;RIPK2;PYDC2;GSDMD;IFI16;AIM2
prerank,Establishment Of Protein Localization To Membrane (GO:0090150),0.33348904507361393,1.2946034811891105,0.17548387096774193,1.0,1.0,5/13,19.36%,ZDHHC19;RTP2;RTP1;SDCBP;RTP4
prerank,Nitrogen Compound Transport (GO:0071705),-0.2641257104647275,-1.2915282817260079,0.14937759336099585,0.872160330620941,1.0,15/15,73.75%,NRG1;SLC6A19;TXNIP;SLC6A3;SLC6A13;SLC6A18;SLC6A12;ATP11B;SLC52A2;SLC26A7;SLC7A14;SCAMP3;SLC13A3;SLC35F3;RHBG
prerank,ERBB Signaling Pathway (GO:0038127),0.3297355615710651,1.2855185036657037,0.17904509283819628,1.0,1.0,8/13,39.95%,PTK6;FAM83A;SHC1;PTK2;PIK3CA;PLCG1;FAM83C;CPNE3
prerank,Regulation Of Protein Ubiquitination (GO:0031396),0.34783719150266923,1.2847565094598383,0.17162162162162162,1.0,1.0,5/12,20.96%,ANGPT1;DERL1;TSPYL5;VPS28;RIPK2
prerank,Circulatory System Development (GO:0072359),0.32439898757568286,1.2779012737983222,0.1870967741935484,1.0,1.0,8/14,32.14%,SLC2A10;SOX18;HEY1;CACNA1C;PIK3CA;FGF12;GJA5;ZFPM2
prerank,Regulation Of Cation Channel Activity (GO:2001257),0.3388655789660498,1.2738895559288814,0.17191601049868765,1.0,1.0,11/13,55.52%,MMP9;KCNAB1;DLG1;KCNS2;FGF12;JPH1;KCNG1;HCN3;KCNS1;JPH2;HCN1
prerank,Cellular Response To Calcium Ion (GO:0071277),-0.2935997693211664,-1.2687953657602942,0.156,0.9299847047106847,1.0,11/12,60.11%,NEUROD2;SYT10;CPNE1;CPNE8;ECT2;RYR1;NLGN1;SYT11;PRKAA1;ADCY8;CPNE3
prerank,Neuropeptide Signaling Pathway (GO:0007218),0.36474187787224605,1.2651664221490873,0.18356164383561643,1.0,1.0,8/10,46.61%,NPBWR1;RXFP4;OPRL1;RXFP3;PENK;OPRK1;NTSR1;GPR149
prerank,Protein N-linked Glycosylation (GO:0006487),0.3476809614561023,1.2607021813897732,0.1825726141078838,1.0,1.0,10/11,62.11%,PSMD2;ST6GAL1;DPM1;KRTCAP2;RPN2;ST3GAL1;ALG10;ALG10B;PDCD6;ALG3
prerank,Organelle Assembly (GO:0070925),0.2483906920486747,1.2587294751514801,0.18321513002364065,1.0,1.0,17/27,46.41%,YTHDF3;ASAP1;CEP19;TP53INP1;IFT52;VPS28;TMEM67;GABARAPL1;TBC1D31;RB1CC1;AVIL;DUSP23;CHMP4C;PIBF1;FXR1;TP53INP2;IFT80
prerank,Cholesterol Metabolic Process (GO:0008203),-0.26443463953191554,-1.257291197081785,0.15416666666666667,0.9440292892062491,1.0,9/14,26.28%,TSKU;STARD3;DHCR7;CYP51A1;CLN8;SQLE;FDFT1;CYP7A1;CYP11B1
prerank,Positive Regulation Of Kinase Activity (GO:0033674),-0.2494983277591973,-1.2551731640357804,0.1848341232227488,0.9249739334088745,1.0,16/16,75.22%,PDGFRA;AGAP2;EGFR;ZNF622;GAS6;MET;NBN;FGFR1;ERBB2;ZNF16;DDR2;CD4;DSTYK;EEF1A2;PTK2;JTB
prerank,Extracellular Structure Organization (GO:0043062),0.2832715644529938,1.2508315795036569,0.19413919413919414,1.0,1.0,9/19,30.74%,MMP9;MMP16;OTOL1;COL14A1;MMP24;COL22A1;MATN4;COL9A3;MATN2
prerank,Positive Regulation Of Protein Localization (GO:1903829),-0.2965931863727455,-1.248069740722733,0.20416666666666666,0.9260884983348212,1.0,12/12,70.49%,YAP1;PDZK1;ORMDL3;BICD1;SYT11;CEP250;TFRC;PTP4A3;PRKAA1;WWTR1;GPR137B;TM9SF4
prerank,"RNA Splicing, Via Transesterification Reactions With Bulged Adenosine As Nucleophile (GO:0000377)",0.28681826548310596,1.240752126973372,0.21464019851116625,1.0,1.0,10/17,36.96%,PABPC1;TRA2B;SNRPE;DHX35;SRSF6;RSRC1;CTNNBL1;RALY;RBM8A;NCBP2
prerank,Chromatin Remodeling (GO:0006338),0.23083917123365097,1.237681797445384,0.21452894438138478,1.0,1.0,22/31,56.62%,SETDB1;UBR5;SNAI1;RNF168;TOP1;YEATS4;ACTL6A;GATAD2B;PHC1;CHD7;CHD6;BRD9;KDM5A;TFAP2C;IFI16;CHRAC1;TTI1;CHTOP;ZNF335;MYC;YEATS2;ACTR5
prerank,rRNA Metabolic Process (GO:0016072),0.33147742323407736,1.2352559957876956,0.21899736147757257,1.0,1.0,10/12,53.53%,DCAF13;DDX27;DDX47;RPS27;RPL35A;EXOSC4;FBL;RPL7;RPS16;EMG1
prerank,"Regulation Of Alternative mRNA Splicing, Via Spliceosome (GO:0000381)",0.3538050734312418,1.234517164528835,0.22038567493112948,1.0,1.0,10/10,64.74%,TRA2B;RBM38;KHDRBS3;SRSF6;PUF60;RBM8A;FXR1;HNRNPU;HNRNPL;CELF3
prerank,Positive Regulation Of Protein Modification By Small Protein Conjugation Or Removal (GO:1903322),0.3400153329367984,1.2317180377452421,0.21727395411605938,1.0,1.0,5/11,23.99%,ANGPT1;DERL1;TSPYL5;RIPK2;PIAS3
prerank,Protein Targeting (GO:0006605),0.25248683132234834,1.2261296024860906,0.2099514563106796,1.0,1.0,8/23,20.23%,ZDHHC19;GDAP1;RTP2;PEX19;RTP1;SDCBP;RTP4;VPS8
prerank,Fatty Acid Metabolic Process (GO:0006631),0.35029435099487544,1.2241730069133177,0.22865013774104684,1.0,1.0,6/10,34.70%,PEX2;ACOT8;ADIPOQ;ADIPOR2;THEM4;LPIN3
prerank,Phosphatidylinositol Biosynthetic Process (GO:0006661),-0.2652856665552957,-1.2177895031071033,0.18834080717488788,1.0,1.0,13/13,73.62%,PGAP3;EFR3A;DPM3;SLA2;PIP5K1A;IMPA1;PIGZ;PIGM;TP53INP2;PI4KB;PIGC;DPM1;PIK3CA
prerank,Positive Regulation Of Signal Transduction (GO:0009967),0.21267425674175905,1.212103391574365,0.24266365688487584,1.0,1.0,25/38,56.12%,CLEC6A;PDE6H;LY96;GRIN2B;IL7;RIMS2;NID1;SULF2;VWF;GHRH;ADIPOQ;UBE2V1;RSPO2;ZBTB7B;IL7R;CTSK;PDCD10;DSTYK;PRKCI;PTGIS;TP63;SULF1;LMO3;ARNT;SRC
prerank,Cilium Assembly (GO:0060271),0.27001106851455364,1.2104506197109468,0.2480916030534351,1.0,1.0,15/19,60.78%,ASAP1;CCDC39;RP1;CEP19;IFT52;TMEM67;TBC1D31;AVIL;DUSP23;PIBF1;IFT80;VANGL2;DNAH5;CEP250;GORAB
prerank,Transport Across Blood-Brain Barrier (GO:0150104),0.30221165294343594,1.2079445564706834,0.24743589743589745,1.0,1.0,11/14,53.33%,SLC2A10;ABCC5;KCNJ8;ATP2B4;ATP1A4;SLC13A3;ATP1A2;FABP5;TFRC;ABCC9;SLCO1C1
prerank,Negative Regulation Of NF-kappaB Transcription Factor Activity (GO:0032088),-0.28914858096828044,-1.2063984143163768,0.23161764705882354,1.0,1.0,11/11,71.22%,CDKN2A;LRRC14;COMMD7;ITCH;DAP;PARP10;PTGIS;AIM2;PYDC2;BMP7;NFKBIB
prerank,mRNA Processing (GO:0006397),0.2637271652835919,1.2031881416868457,0.22643818849449204,1.0,1.0,11/20,36.96%,PABPC1;TRA2B;SNRPE;DHX35;SRSF6;RSRC1;CTNNBL1;RALY;RPRD1B;RBM8A;NCBP2
prerank,Negative Regulation Of T Cell Activation (GO:0050868),0.32795854083473697,1.2015804986036678,0.2369146005509642,1.0,1.0,4/11,15.50%,ILDR2;FCGR2B;PAG1;LAX1
prerank,Positive Regulation Of Cell Projection Organization (GO:0031346),0.277776130980395,1.2006981993032562,0.2483745123537061,1.0,1.0,7/17,20.19%,SERPINI1;NCOA2;DVL3;MAP3K13;PTK6;S100A9;TOX
prerank,Protein Catabolic Process (GO:0030163),-0.2842291798196706,-1.1996961718884038,0.22519083969465647,1.0,1.0,6/11,17.30%,FBXO27;NR1D1;NCCRP1;CLN8;CTSS;CTSZ
prerank,Cellular Response To Hormone Stimulus (GO:0032870),-0.2357282784849087,-1.195584682189936,0.19911504424778761,1.0,1.0,12/16,43.95%,SFRP1;BCAS3;MED1;URI1;CTSS;CYP11B1;RARA;GHR;OCSTAMP;CTSB;GNRHR2;SRC
prerank,Activation Of GTPase Activity (GO:0090630),-0.28046744574290483,-1.1948053267050818,0.22939068100358423,0.9959331854529625,1.0,11/11,72.09%,AGAP2;BCAS3;SIPA1L3;ARHGEF10;ECT2;GRTP1;PIP5K1A;NTF3;SCRIB;ARHGEF26;RALGAPB
prerank,Mitochondrial Respiratory Chain Complex Assembly (GO:0033108),0.34685454586823183,1.1916602904451281,0.24651810584958217,1.0,1.0,4/10,15.80%,NDUFAF6;NDUFB5;NDUFS2;NDUFB9
prerank,Regulation Of G1/S Transition Of Mitotic Cell Cycle (GO:2000045),-0.24537146668742188,-1.1886329646548899,0.21568627450980393,0.9952739915519391,1.0,12/16,41.85%,CDKN2B;EGFR;GPNMB;TFDP1;CCND2;CDKN2A;PTPN6;FGF10;RBL1;DPF1;CDKN1B;MYO16
prerank,Receptor-Mediated Endocytosis (GO:0006898),-0.2516786604385629,-1.188501240772533,0.24336283185840707,0.9728237434515853,1.0,13/15,59.05%,TPCN2;ADRB3;CTTN;M6PR;DNM3;DAB2;ITCH;AP2M1;CLEC9A;TFRC;PI4KB;FCER1G;CD9
prerank,Regulation Of Neuron Projection Development (GO:0010975),0.25671047579154105,1.188128565190103,0.245,1.0,1.0,10/20,35.10%,SERPINI1;CSMD3;PTK6;EPHB3;S100A9;PAK2;TOX;AVIL;PTPRO;STMN2
prerank,Positive Regulation Of Cell Growth (GO:0030307),0.30246496007474655,1.1867225540515174,0.2516914749661705,1.0,1.0,5/14,17.90%,EIF4G1;RIMS2;MAP3K13;S100A9;SDCBP
prerank,Negative Regulation Of Signal Transduction (GO:0009968),-0.15129497232535066,-1.186423296064367,0.19130434782608696,0.95787041034365,1.0,30/39,54.42%,PIP4K2C;TSKU;KCTD21;SFRP1;NRG1;MFHAS1;CLEC12B;NR1D1;RPS6KB1;GRB7;PIP4K2B;DKK4;PTPN1;GRINA;GATA4;TWIST1;LRRC14;NKD2;ASXL1;LYN;ADAMTS12;SLAMF1;YWHAB;PDCD6;TULP3;DEFB118;SNAI2;SULF1;IL12A;APOD
prerank,Positive Regulation Of I-kappaB kinase/NF-kappaB Signaling (GO:0043123),0.23652923474670914,1.1821534995658443,0.24850657108721624,1.0,1.0,19/26,59.02%,CLEC6A;GAPDH;CLEC7A;LTBR;S100A13;RIPK2;MTDH;DHX36;UBE2V1;SHARPIN;S100A12;TNFSF10;CD40;S100A4;TFRC;CD4;ECM1;GOLT1B;EEF1D
prerank,Metal Ion Transport (GO:0030001),0.23651799250511724,1.1774332884470362,0.24497041420118343,1.0,1.0,17/26,47.47%,NIPAL2;KCNMB2;KCNJ8;KCNAB1;KCNS2;KCNA5;CLDN16;ATP1A4;KCNK9;CHRNB2;KCNA1;CHRNA4;ATP1A2;KCNG1;KCNMB3;KCNB2;KCNS1
prerank,Regulation Of DNA-templated Transcription (GO:0006355),0.13539989522485749,1.1727356132753186,0.236,1.0,1.0,145/238,56.72%,NHLH1;SALL4;MED30;ATAD2;NCOA2;CTCFL;HNF4G;ZFHX4;ZNF704;DVL3;ZIC1;POFUT1;SOX18;GRHL2;ZBTB10;MSC;GDF6;RORC;ADNP;POLR3C;MYNN;PHF20L1;HEY1;TP53INP1;MAFB;PRDM14;GLI4;ETV5;SNAI1;MYT1;BHLHE41;TBL1XR1;WWP1;SHOX2;ZNF217;KLF10;LMX1A;SHC1;VPS72;TCF24;TOX;ATP2B4;ADIPOQ;MTDH;ZIC4;POLR2K;HNF4A;TRPS1;MDM4;LRP6;PIAS3;HES1;ZNF706;ZHX1;ETV6;DHX36;ZHX2;TAF4;MLF2;BCL6;UBE2V1;L3MBTL1;TSHZ2;IRF2BP2;ZNF707;TARBP1;SOX2;ZBTB18;ZFPM2;SOX13;PBXIP1;OSR2;ZBTB7B;YEATS4;ACTL6A;BMP7;GATAD2B;MED21;PHB2;PBX1;HSF1;E2F5;ZBTB46;USP13;ILF2;TCEA2;RFX5;FOXJ2;ZNF695;CHD7;YY1AP1;EID2B;FOXH1;WWTR1;PLAGL2;BRD9;KDM5A;NFATC2;TOX2;ZNF341;FOXS1;TFAP2C;CEBPB;IFI16;ZGPAT;TP53INP2;ZNF496;MRGBP;MLLT11;PRKAA1;PTP4A3;PLAG1;E2F1;SUB1;ENY2;ATF7IP;MLF1;IRX1;SCRT1;TCFL5;MED29;GON4L;ZHX3;CD4;ARID4B;SS18L1;RUNX1T1;TP63;SNAI2;MAEL;POU5F1B;MYC;ZNF696;TEAD4;YEATS2;CEBPD;ARNT;TULP3;POU2F1;TAF2;DAP;RAD21;ACTR5;ING4;ID1
prerank,Adherens Junction Organization (GO:0034332),-0.26127118882976064,-1.171159986088593,0.21176470588235294,0.9943118671203482,1.0,10/12,53.49%,CDH9;CDH6;ZNF703;CDH18;CDH4;CDH26;CDH17;MTSS1;CDH12;CDH10
prerank,Positive Regulation Of Protein Secretion (GO:0050714),-0.28681135225375626,-1.171106920279445,0.2581967213114754,0.9730044236808104,1.0,11/11,71.46%,ADAM9;SOX4;DNM1L;IRS2;BLK;C1QTNF3;SLC30A8;TM7SF3;GOLPH3;NNAT;GOLPH3L
prerank,Regulation Of G Protein-Coupled Receptor Signaling Pathway (GO:0008277),-0.2852324897009872,-1.170838307207358,0.25925925925925924,0.9533406263352373,1.0,10/11,58.65%,CALCR;RASGRP4;RGS4;GNG4;GRK1;YWHAB;RGS20;TULP3;RGS5;RGS7
prerank,Sensory Organ Development (GO:0007423),0.32484108889372953,1.1661641044494966,0.2807486631016043,1.0,1.0,7/11,44.74%,BHLHE22;MAFB;GDF3;SOX2;PBX1;CHD7;BHLHE23
prerank,Wound Healing (GO:0042060),-0.24330177884454463,-1.1607281624888144,0.26104417670682734,0.9697558276504293,1.0,10/14,34.30%,PDGFRA;TSKU;PAK1;NRG1;FUT10;GATA4;EPPK1;FGF10;ERBB2;SYT11
prerank,Protein O-linked Glycosylation (GO:0006493),0.30766796323240747,1.1605801628882928,0.2761780104712042,1.0,1.0,11/12,64.01%,XXYLT1;B3GNT5;POFUT1;ST6GAL1;B4GALT5;DPM1;B3GALNT2;ST3GAL1;GALNT8;B3GALNT1;DPM3
prerank,Cellular Component Assembly (GO:0022607),-0.1597766046287205,-1.1560218801971236,0.25217391304347825,0.9665120046016199,1.0,24/36,41.95%,YAP1;PTPRD;TCAP;CAPZA2;GAS6;HORMAD1;EPS8;DNM1L;BAIAP2L1;TRIP13;YTHDF1;RP1L1;VMP1;SLC7A9;PKP2;NLGN1;IL1RAP;EPPK1;MDM2;KIFAP3;PDE4DIP;HAS2;VCPIP1;AP2M1
prerank,Positive Regulation Of Tumor Necrosis Factor Production (GO:0032760),0.3061161738929166,1.153835642759576,0.29338842975206614,1.0,1.0,3/12,5.22%,LY96;EHHADH;CLEC7A
prerank,Positive Regulation Of Tumor Necrosis Factor Superfamily Cytokine Production (GO:1903557),0.3061161738929166,1.153835642759576,0.29338842975206614,1.0,1.0,3/12,5.22%,LY96;EHHADH;CLEC7A
prerank,Positive Regulation Of Transferase Activity (GO:0051347),-0.19149752000575057,-1.153345538649284,0.24293785310734464,0.9560298106459258,1.0,21/24,64.67%,PDGFRA;EGFR;ZNF622;MET;TNKS;GINS4;CCT2;DCUN1D2;MAPK15;NBN;FGFR1;ERBB2;ZNF16;DDR2;DCUN1D1;MYC;CD4;DSTYK;APOA2;DSCC1;AGTR1
prerank,Negative Regulation Of Autophagy (GO:0010507),-0.28351278472087676,-1.1528779264979299,0.24285714285714285,0.9387967729125174,1.0,8/10,47.50%,MET;SIRT2;NRBP2;CTSA;STK38L;DAP;MCL1;MTMR9
prerank,Neuron Projection Development (GO:0031175),-0.16317031572957907,-1.1519945681472805,0.2389937106918239,0.9241036961857355,1.0,26/30,66.87%,TSKU;PAK1;PPP1R9A;NEUROD2;CTNND2;ANKRD27;CTTN;MYOC;IL6;CNTNAP2;NLGN1;LYN;TNIK;TRIO;MYO16;NTF3;GDNF;ZNF335;UHMK1;BHLHE23;RAB13;BTG2;STMN2;SNAPIN;LRP12;BMP7
prerank,Protein Maturation (GO:0051604),0.30608677205629886,1.1519539053923051,0.304635761589404,1.0,1.0,4/12,10.11%,ECE2;MAGEF1;APH1A;MMP16
prerank,Protein Targeting To Membrane (GO:0006612),0.2744516182989285,1.1503417098960929,0.2860696517412935,1.0,1.0,10/16,46.34%,ZDHHC19;RTP2;PEX19;RTP1;SDCBP;RTP4;PEX5;TRAM1;SSR2;PRKCI
prerank,Cellular Response To Reactive Oxygen Species (GO:0034614),0.3296688820757136,1.149930609788352,0.3076923076923077,1.0,1.0,3/10,8.98%,PEX2;MMP9;OSER1
prerank,Regulation Of Angiogenesis (GO:0045765),-0.16397849462365593,-1.1474487851304656,0.2645161290322581,0.922946328664583,1.0,30/30,83.80%,RLN2;SFRP1;NRG1;GPNMB;COL4A2;HMGA2;KRIT1;GATA4;TWIST1;CD160;IL6;SEMA5A;PAK4;EFNA3;ERBB2;ITGB8;PDCD6;ECM1;SULF1;PTGIS;PDCD10;FOXJ2;CD40;PLCG1;NPR1;AGO2;PPP1R16B;MTDH;ATP2B4;OR10J5
prerank,Regulation Of DNA Repair (GO:0006282),0.25387345820969753,1.1465979631727385,0.30164765525982257,1.0,1.0,16/19,64.47%,RAD52;UBR5;RNF168;VPS72;TAF4;UBE2V1;EYA2;YEATS4;ACTL6A;UBE2V2;MRGBP;ENY2;TAF2;ACTR5;EYA1;DPF1
prerank,Response To Molecule Of Bacterial Origin (GO:0002237),0.2851009134240912,1.142949889236469,0.27522935779816515,1.0,1.0,6/14,22.75%,LY96;EHHADH;FCGR2B;TRIB1;S100A9;S100A14
prerank,Sodium Ion Transmembrane Transport (GO:0035725),-0.2431720466689422,-1.1407637187735822,0.2962962962962963,0.9288582504863702,1.0,14/15,67.50%,SLC6A19;TPCN2;ATP4B;SLC6A3;SLC6A13;SLC6A18;SLC6A12;SLC9A3;SCNN1A;HCN1;HCN3;SLC9A8;ATP1A2;ATP1B1
prerank,Golgi Vesicle Transport (GO:0048193),0.27263305265504556,1.13972188756655,0.2978723404255319,1.0,1.0,15/16,68.13%,ERGIC2;ATP9A;RAB2A;GOLPH3L;TRAPPC9;SCAMP3;ERGIC3;RAB13;GOLPH3;SEC22B;GOLT1A;COPA;PDCD6;YIF1B;NKD2
prerank,External Encapsulating Structure Organization (GO:0045229),0.2522638863674808,1.1386566803521143,0.2850182704019488,1.0,1.0,9/20,30.74%,MMP9;MMP16;OTOL1;COL14A1;MMP24;COL22A1;MATN4;COL9A3;MATN2
prerank,Positive Regulation Of Leukocyte Chemotaxis (GO:0002690),0.32634976459372383,1.1383949343217301,0.29058663028649384,1.0,1.0,5/10,24.92%,DEFB124;EDN3;IL6R;S100A14;PTK2
prerank,Positive Regulation Of Cytokine Production (GO:0001819),0.19286611447957155,1.136933489439138,0.311731843575419,1.0,1.0,27/42,55.42%,CLEC6A;GAPDH;KLRF2;EHHADH;CLEC7A;IL7;IL6R;S100A13;SULF2;RIPK2;ADIPOQ;SLAMF6;ZBTB7B;CD40;PIBF1;FCER1G;APOA2;CEBPB;IFI16;ARHGEF2;IL12A;SCRIB;CD4;SULF1;LY9;ARNT;CLEC9A
prerank,Regulation Of Immune Response (GO:0050776),-0.21467977098441832,-1.1359753962405212,0.25523012552301255,0.9300037881704848,1.0,16/17,70.86%,BIRC2;BIRC3;C9;IFNL1;SAMHD1;AHR;C7;LYN;SLA2;C6;LAG3;FCGR3B;FCGR1A;FCGR3A;FCRLB;BCL6
prerank,Endosomal Transport (GO:0016197),0.3144748382728316,1.13438923726533,0.2940379403794038,1.0,1.0,8/11,53.93%,RCSD1;VAMP4;SNX27;LAPTM4B;STX16;RAB13;ARFRP1;ACAP2
prerank,Regulation Of Translation (GO:0006417),0.21513916380260878,1.133995035204378,0.31676300578034683,1.0,1.0,7/29,8.68%,MRPL13;GAPDH;YTHDF3;EIF3E;EIF4G1;IGF2BP2;EIF4A2
prerank,Macromolecule Biosynthetic Process (GO:0009059),0.2156766322902236,1.132404140562059,0.3159144893111639,1.0,1.0,19/29,51.60%,MRPL13;EIF4G1;EIF5A2;MRPL51;EXT1;COPS5;RPL30;AGO2;B4GALT5;MRPL9;RPS27;RPL35A;EEF1A2;MRPS21;RPL7;GOLPH3;RPS20;RPL8;RPS16
prerank,Muscle Contraction (GO:0006936),-0.25593050451052457,-1.1272240565379954,0.28270042194092826,0.943084988699384,1.0,13/13,74.55%,MYOM2;SSPN;MYLK2;TPCN2;FXYD1;RYR1;RYR2;ASPH;TPM3;SNTB1;TMOD4;SNTA1;CHRNB2
prerank,Regulation Of Monoatomic Cation Transmembrane Transport (GO:1904062),0.32900887367839693,1.1271178838947056,0.3082191780821918,1.0,1.0,7/10,44.54%,GRIN2B;KCNAB1;DLG1;FGF12;SNTA1;WNK1;HCN3
prerank,Negative Regulation Of Inflammatory Response (GO:0050728),-0.1836694866795702,-1.1261226707603653,0.2752808988764045,0.9296607880903928,1.0,20/23,66.03%,MFHAS1;IL22;NR1D1;PTPN6;PTGER4;C1QTNF3;TNFRSF1A;AHR;LYN;LPCAT3;SRC;ARNT;PTGIS;FXR1;HCK;TNFAIP8L2;APCS;PLCG1;PYDC2;SHARPIN
prerank,Skeletal System Development (GO:0001501),0.2189567627776432,1.1246367081911661,0.31139835487661577,1.0,1.0,25/29,67.03%,MMP16;TGM2;LAMA5;PTHLH;SHOX2;EXT1;SULF2;TRPS1;AHSG;GDF3;BMP7;CHD7;PRELP;ADAMTS4;CHRD;SULF1;BGLAP;TEAD4;SPEF2;OPTC;ITGB8;SOX5;FGFR1;GNAS;DLL3
prerank,Vascular Transport (GO:0010232),0.28919827957370114,1.1205297994785446,0.3149100257069409,1.0,1.0,10/13,53.33%,SLC2A10;ABCC5;KCNJ8;ATP2B4;ATP1A4;SLC13A3;ATP1A2;TFRC;ABCC9;SLCO1C1
prerank,Regulation Of Epithelial Cell Proliferation (GO:0050678),-0.19678725264972097,-1.1205054256177254,0.3023255813953488,0.9332576825789944,1.0,14/21,33.93%,YAP1;SFRP1;CDKN2B;EGFR;IL26;AQP11;ZFP36;NR1D1;CDK6;PRKDC;GDF5;EPPK1;FGF10;ERBB2
prerank,Epithelial Cell Differentiation (GO:0030855),-0.2674410059924346,-1.1204857586620376,0.2713178294573643,0.9174664402544948,1.0,10/11,60.65%,YAP1;CPT1A;BASP1;ZNF703;AKT2;CTSB;DAB2;TAGLN2;SCRIB;PCK1
prerank,Calcium Ion Homeostasis (GO:0055074),0.28038112844662744,1.1202666554211147,0.3118556701030928,1.0,1.0,9/14,43.01%,EDN3;ATP13A4;ATP2B4;ATP13A5;S100A14;ATP13A3;ATP1B1;CD40;TRPA1
prerank,Epidermal Growth Factor Receptor Signaling Pathway (GO:0007173),0.3222745168679389,1.118960616961167,0.3328690807799443,1.0,1.0,6/10,35.96%,FAM83A;SHC1;PTK2;PIK3CA;PLCG1;FAM83C
prerank,Kidney Development (GO:0001822),0.2658764770849004,1.1170476979619843,0.31917631917631917,1.0,1.0,15/16,69.93%,GDF6;SULF2;PYGO2;REN;OSR2;BMP7;AGTR1;MME;VANGL2;SULF1;GDNF;SOX17;HAS2;NIPBL;FGF10
prerank,"mRNA Splicing, Via Spliceosome (GO:0000398)",0.23578386446132188,1.1164168772179133,0.3144578313253012,1.0,1.0,12/22,39.85%,PABPC1;TRA2B;SNRPE;DHX35;SRSF6;RSRC1;CTNNBL1;PUF60;RALY;RBM8A;NCBP2;SCNM1
prerank,Response To Ionizing Radiation (GO:0010212),0.3051692896136402,1.1153664217624246,0.32114882506527415,1.0,1.0,11/12,62.74%,RAD51AP1;CLK2;RNF168;IFI16;RHNO1;PRKAA1;SPIDR;MYC;INTS3;EEF1D;EYA1
prerank,Cartilage Development (GO:0051216),-0.2822762724056541,-1.1116991618583834,0.3269961977186312,0.9307504285351657,1.0,8/10,48.40%,HMGA2;GDF5;FGF4;SOX5;ITGB8;OPTC;WNT5B;SULF1
prerank,Nervous System Development (GO:0007399),0.1797398537796007,1.1097292823575395,0.32158590308370044,1.0,1.0,18/49,26.65%,NHLH1;SERPINI1;B3GNT5;NOTCH2;ZIC1;IGF2BP2;GRHL2;GSS;STMN3;NDUFS2;WWP1;SHOX2;ZIC4;VPS13B;LY6H;HES1;CHRM3;FGF12
prerank,Regulation Of TOR Signaling (GO:0032006),-0.2619060777504771,-1.1057866041914108,0.3231939163498099,0.9344364691853748,1.0,10/12,54.56%,GAS6;ITFG2;RICTOR;LAMTOR2;PDCD6;NUAK2;DEPTOR;PRKAA1;TTI1;GOLPH3
prerank,Cellular Response To Transforming Growth Factor Beta Stimulus (GO:0071560),-0.2523824158779697,-1.1037134979747223,0.30578512396694213,0.9260941412933643,1.0,9/12,43.95%,SFRP1;ADAM9;GDF5;PDCD5;PDE3A;SOX5;FNTA;ID1;SRC
prerank,Sensory Perception Of Light Stimulus (GO:0050953),0.3204764809391436,1.1015572702064598,0.34153005464480873,1.0,1.0,3/10,4.99%,PRR4;OPA1;CRYGS
prerank,Myeloid Cell Differentiation (GO:0030099),-0.2730919671566805,-1.1002364852282747,0.32116788321167883,0.9236894348170883,1.0,9/10,55.95%,JAK2;CDKN2B;MFHAS1;RASGRP4;KAT6A;NCOA6;LYN;IFI16;CEBPB
prerank,Intracellular Monoatomic Cation Homeostasis (GO:0030003),0.23036558128373216,1.1000444100757252,0.3473423980222497,1.0,1.0,16/22,57.05%,EDN3;ATP13A4;CP;ATP2B4;ATP13A5;CLDN16;ATP1A4;ATP13A3;ATP1B1;CD40;ATP1A2;TRPA1;TFRC;MYC;SLC30A8;SCNN1A
prerank,Positive Regulation Of Neuron Projection Development (GO:0010976),0.27155335005146,1.0990599029647061,0.3451443569553806,1.0,1.0,8/14,35.10%,SERPINI1;PTK6;S100A9;TOX;DHX36;AVIL;BMP7;STMN2
prerank,Glycerophospholipid Biosynthetic Process (GO:0046474),0.270893755811401,1.0954481880545537,0.35509138381201044,1.0,1.0,14/15,68.90%,PTDSS1;DGKG;ETNK2;PLD1;PCYT1A;PI4KB;APOA2;ACP6;IMPA1;PIP5K1A;LPCAT3;DGKB;MUC1;ETNK1
prerank,Integrin-Mediated Signaling Pathway (GO:0007229),0.3126366670657067,1.0929531916686148,0.3452054794520548,1.0,1.0,9/10,63.34%,LAMA5;PTK2;HCK;SRC;ADAM15;DAB2;CDH17;ITGA10;ITGB8
prerank,Positive Regulation Of NF-kappaB Transcription Factor Activity (GO:0051092),0.2432458449799148,1.0900616189747627,0.3442622950819672,1.0,1.0,13/19,50.07%,CLEC7A;MAP3K13;S100A9;RIPK2;MTDH;UBE2V1;S100A12;CD40;NTSR1;ARHGEF2;PRKCI;AIM2;TFRC
prerank,Regulation Of Cell Motility (GO:2000145),-0.22186359410292428,-1.0880987180446118,0.3511111111111111,0.9473372350711469,1.0,13/16,52.73%,FGF19;FGF3;SPINT2;CDK6;ENPP2;USP17L2;TWIST1;AKT2;FGF4;PARD6B;FGF23;FGF6;SGK3
prerank,Regulation Of Peptidyl-Tyrosine Phosphorylation (GO:0050730),0.2309720451295189,1.0872622046849465,0.34701492537313433,1.0,1.0,8/22,24.38%,ANGPT1;CLEC6A;HAX1;IL6R;TNK2;PAK2;RIPK2;EFNA1
prerank,Negative Regulation Of Nucleic Acid-Templated Transcription (GO:1903507),-0.11089268493467228,-1.0852313317180238,0.3225806451612903,0.9419911368418696,1.0,74/77,84.23%,RSF1;IFNG;SFRP1;NRG1;ZNF639;HMGA2;ZNF540;GAS6;LANCL2;BASP1;TSHZ3;CDKN2A;IFNL1;NR1D1;THRA;KAT6A;FERD3L;EID2;CYP27B1;SOX7;SIRT2;MAP3K10;FOXM1;TWIST1;ZNF703;CBFA2T2;HDAC9;AHR;RARA;CHD4;NIPBL;MDM2;COMMD7;CDKN1B;HNRNPL;MECOM;ZBED6;ID1;ING4;DAP;POU2F1;YEATS2;MAEL;TP63;RUNX1T1;ZHX3;ATF7IP;E2F1;ZGPAT;IFI16;FOXS1;EID2B;PHB2;GATAD2B;BMP7;PBXIP1;SOX13;ZFPM2;ZBTB18;L3MBTL1;UBE2V1;BCL6;ZHX2;ZHX1;ZNF706;HES1;MDM4;HNF4A;ADIPOQ;SHC1;KLF10;ZNF217;WWP1;BHLHE41
prerank,Calcium-Mediated Signaling (GO:0019722),0.28836245791356485,1.08470810215768,0.3405698778833107,1.0,1.0,9/12,52.93%,CACNA1C;CHRM3;ATP1B1;FCGR3A;AGTR1;PLCG1;NCALD;PRKAA1;P2RY12
prerank,Regulation Of Protein-Containing Complex Assembly (GO:0043254),0.2697257132438592,1.0833627616457495,0.3729946524064171,1.0,1.0,10/14,56.12%,CLEC7A;VPS8;PEX5;HSF1;IAPP;HCK;ATF7IP;TFRC;SPIDR;SRC
prerank,Regulation Of Innate Immune Response (GO:0045088),-0.23791532034147927,-1.0818533308979905,0.3588709677419355,0.9378566318782454,1.0,7/12,19.29%,BIRC2;BIRC3;FADD;PTPN6;PRKDC;SAMHD1;PTPN1
prerank,Antibacterial Humoral Response (GO:0019731),0.2496340177672748,1.0800808184960824,0.3552465233881163,1.0,1.0,12/18,47.01%,WFDC5;WFDC13;SPRR2A;PI3;WFDC2;SEMG2;WFDC3;WFDC9;WFDC10B;DEFA3;SLPI;SEMG1
prerank,Calcium Ion Transmembrane Import Into Cytosol (GO:0097553),0.29893796569137676,1.0793564767740362,0.383989145183175,1.0,1.0,7/11,38.99%,GRIN2B;GP5;PLCH1;ATP2B4;CACNA1C;PLCG1;JPH1
prerank,Regulation Of T Cell Proliferation (GO:0042129),-0.27054888156649515,-1.074341001570473,0.37050359712230213,0.9482030001952656,1.0,9/10,55.95%,JAK2;IDO1;PDCD1LG2;CD274;GPNMB;IL6;SDC4;TFRC;CEBPB
prerank,Positive Regulation Of Cell Migration (GO:0030335),-0.1290451837231394,-1.074127667508609,0.30303030303030304,0.9349997256905176,1.0,41/45,75.15%,PDGFRA;IFNG;PAK1;MMP7;MIEN1;EGFR;ACTN4;ADAM9;GPNMB;ARHGEF7;F7;GRB7;F10;ENPP2;MYOC;TWIST1;ZNF703;AKT2;SEMA5A;SEMA6C;FGF10;NIPBL;HAS2;CASS4;DAB2;SRC;NTF3;DDR2;WNT5B;SNAI2;RAB25;ARHGEF2;S100A11;PDCD10;CPNE3;SEMA4A;PLCG1;FAM83H;AGO2;LRRC15;PTK2
prerank,Positive Regulation Of Protein Localization To Nucleus (GO:1900182),-0.2129592207027673,-1.0717330823440254,0.3392070484581498,0.9288645885919804,1.0,13/15,59.38%,IFNG;YAP1;ORMDL3;PINX1;TERT;CCT2;CCT6A;ECT2;CCT5;TFRC;NMD3;CCT3;WWTR1
prerank,Organic Anion Transport (GO:0015711),0.25074867190080735,1.0715626635554831,0.3704600484261501,1.0,1.0,14/17,62.28%,SLC2A10;ABCC5;SLC2A2;SLCO1B3;SLCO1B7;MGST1;SLC35C2;SLC26A7;SLCO4A1;SLC52A2;SLCO1C1;SLC2A14;SLCO5A1;SLCO1A2
prerank,Sodium Ion Transport (GO:0006814),-0.24131016042780748,-1.0711732436996277,0.3522267206477733,0.9174393745484949,1.0,14/14,76.01%,SLC6A19;TPCN2;SLC6A3;NDUFA9;SLC6A13;SLC6A18;SLC6A12;SCNN1A;HCN1;HCN3;SLC9A8;ATP1A2;ATP1B1;ATP1A4
prerank,"Regulation Of mRNA Splicing, Via Spliceosome (GO:0048024)",0.27593688523592363,1.0708273238762658,0.37101063829787234,1.0,1.0,9/13,49.67%,TRA2B;RBM38;KHDRBS3;SRSF6;PUF60;RBM8A;RBM39;FXR1;HNRNPU
prerank,Plasma Membrane Bounded Cell Projection Assembly (GO:0120031),0.2045168061020794,1.0706502844703314,0.3677494199535963,1.0,1.0,22/29,64.44%,ASAP1;CEP19;IFT52;SDCBP;TMEM67;TBC1D31;AVIL;PTPRO;DUSP23;PIBF1;RAP2B;GOLPH3;IFT80;P2RY12;DNAH5;MTSS1;CEP250;PIP5K1A;DNM3;FGD4;ACTN2;TNIK
prerank,Regulation Of Protein Kinase Activity (GO:0045859),0.26849899946616035,1.0693652661971336,0.3676092544987147,1.0,1.0,11/15,54.49%,TRIB1;PAK2;LRP6;JTB;PTK2;WWTR1;RAP2B;CD4;DBNDD2;DDR2;DEPTOR
prerank,Cellular Response To Lectin (GO:1990858),0.307755926348398,1.0687060136285103,0.3532608695652174,1.0,1.0,4/10,19.19%,CLEC7A;KLRC2;KLRD1;PAK2
prerank,Stimulatory C-type Lectin Receptor Signaling Pathway (GO:0002223),0.307755926348398,1.0687060136285103,0.3532608695652174,1.0,1.0,4/10,19.19%,CLEC7A;KLRC2;KLRD1;PAK2
prerank,Positive Regulation Of Canonical Wnt Signaling Pathway (GO:0090263),-0.22517509709081138,-1.0677119075009103,0.34959349593495936,0.9157601356786663,1.0,9/14,30.14%,SFRP1;EGFR;SOX4;LGR5;MRPS12;TNKS;CAPRIN2;SEMA5A;FGF10
prerank,Proteolysis Involved In Protein Catabolic Process (GO:0051603),-0.26635514018691586,-1.0664251607749367,0.37722419928825623,0.9068241432386516,1.0,10/10,73.49%,NR1D1;CTSS;CTSZ;MDM2;CTSB;HM13;OTUD7B;CTSK;CHMP4C;UBE2W
prerank,Peptide Biosynthetic Process (GO:0043043),0.21924643732535093,1.065631842665222,0.40096618357487923,1.0,1.0,15/23,51.60%,MRPL13;EIF4G1;MRPL51;COPS5;RPL30;AGO2;MRPL9;RPS27;RPL35A;EEF1A2;MRPS21;RPL7;RPS20;RPL8;RPS16
prerank,Glycoprotein Biosynthetic Process (GO:0009101),0.27714554880471803,1.06423743351097,0.3708165997322624,1.0,1.0,11/13,62.11%,B3GNT5;ST8SIA1;B4GALT5;SERP1;ARFGEF1;B3GALNT2;GOLPH3;ST3GAL1;ALG10B;PDCD6;ALG3
prerank,Positive Regulation Of Transmembrane Receptor Protein Serine/Threonine Kinase Signaling Pathway (GO:0090100),0.3037092953188466,1.0582276868649856,0.38791946308724834,1.0,1.0,5/10,33.20%,SLC2A10;GDF6;SDCBP;GDF3;BMP7
prerank,Chemical Synaptic Transmission (GO:0007268),0.1866752386323414,1.057915306872136,0.38963963963963966,1.0,1.0,18/38,38.79%,CRH;HTR3D;HTR3E;GRIN2B;NPBWR1;DLG1;SST;SDCBP;LRP6;SLC32A1;CHRNB2;CHRM3;KCNA1;PENK;SNAPIN;SLC12A5;CHRNA4;OPRK1
prerank,Phosphorylation (GO:0016310),0.16916136026640521,1.057024427938745,0.38638858397365533,1.0,1.0,19/50,30.04%,SGK2;DGKG;MAP3K13;STK3;PTK6;CLK2;TNK2;TRIB1;AURKA;YWHAZ;EPHB3;PAK2;TP53RK;PTK2;PIK3CA;TOP1;TAF4;RB1CC1;AKT3
prerank,Regulation Of Cellular Response To Stress (GO:0080135),0.2706444624164962,1.0556301738170373,0.376984126984127,1.0,1.0,10/13,56.62%,EIF4G1;TAF4;UBE2V1;ACTL6A;HSF1;UBE2V2;ADCY8;ENY2;TAF2;ACTR5
prerank,Double-Strand Break Repair (GO:0006302),-0.1740835794389099,-1.0548005830389011,0.3780487804878049,0.9291246419333904,1.0,18/23,55.29%,POLB;IFFO1;TRIP13;PRKDC;MRPL36;SAMHD1;RECQL;NBN;CHD4;TONSL;EYA1;ZMYND8;ACTR5;RAD21;INTS3;SPIDR;RECQL4;UBE2V2
prerank,Regulation Of Insulin Secretion (GO:0050796),-0.22433968572383817,-1.0545853412269937,0.3574660633484163,0.917079515020835,1.0,15/15,77.71%,IFNG;SFRP1;SOX4;IRS2;NR1D1;BLK;ENSA;IL6;SLC30A8;TM7SF3;ADCY8;KCNB1;NNAT;KCNA5;HNF4A
prerank,Regulation Of Defense Response (GO:0031347),0.2886768535930494,1.049761254929463,0.39361702127659576,1.0,1.0,6/11,43.81%,FCGR2B;AHSG;BCL6;AGTR1;SPATA2;HCK
prerank,Macromolecule Modification (GO:0043412),-0.2660213618157543,-1.0478783814623052,0.3741496598639456,0.9250878889259668,1.0,10/10,73.52%,PRKDC;PLAT;MSRA;AKT2;ST3GAL1;RPN2;SERP1;DUSP12;ST6GAL1;CHRM3
prerank,Steroid Metabolic Process (GO:0008202),-0.21757587955325722,-1.0455183902296776,0.3617021276595745,0.9197311115404344,1.0,8/14,26.28%,STARD3;SRD5A1;CYP51A1;CYP27B1;FDFT1;CYP7A1;AMACR;CYP11B1
prerank,Negative Regulation Of Transcription By RNA Polymerase II (GO:0000122),0.14027589057967396,1.0399212951718972,0.43438453713123093,1.0,1.0,42/104,35.00%,PEX2;NCOA5;MAGEF1;SOX18;ZBTB10;RORC;DLG1;HEY1;DNMT3B;MAFB;ETV5;SNAI1;ZNF669;YWHAZ;BHLHE41;TBL1XR1;SHOX2;ZNF217;KLF10;SDCBP;VPS72;MTDH;TRPS1;MDM4;EFNA1;HES1;ZHX1;ETV6;ZHX2;ZNF705A;BCL6;UBE2V1;ATN1;IRF2BP2;SOX2;ZBTB18;ZFPM2;SOX13;OSR2;GATAD2B;HSF1;ZBTB46
prerank,Regulation Of Anatomical Structure Morphogenesis (GO:0022603),0.24932252435860863,1.037873687177956,0.4198473282442748,1.0,1.0,7/16,29.21%,FITM2;EPHB3;OR10J5;PAK2;SDC2;CHRNB2;BCL6
prerank,Vesicle Organization (GO:0016050),0.25885532270318773,1.0373701234833637,0.39622641509433965,1.0,1.0,11/14,59.21%,PLEKHF2;TSNARE1;LAPTM4B;VAMP1;RAB22A;TRAPPC9;CHMP4C;STX16;ARFGEF2;AP2M1;S100A10
prerank,Antigen Receptor-Mediated Signaling Pathway (GO:0050851),0.28594421256761837,1.0370135225024437,0.3948787061994609,1.0,1.0,7/11,42.98%,EIF2B5;LAX1;RIPK2;PIK3CA;PLCG1;NFATC2;WNK1
prerank,Positive Regulation Of Angiogenesis (GO:0045766),-0.21929581543046295,-1.033493463144116,0.3805309734513274,0.9436089319037184,1.0,14/15,69.99%,RLN2;HMGA2;GATA4;TWIST1;SEMA5A;PAK4;ITGB8;PDCD6;ECM1;PTGIS;S100A1;CD40;PLCG1;AGO2
prerank,Regulation Of Transforming Growth Factor Beta Receptor Signaling Pathway (GO:0017015),-0.20255354390338837,-1.0320006689087688,0.37055837563451777,0.9360932467947896,1.0,14/16,62.38%,CAPN5;CDKN2B;ING1;HTRA4;STRAP;EID2;ZNF703;SMURF1;DAB2;SPRED3;ARID4B;PMEPA1;BCL9;VEPH1
prerank,Sterol Metabolic Process (GO:0016125),-0.25450310385324637,-1.0319584363664858,0.37362637362637363,0.924383467696559,1.0,7/11,26.28%,TSKU;STARD3;CYP51A1;CLN8;SQLE;CYP7A1;CYP11B1
prerank,Visual Perception (GO:0007601),0.27522390149092596,1.0316024710081202,0.42328042328042326,1.0,1.0,10/12,63.21%,PRR4;OPA1;CRYGS;CHRNB2;DNAJC19;E2F1;RDH10;CEP250;CACNA2D4;ATF6
prerank,Inorganic Cation Import Across Plasma Membrane (GO:0098659),0.24808368643488418,1.030992017592571,0.40025252525252525,1.0,1.0,13/15,66.23%,KCNJ8;ATP2B4;ATP1A4;CACNA1C;KCNK9;ATP1B1;SLC12A5;ATP1A2;KCNJ9;ABCC9;SCNN1A;SLC9A3;KCNJ10
prerank,Regulation Of Type II Interferon Production (GO:0032649),-0.2229115782374063,-1.0296521829574317,0.3951612903225806,0.9194607729890221,1.0,11/13,53.99%,JAK2;PDCD1LG2;CD274;FADD;GAS6;IFNL1;RARA;CD244;SLAMF1;SCRIB;IL12A
prerank,Positive Regulation Of Nervous System Development (GO:0051962),0.2941679913669145,1.0286408919875352,0.41847826086956524,1.0,1.0,4/10,22.65%,TGM2;CLSTN3;EPHB3;SLITRK3
prerank,Positive Regulation Of Intracellular Protein Transport (GO:0090316),0.24507176246770407,1.0252030376618664,0.43167305236270753,1.0,1.0,8/16,40.25%,ZFAND1;ZIC1;C2CD5;UBR5;TM9SF4;KCNB1;ERGIC3;PDCD10
prerank,Protein Localization To Organelle (GO:0033365),0.24766705627140617,1.0239970857206833,0.4316069057104914,1.0,1.0,4/16,6.42%,PEX2;LMNA;SYS1;RCSD1
prerank,Protein Complex Oligomerization (GO:0051259),0.26428271949522,1.0232807967113877,0.42112299465240643,1.0,1.0,4/13,15.64%,OPA1;TMEM70;CLDN1;OTOL1
prerank,Non-Membrane-Bounded Organelle Assembly (GO:0140694),0.25649579050127813,1.0220444501357937,0.4372623574144487,1.0,1.0,3/14,2.50%,FITM2;UBAP2L;YTHDF3
prerank,Positive Regulation Of Multicellular Organismal Process (GO:0051240),0.15582204269989594,1.021793934841733,0.45195353748680045,1.0,1.0,25/61,34.43%,CLEC6A;GAPDH;CRH;KLRF2;NCOA2;EHHADH;MAP3K13;DECR1;SNAI1;DCSTAMP;S100A13;GHSR;SDCBP;GHRH;ADIPOQ;TMEM64;PTK2;NCOA3;ADIPOR2;AGO2;B4GALT5;NPR1;ZBTB7B;ACTL6A;HSF1
prerank,Heart Morphogenesis (GO:0003007),0.278339457994403,1.0176259488818504,0.43070652173913043,1.0,1.0,5/11,25.25%,CCM2L;HEY1;MDM4;PTK2;HES1
prerank,Negative Regulation Of Supramolecular Fiber Organization (GO:1902904),0.2897196261682243,1.0158926513451128,0.42219020172910665,1.0,1.0,10/10,71.12%,PFN2;MAPRE1;PIK3CA;STMN2;IAPP;ARFGEF1;ARHGEF2;TPX2;PFDN2;PFDN4
prerank,Steroid Biosynthetic Process (GO:0006694),-0.23831452931494765,-1.0131714665389349,0.4448979591836735,0.9573624015758221,1.0,9/12,44.34%,SRD5A1;CYP51A1;SQLE;FDFT1;CYP7A1;AMACR;PRLR;CYP7B1;OSBPL2
prerank,Positive Regulation Of Stress-Activated MAPK Cascade (GO:0032874),0.2555515627856727,1.0093124405713993,0.43638676844783714,1.0,1.0,5/14,20.59%,LTBR;GDF6;FCGR2B;SDCBP;CD27
prerank,Antimicrobial Humoral Response (GO:0019730),0.1913818328028812,1.0072240534852566,0.45622119815668205,1.0,1.0,18/31,47.14%,GAPDH;WFDC5;WFDC13;SPRR2A;PI3;WFDC2;S100A9;RPL30;SEMG2;WFDC3;WFDC9;WFDC10B;S100A12;DEFA3;PGLYRP4;SLPI;SEMG1;S100A7
prerank,Anterograde Trans-Synaptic Signaling (GO:0098916),0.18445202086550608,1.0069090460819456,0.45671981776765375,1.0,1.0,17/34,41.95%,CRH;HTR3D;HTR3E;GRIN2B;NPBWR1;DLG1;SST;SDCBP;LRP6;CHRNB2;CHRM3;KCNA1;PENK;SLC12A5;CHRNA4;OPRK1;NTSR1
prerank,Negative Regulation Of Phosphorylation (GO:0042326),-0.2400667779632721,-1.0044177937850398,0.45907473309608543,0.9718950078583621,1.0,11/11,76.11%,CDKN2B;CDKN2A;IRS2;PPP1R15B;PRKDC;LYN;CDKN1B;HNRNPU;WWTR1;BMP7;LRP6
prerank,Positive Regulation Of Cellular Component Biogenesis (GO:0044089),0.27490166111020536,1.00440993774373,0.4508748317631225,1.0,1.0,8/11,59.12%,CLEC7A;PFN2;SDCBP;BMP7;TFRC;SPIDR;MTSS1;SDC4
prerank,Protein-Containing Complex Organization (GO:0043933),-0.19765886287625417,-0.9990837141468961,0.4560669456066946,0.9759103152863527,1.0,16/16,80.37%,YAP1;TCAP;CAPZA2;DNM1L;SLC7A9;IL1RAP;MDM2;KIFAP3;PDE4DIP;AP2M1;PARD6B;CD40;HSF1;HES1;MDM4;GPAA1
prerank,Transforming Growth Factor Beta Receptor Signaling Pathway (GO:0007179),-0.24966622162883845,-0.9985574308001453,0.41114982578397213,0.9659791768783735,1.0,10/10,75.15%,ADAM9;EID2;GDF5;FMOD;FNTA;ID1;SRC;FOXH1;NRROS;PTK2
prerank,Positive Regulation Of Cellular Catabolic Process (GO:0031331),-0.20783358540645694,-0.9960853534622138,0.4166666666666667,0.9615605340629463,1.0,12/15,51.80%,IFNG;ORMDL3;ADAM9;PLEKHF1;IRS2;PTPN1;TWIST1;AKT2;ATF6;ITCH;ARNT;PRKAA1
prerank,rRNA Processing (GO:0006364),0.2304322967215541,0.995902796455073,0.4519350811485643,1.0,1.0,12/17,53.53%,DCAF13;DDX27;NOP2;EIF6;DDX47;RPS27;RPL35A;EXOSC4;FBL;RPL7;RPS16;EMG1
prerank,Positive Regulation Of Fat Cell Differentiation (GO:0045600),0.2605529781760338,0.9941665940663262,0.4536213468869123,1.0,1.0,9/13,51.76%,TMEM64;GDF3;SOX13;ZBTB7B;BMP7;CEBPB;ADIG;HNRNPU;LMO3
prerank,Cellular Response To Cytokine Stimulus (GO:0071345),-0.1293321626209705,-0.994152653019442,0.4830508474576271,0.9553773560313866,1.0,32/38,67.30%,JAK2;SFRP1;ZFP36;GAS6;IKBKB;NR1D1;PTPN6;CSF3;BAG4;LIFR;TNFRSF1A;IL6;GHR;OCSTAMP;OSMR;PRLR;ADAMTS12;CRNN;HAS2;PTGIS;CD4;HNRNPU;AIM2;MME;ARHGEF2;IFI16;HCK;WNK1;FOXH1;CD40;IL7R;PTPRT
prerank,Regulation Of I-kappaB kinase/NF-kappaB Signaling (GO:0043122),0.18687941250338877,0.992155643722567,0.47591069330199764,1.0,1.0,21/31,59.02%,CLEC6A;GAPDH;CLEC7A;LTBR;TRIM59;S100A13;RIPK2;MTDH;DHX36;UBE2V1;SHARPIN;S100A12;TNFSF10;CD40;S100A4;OTUD7B;TFRC;CD4;ECM1;GOLT1B;EEF1D
prerank,Regulation Of Neurogenesis (GO:0050767),0.2568375604062801,0.9901057837817708,0.4689189189189189,1.0,1.0,9/13,59.21%,HEY1;TGM2;BHLHE41;HES1;FXR1;MME;ZNF335;HLTF;S100A10
prerank,Regulation Of Mitotic Cell Cycle Phase Transition (GO:1901990),-0.22172725755956035,-0.9897682958883258,0.46062992125984253,0.9572263435753952,1.0,7/13,18.96%,CDK4;CDKN2B;CDC6;CDKN2A;CDK6;PTPN6;SIRT2
prerank,Regulation Of Protein Secretion (GO:0050708),-0.22411489645958585,-0.9838302815240689,0.47843137254901963,0.9646152206667646,1.0,12/12,77.71%,IFNG;ADAM9;CYP51A1;DNM1L;ENSA;IL6;IL12A;ADCY8;GOLPH3;GOLPH3L;KCNA5;HNF4A
prerank,Histone Modification (GO:0016570),0.25891402598833807,0.9837044147075051,0.47538860103626945,1.0,1.0,10/13,56.69%,PHF20L1;TBL1XR1;VPS72;YEATS4;ACTL6A;GATAD2B;MRGBP;ENY2;YEATS2;ING4
prerank,Negative Regulation Of Protein Modification Process (GO:0031400),-0.2052139037433155,-0.9834141582627529,0.46963562753036436,0.9549797486309451,1.0,14/14,79.61%,MFHAS1;FXYD1;TPPP;PPP1R15B;PRKDC;ENSA;LYN;YWHAB;PRKAA1;WWTR1;PPP1R16B;SNTA1;LRP6;ATP2B4
prerank,Negative Regulation Of Cell Migration (GO:0030336),0.2271970850471417,0.9832622455694715,0.46551724137931033,1.0,1.0,13/18,57.98%,PFN2;TP53INP1;SLURP1;TRIB1;ADIPOQ;ARHGDIB;PTPRT;RAP2B;CHRD;ARID4B;SULF1;ADAM15;ZMYND8
prerank,Positive Regulation Of Phosphatidylinositol 3-Kinase Signaling (GO:0014068),-0.24698458934241518,-0.982900015164737,0.42857142857142855,0.9459607411400415,1.0,8/10,45.68%,PDGFRA;JAK2;PTPN6;CSF3;MYOC;FGFR1;SRC;DDR2
prerank,Cytoskeleton Organization (GO:0007010),-0.24197245988335758,-0.9822714475246376,0.47039473684210525,0.9372783611046311,1.0,7/10,37.92%,ANK1;SIPA1L3;RICTOR;PAK4;TNIK;FGD4;LRCH3
prerank,Transcription By RNA Polymerase II (GO:0006366),-0.14597473823339524,-0.9809902047310932,0.5259259259259259,0.9304104525502477,1.0,27/30,72.16%,CDK12;E2F3;MED1;SUPT5H;TFDP1;GLIS3;TRIP13;THRA;CYP27B1;PCID2;GMEB2;RARA;SOX5;S100A10;TAF2;CEBPD;HLTF;ADRM1;PMF1;TCFL5;SUB1;POLR2H;TCEA1;NCBP2;ZBTB7B;RPRD1B;TAF4
prerank,Positive Regulation Of Nucleic Acid-Templated Transcription (GO:1903508),0.14297099038854652,0.9796852734770436,0.4962805526036132,1.0,1.0,41/72,52.73%,MED30;ATAD2;CTCFL;DVL3;ZIC1;SOX18;GDF6;RORC;TP53INP1;MAFB;SNAI1;TBL1XR1;SHC1;VPS72;HNF4A;LRP6;TAF4;UBE2V1;SOX2;OSR2;YEATS4;ACTL6A;BMP7;GATAD2B;ILF2;FOXH1;KDM5A;NFATC2;CEBPB;TP53INP2;ZNF496;MRGBP;MLLT11;PRKAA1;E2F1;ENY2;ATF7IP;CD4;SS18L1;TP63;MYC
prerank,Glycolipid Biosynthetic Process (GO:0009247),0.28320251906694244,0.9789259507773208,0.4696132596685083,1.0,1.0,9/10,64.01%,B3GNT5;SCCPDH;ST8SIA1;DPM1;PIGC;TP53INP2;PIGM;PIGZ;DPM3
prerank,Regulation Of Bone Mineralization (GO:0030500),-0.24198931909212282,-0.9778953498788947,0.4777777777777778,0.9292767699116469,1.0,10/10,75.91%,SLC20A2;CYP27B1;ANKH;TWIST1;ECM1;DDR2;FGF23;BMP7;OSR2;AHSG
prerank,Regulation Of Transcription Elongation By RNA Polymerase II (GO:0034243),0.24100664254660575,0.9775461177893656,0.4892541087231353,1.0,1.0,10/15,57.98%,MED30;NELFCD;RNF168;MED21;INTS8;NCBP2;MED29;HNRNPU;INTS3;ZMYND8
prerank,Protein Modification Process (GO:0036211),0.1338908194589424,0.9749825073696285,0.49173553719008267,1.0,1.0,46/88,48.27%,B3GNT5;SGK2;PI3;TGM2;IVL;MAP3K13;SPRR1A;STK3;PTK6;CLK2;TRIB1;AURKA;YWHAZ;EPHB3;CTDSP2;PAK2;GPAA1;COPS5;PDP1;TP53RK;PTK2;CHRM3;SPRR2E;TAF4;RB1CC1;ST8SIA1;PTPRO;AKT3;B4GALT5;DUSP12;PTPRT;SERP1;RPN2;SPRR1B;PIGT;APOA2;WNK1;ARFGEF1;HCK;PPM1L;B3GALNT2;TP53INP2;PRKCI;SGK3;ST3GAL1;PRKAA1
prerank,Regulation Of GTPase Activity (GO:0043087),0.19898361649265994,0.9748069496568905,0.4940898345153664,1.0,1.0,13/25,43.05%,DVL3;KLRK1;TGM2;STMN3;PREX2;EPHB3;PTK2;PREX1;CD40;GPR137B;RGS7;WNK1;ARFGEF1
prerank,Peptidyl-Serine Phosphorylation (GO:0018105),-0.15010324322830404,-0.9727277351197103,0.44516129032258067,0.923534495298235,1.0,13/25,28.18%,DYRK2;GAS6;IKBKB;MAP4K1;RPS6KB1;PRKDC;TNKS;DYRK1B;STK4;MAP3K10;RICTOR;AKT2;DYRK4
prerank,Peptidyl-Serine Modification (GO:0018209),-0.15010324322830404,-0.9727277351197103,0.44516129032258067,0.923534495298235,1.0,13/25,28.18%,DYRK2;GAS6;IKBKB;MAP4K1;RPS6KB1;PRKDC;TNKS;DYRK1B;STK4;MAP3K10;RICTOR;AKT2;DYRK4
prerank,Positive Regulation Of Vasculature Development (GO:1904018),-0.21323529411764705,-0.9712512707581114,0.47413793103448276,0.9176535097101363,1.0,14/14,78.81%,RLN2;HMGA2;GATA4;TWIST1;SEMA5A;PAK4;ITGB8;PDCD6;ECM1;PTGIS;CD40;PLCG1;AGO2;MTDH
prerank,Positive Regulation Of Apoptotic Process (GO:0043065),-0.13883026282271482,-0.9710229630447554,0.5,0.9087612414674845,1.0,25/34,52.46%,RNF122;SFRP1;NRG1;FADD;SOX4;ZNF622;ARHGEF7;DNM1L;HTRA4;CTSS;SIRT2;STK4;MAP3K10;PDCD5;ECT2;IL6;ATF6;ADAMTSL4;ING4;MCL1;TP63;PTGIS;SCRIB;E2F1;MLLT11
prerank,Regulation Of Cell Adhesion (GO:0030155),0.22486743349456675,0.9702444002851477,0.501891551071879,1.0,1.0,7/17,24.92%,ANGPT1;TGM2;EPHB3;KNG1;NID1;EFNA1;PTK2
prerank,DNA Repair (GO:0006281),-0.14854851402759103,-0.9685042866079281,0.5234375,0.9061873382461283,1.0,22/27,61.74%,POLB;TRRAP;HMGA2;NEIL2;CHD1L;TRIP13;PRKDC;MRPL36;RECQL;NBN;RRM2B;EYA1;VCPIP1;ACTR5;RAD21;INTS3;HLTF;RECQL4;RHNO1;UBE2V2;BTG2;CHRNA4
prerank,T Cell Activation (GO:0042110),0.25248934443504445,0.9680878954091103,0.49417852522639066,1.0,1.0,11/13,63.81%,CLEC7A;SLAMF9;SLAMF6;CHD7;GPR89B;SCRIB;CD4;LY9;CD84;SLAMF7;SLA2
prerank,Phospholipid Metabolic Process (GO:0006644),-0.21794285769165123,-0.966799440259775,0.4389312977099237,0.9018525043886341,1.0,12/13,67.60%,MBOAT1;LPCAT1;CLN8;LGALS13;FDFT1;ENPP2;PIP5K1A;ACP6;APOA2;PLBD1;OC90;PLD1
prerank,Positive Regulation Of Protein Ubiquitination (GO:0031398),0.26744163299783275,0.9656756190842827,0.4885290148448043,1.0,1.0,4/11,20.96%,ANGPT1;DERL1;TSPYL5;RIPK2
prerank,Cell-Cell Junction Assembly (GO:0007043),-0.17651291831428673,-0.9653236458118246,0.5096153846153846,0.8967227113655227,1.0,16/18,68.43%,GJD3;CTNND2;CDH9;CDH6;PKP2;ZNF703;CDH18;CDH4;CDH26;CDH17;PARD6B;CDH12;CDH10;CD9;CLDN11;GJA5
prerank,Positive Regulation Of JNK Cascade (GO:0046330),0.2649698357985041,0.9627536836644754,0.49216710182767626,1.0,1.0,4/11,20.59%,LTBR;FCGR2B;SDCBP;CD27
prerank,Regulation Of Gene Expression (GO:0010468),0.11918178546966221,0.9595855490412938,0.5539858728557013,1.0,1.0,90/153,56.89%,ANGPT1;SLC2A10;ESRP1;NCOA2;CTCFL;CLEC7A;NOTCH2;IGF2BP2;POFUT1;SETDB1;EDN3;MSC;NOS1AP;ADNP;UBR5;TRA2B;ZFP64;ILDR2;DNMT3B;MAFB;GLI4;SNAI1;CLK2;RNF168;MYT1;AURKA;PTHLH;RBM38;ZNF217;RBM12B;VPS72;ATP2B4;FER1L6;YBX3;DHX36;MLF2;BCL6;UBE2V1;LAMP3;DPPA3;SOX2;GNB3;SOX13;ATP1B1;OSR2;ZBTB7B;YEATS4;ACTL6A;BMP7;TIPARP;USP13;RBM12;ZNF695;CHD7;YY1AP1;PDCD10;WWTR1;CHD6;NTSR1;NFATC2;ZNF341;ZNF572;TFAP2C;CEBPB;IFI16;PRKAA1;PTP4A3;PLAG1;E2F1;FGF6;ENY2;ZNF335;ATF7IP;MLF1;SCRT1;TCFL5;GON4L;TFRC;SNAI2;FGF23;POU5F1B;MYC;GDNF;YEATS2;TULP3;PARP10;ACTR5;ING4;KRAS;MBNL1
prerank,Sensory Perception (GO:0007600),0.2666760740040847,0.9544306443858483,0.5100942126514132,1.0,1.0,8/11,53.96%,CHRNB2;OPRL1;PENK;CHRNA4;OPRK1;TRPA1;MME;OR10J1
prerank,Negative Regulation Of Cell Growth (GO:0030308),0.20905381361613504,0.9518767279519111,0.5092478421701603,1.0,1.0,10/20,38.76%,TP53TG5;DCSTAMP;RERG;HNF4A;NDRG3;OSTN;BCL6;NPR1;TRIM46;OSGIN2
prerank,Regulation Of Transcription By RNA Polymerase II (GO:0006357),0.10981295323252592,0.951412964831907,0.5745745745745746,1.0,1.0,140/247,54.62%,PEX2;NCOA5;MAGEF1;NHLH1;SALL4;ATAD2;NCOA2;CTCFL;BHLHE22;HNF4G;ZFHX4;ZNF704;DVL3;ZIC1;SOX18;GRHL2;ZBTB10;MSC;ABRA;RORC;ADNP;HAX1;MYNN;DLG1;PHF20L1;HEY1;DNMT3B;MAFB;CRTC2;PRDM14;ETV5;SNAI1;ZNF669;YWHAZ;BHLHE41;TBL1XR1;SHOX2;ZNF217;KLF10;SDCBP;LMX1A;VPS72;COPS5;TCF24;TOX;ATP2B4;RIPK2;MTDH;ZIC4;HNF4A;DCAF6;TRPS1;MDM4;LRP6;PIAS3;EFNA1;HES1;ZHX1;ETV6;NCOA3;DHX36;ZHX2;TAF4;ZNF705A;BCL6;UBE2V1;AGO2;ATN1;TSHZ2;IRF2BP2;ZNF707;TARBP1;SOX2;RPRD1B;ZBTB18;ZFPM2;SOX13;OSR2;ZBTB7B;YEATS4;ACTL6A;GATAD2B;MED21;PBX1;HSF1;E2F5;LPIN3;ZBTB46;CD40;RFX5;PRRX1;FOXJ2;PTMS;TCEA1;FOXH1;METTL13;WWTR1;PLAGL2;CHD6;BRD9;NFATC2;TOX2;BCL9;ZNF572;FOXS1;TFAP2C;CEBPB;IFI16;BHLHE23;ZGPAT;OTUD7B;ZNF496;ARHGEF2;MRGBP;MED12L;PLAG1;E2F1;SUB1;ZNF705D;ENY2;IRX1;SCRT1;TCFL5;MED29;HNRNPU;ZHX3;ARID4B;SS18L1;TP63;LMO3;SNAI2;POU5F1B;MYC;HLTF;ZNF696;GDNF;TEAD4;YEATS2;CEBPD;SDR16C5
prerank,Modification-Dependent Protein Catabolic Process (GO:0019941),0.20513973529037147,0.9474205746052344,0.5270935960591133,1.0,1.0,18/20,74.78%,UBE2C;RNF114;RNF168;FBXO45;RNF13;SIAH2;UBQLN4;RNF19A;SPSB2;DCST1;OS9;ITCH;FBXL14;MDM2;TRPC4AP;SMURF1;FBXL7;ANKIB1
prerank,Negative Regulation Of Kinase Activity (GO:0033673),0.2720292489261141,0.9473399882641766,0.5183673469387755,1.0,1.0,9/10,65.90%,TRIB1;PAK2;LRP6;WWTR1;HNRNPU;DBNDD2;DEPTOR;CDKN1B;CAMK2N2
prerank,Regulation Of Nucleic Acid-Templated Transcription (GO:1903506),0.14482560284900864,0.9462943301424882,0.549520766773163,1.0,1.0,39/62,57.72%,NCOA2;POFUT1;MSC;MAFB;GLI4;SNAI1;MYT1;ZNF217;VPS72;RALY;MLF2;UBE2V1;SOX2;SOX13;YEATS4;ACTL6A;USP13;ZNF695;CHD7;YY1AP1;WWTR1;NFATC2;ZNF341;CEBPB;PTP4A3;PLAG1;E2F1;ATF7IP;MLF1;SCRT1;TCFL5;GON4L;SNAI2;POU5F1B;YEATS2;TULP3;ACTR5;ING4;SOX17
prerank,Protein Localization To Nucleus (GO:0034504),0.21475995188132646,0.9462870085697158,0.5380710659898477,1.0,1.0,9/18,38.59%,PEX2;LMNA;STK3;RRS1;CSE1L;NUP155;BMP7;PHB2;KPNA4
prerank,Protein Modification By Small Protein Conjugation (GO:0032446),0.16005143021797538,0.9451291254617211,0.5374301675977654,1.0,1.0,37/41,78.74%,KLHL24;MAGEF1;PCMTD1;UBE2C;MOCS3;RNF168;WWP1;FBXO32;COPS5;SENP5;MDM4;PIAS3;FBXO45;NSMCE2;TRIM55;COPS7A;SPSB2;UBE2V2;UFC1;HLTF;DCUN1D1;OS9;ITCH;VCPIP1;FBXO4;USP5;EYA1;RNF139;MDM2;TRPC4AP;SMURF1;RNF115;HDAC9;FBXL7;CUL4A;BIRC7;DCUN1D2
prerank,Ubiquitin-Dependent Protein Catabolic Process (GO:0006511),0.1562501129402478,0.9448039297065249,0.5427302996670367,1.0,1.0,18/43,35.23%,UBXN7;UBE2C;PSMD2;RNF114;RNF168;VPS28;PSMA7;TBL1XR1;GID8;WWP1;UBE2W;FBXO45;PSMB4;CHMP4C;RNF13;SHARPIN;SIAH2;UBQLN4
prerank,Response To Lipid (GO:0033993),0.22606993150475752,0.9437691387825604,0.5155038759689923,1.0,1.0,14/16,71.82%,LY96;EHHADH;TRIB1;S100A9;S100A14;CYP24A1;SLPI;IL12A;S100A7;BGLAP;S100A8;RXRG;ASXL1;RARA
prerank,Regulation Of Mitotic Cell Cycle (GO:0007346),0.2369393703905887,0.9425753904225251,0.5231362467866324,1.0,1.0,12/14,68.03%,AURKA;SDCBP;L3MBTL1;HSF1;BTG2;SCRIB;HNRNPU;CKS1B;EIF4EBP1;CDKN1B;FBXO43;MDM2
prerank,Positive Regulation Of DNA Repair (GO:0045739),-0.20591325477432404,-0.9424631267307335,0.5054545454545455,0.9478891467964468,1.0,12/13,70.26%,EGFR;FOXM1;FGF10;DDX11;DPF1;EYA1;ACTR5;SPIDR;UBE2V2;ACTL6A;EYA2;FMN2
prerank,Translation (GO:0006412),0.17197074276091814,0.9358873929175637,0.5569620253164557,1.0,1.0,19/31,51.60%,MRPL13;EIF4G1;EIF5A2;MRPL51;DAP3;COPS5;RPL30;MRPL47;AGO2;MRPL9;RPS27;RPL35A;EEF1A2;MRPS21;RPL7;MRPS28;RPS20;RPL8;RPS16
prerank,Lipid Biosynthetic Process (GO:0008610),-0.19616771723998178,-0.9345294943032273,0.5647058823529412,0.95992749505446,1.0,10/14,43.21%,MBOAT1;LPCAT1;SRD5A1;CYP51A1;CLN8;FDFT1;PRLR;PIP5K1A;GGPS1;ACSM4
prerank,Potassium Ion Import Across Plasma Membrane (GO:1990573),0.2596144145979523,0.9341132288653162,0.5405046480743692,1.0,1.0,8/11,53.23%,KCNJ8;ATP1A4;KCNK9;ATP1B1;SLC12A5;ATP1A2;KCNJ9;ABCC9
prerank,Positive Regulation Of Cell Junction Assembly (GO:1901890),-0.22150821005352564,-0.9337264368673863,0.5037593984962406,0.9528241784797493,1.0,7/11,29.34%,PTPRD;SFRP1;NRG1;MYOC;CNTNAP2;NLGN1;IL1RAP
prerank,Lipid Transport (GO:0006869),0.21161680191397284,0.9302611203689422,0.5485498108448928,1.0,1.0,10/18,41.62%,SLC10A5;EHHADH;PLTP;SLCO1B3;FABP12;TTPA;SLC51A;PMP2;FABP5;KDM5A
prerank,Positive Regulation Of Protein Transport (GO:0051222),0.26749634230824526,0.9262346353509613,0.5643153526970954,1.0,1.0,6/10,45.51%,ZFAND1;VPS28;GOLPH3L;ERGIC3;PDCD10;GOLPH3
prerank,RNA Processing (GO:0006396),0.19775551477287318,0.9257421968846294,0.5415162454873647,1.0,1.0,19/21,76.91%,ADAR;DDX47;RSRC1;RBM8A;NCBP2;EXOSC4;RBM39;SCNM1;HNRNPU;MAGOHB;MBNL1;HNRNPL;CELF3;PRPF3;PRPF6;FASTKD3;SF3B4;BICD1;LSM1
prerank,Protein Processing (GO:0016485),0.22004090232563733,0.9198621287059685,0.5707070707070707,1.0,1.0,4/16,10.11%,ECE2;C1RL;APH1A;MMP16
prerank,RNA Metabolic Process (GO:0016070),0.26453051815242135,0.9195855053927732,0.5435356200527705,1.0,1.0,6/10,39.19%,ADAR;TP53RK;DHX36;AGO2;EXOSC4;RBM39
prerank,Negative Regulation Of Catabolic Process (GO:0009895),0.26420363877734065,0.9192970034039961,0.5495867768595041,1.0,1.0,6/10,48.27%,PHF20L1;MDM4;FMN2;AZIN1;APOA2;PRKAA1
prerank,Positive Regulation Of Lymphocyte Proliferation (GO:0050671),0.2261857185942499,0.919276978942878,0.5655080213903744,1.0,1.0,8/14,50.07%,IL7;CHRNB2;FCGR3A;CD40;NFATC2;IL12A;ZNF335;TFRC
prerank,Positive Regulation Of Catabolic Process (GO:0009896),0.25242070116861437,0.9181249925780481,0.5699208443271768,1.0,1.0,11/11,74.85%,MAGEF1;VPS28;PTK2;TIPARP;OAZ3;APOA2;SEC22B;CDKN1B;RNF139;SMURF1;CUL4A
prerank,RNA Export From Nucleus (GO:0006405),0.2642047915475226,0.9176532342640559,0.5660881174899867,1.0,1.0,7/10,50.37%,FYTTD1;RBM8A;NUP155;NCBP2;SMG5;CHTOP;MAGOHB
prerank,Regulation Of JNK Cascade (GO:0046328),0.2261034314776078,0.9161774677381876,0.5445161290322581,1.0,1.0,5/15,20.59%,LTBR;FCGR2B;SDCBP;COPS5;CD27
prerank,Negative Regulation Of Macromolecule Biosynthetic Process (GO:0010558),0.23768076229100582,0.9157163012124939,0.5537414965986395,1.0,1.0,8/13,44.94%,MRPL13;GAPDH;IGF2BP2;ADIPOQ;DHX36;PCIF1;BTG2;FXR1
prerank,Regulation Of Cell Cycle G1/S Phase Transition (GO:1902806),0.228110179211359,0.9154956745806622,0.5518134715025906,1.0,1.0,12/15,64.47%,PEX2;ATP2B4;FAM83D;SOX2;ACTL6A;PHB2;METTL13;E2F1;MLF1;CRNN;CDKN1B;DPF1
prerank,Small GTPase Mediated Signal Transduction (GO:0007264),0.22263172137822748,0.9150512259305986,0.545335085413929,1.0,1.0,7/15,35.16%,ARHGAP30;TNK2;ART4;RERG;DOK5;PLD1;SIAH2
prerank,Monoatomic Cation Homeostasis (GO:0055080),-0.19973279893119575,-0.9148384146266506,0.5714285714285714,0.993452346867651,1.0,12/12,80.14%,LETM2;SLC12A7;CYP27B1;SLC39A4;SCNN1A;JPH2;WNK1;SLC12A5;KCNA1;CLDN16;S100A14;CYP11B2
prerank,Mitochondrion Organization (GO:0007005),0.19388019803856515,0.9139017028591557,0.5550181378476421,1.0,1.0,13/23,44.61%,OPA1;MFN1;TMEM70;GDAP1;HAX1;AKT3;DNAJC19;PHB2;MTX1;BCL2L1;CHCHD7;MSTO1;MYH7B
prerank,Nuclear-Transcribed mRNA Catabolic Process (GO:0000956),-0.21244317827752845,-0.9127126099225599,0.5844155844155844,0.9895537244768449,1.0,11/12,67.66%,SAMD4B;ZFP36;CNOT2;ERI1;LSM1;DCP1B;MAGOHB;SMG5;EXOSC4;NCBP2;RBM8A
prerank,Brain Development (GO:0007420),0.2135352437104331,0.9119159266811112,0.5943877551020408,1.0,1.0,4/17,6.82%,B3GNT5;GRIN2B;ZIC1;GRHL2
prerank,Positive Regulation Of DNA Metabolic Process (GO:0051054),0.2167264987330952,0.9074797424273696,0.5634178905206942,1.0,1.0,13/15,69.96%,TERF1;RNF168;TOX;DHX36;EYA2;ACTL6A;RTEL1;MYC;ACTR5;EYA1;APOBEC1;FGF10;NBN
prerank,Negative Regulation Of Response To External Stimulus (GO:0032102),-0.1470392809693729,-0.9068683002972926,0.5930232558139535,0.9957987866964432,1.0,21/25,66.03%,MFHAS1;IL22;NR1D1;PRKDC;PTGER4;C1QTNF3;TNFRSF1A;AHR;EPPK1;CERS2;LPCAT3;ITCH;ARNT;DEFB118;PTGIS;FXR1;IFI16;TNFAIP8L2;APCS;PYDC2;SHARPIN
prerank,Positive Regulation Of Hydrolase Activity (GO:0051345),-0.1529773334829381,-0.906291741248322,0.5891891891891892,0.9880077858829412,1.0,18/21,65.47%,SFRP1;BCAS3;RASGRP4;RAPGEFL1;ARHGEF7;RAPGEF5;SNX13;CTSS;USP17L2;ECT2;ERBB2;S100A10;FNTA;MTMR9;RGS7;CTSK;CD40;PREX1
prerank,Neuron Projection Morphogenesis (GO:0048812),-0.16270505523937062,-0.9052578406884096,0.5905172413793104,0.9815710072232219,1.0,19/19,83.87%,PAK1;CTNND2;ANKRD27;CTTN;CPNE1;CNTNAP2;NLGN1;TNIK;TRIO;MYO16;NTF3;PARD6B;ZNF335;TRIM46;BMP7;S100A6;SLITRK3;SDC2;EPHB3
prerank,Negative Regulation Of Transmembrane Receptor Protein Serine/Threonine Kinase Signaling Pathway (GO:0090101),-0.19438645330311116,-0.9034344951033885,0.5848214285714286,0.9772311493131414,1.0,11/14,52.96%,CAPN5;ING1;HTRA4;STRAP;EID2;SMURF1;SKIL;SPRED3;ARID4B;CHRD;PMEPA1
prerank,Organonitrogen Compound Biosynthetic Process (GO:1901566),0.23616621941928279,0.9017282299325956,0.5633986928104575,1.0,1.0,10/13,65.54%,TRMT12;SPTSSB;B4GALT5;PCYT1A;APOA2;PPM1L;GOLPH3;LPCAT3;CERS2;MUC1
prerank,Cell-Cell Adhesion Mediated By Cadherin (GO:0044331),-0.2232378028199577,-0.9013210634648635,0.6007194244604317,0.9737717032221229,1.0,8/10,53.49%,CDH9;CDH6;CDH18;CDH4;CDH26;CDH17;CDH12;CDH10
prerank,Apoptotic Process (GO:0006915),0.17800395693872065,0.8992438401355212,0.5940119760479042,1.0,1.0,24/27,79.27%,GAPDH;NOTCH2;GDF6;STK3;BCL2L14;RIPK2;PIK3CA;ATN1;IAPP;BCL2L1;FXR1;TP63;MYC;DAP;BNIPL;MRPS30;DPF1;GML;MDM2;PAK4;AHR;EMP1;MAP3K10;STK4
prerank,protein-RNA Complex Assembly (GO:0022618),0.18933429181871106,0.8982446368971183,0.5866336633663366,1.0,1.0,9/22,30.07%,EIF3E;ADAR;NOP2;SNRPE;RRS1;EIF6;SRSF6;PUF60;AGO2
prerank,Negative Regulation Of Defense Response (GO:0031348),-0.15840589417280643,-0.8966264176689966,0.5679611650485437,0.9768707023629117,1.0,20/20,84.30%,MFHAS1;IL22;NR1D1;PRKDC;PTGER4;C1QTNF3;TNFRSF1A;AHR;LPCAT3;ITCH;ARNT;PTGIS;FXR1;IFI16;TNFAIP8L2;PYDC2;SHARPIN;ADIPOQ;GHSR;YWHAZ
prerank,Inorganic Cation Transmembrane Transport (GO:0098662),0.14244409972395775,0.8939052368475967,0.6156351791530945,1.0,1.0,40/53,67.43%,HTR3D;KCNJ8;HTR3E;KCNS2;LRRC52;TMCO1;KCNN3;ATP2B4;ATP6V1C1;KCNA5;ATP1A4;CACNA1C;KCNK9;RHBG;KCNA1;SLC39A1;ATP1B1;KCNB1;ATP1A2;SLC9A8;KCNG1;TRPA1;KCNB2;HCN3;KCNS1;KCNQ3;ABCC9;SLC30A8;HCN1;SCNN1A;KCNQ2;KCNK6;KCNV1;CACNA2D4;SLC9A3;HTR3C;SLC6A12;KCNA6;KCNK15;SLC39A4
prerank,Negative Regulation Of Amide Metabolic Process (GO:0034249),0.22964160105040504,0.8938874358102546,0.5804749340369393,1.0,1.0,3/13,6.29%,MRPL13;GAPDH;IGF2BP2
prerank,Positive Regulation Of GTPase Activity (GO:0043547),-0.13688750459655785,-0.8914191132686401,0.6503067484662577,0.9809686381932704,1.0,22/26,65.47%,AGAP2;SFRP1;BCAS3;SIPA1L3;RASGRP4;RAPGEFL1;ARHGEF7;RAPGEF5;SNX13;USP17L2;ARHGEF10;ECT2;ERBB2;GRTP1;PIP5K1A;S100A10;NTF3;SCRIB;RGS7;ARHGEF26;CD40;PREX1
prerank,Regulation Of Cell Cycle (GO:0051726),-0.11509255865495582,-0.8901145288006505,0.5978260869565217,0.9754084054402924,1.0,38/40,82.17%,BIRC2;CDK4;SFRP1;THAP1;BIRC3;TRRAP;HMGA2;CDKN2A;CDK6;SIRT2;BIRC7;FOXM1;ZNF703;AKT2;RARA;NBN;MDM2;CDKN1B;MECOM;ING4;ACTR5;BOP1;CKS1B;YEATS2;MYC;HNRNPU;MRGBP;UHMK1;YY1AP1;BMP7;ACTL6A;YEATS4;RPRD1B;L3MBTL1;GMNC;LRP6;VPS72;SDCBP
prerank,Adenylate Cyclase-Modulating G Protein-Coupled Receptor Signaling Pathway (GO:0007188),0.21698535928309876,0.8897913431820765,0.6074168797953964,1.0,1.0,8/15,38.79%,GPR171;RIMS2;PTHLH;MC3R;GHRH;OPRL1;IAPP;OPRK1
prerank,Negative Regulation Of Intracellular Signal Transduction (GO:1902532),0.1660320005405747,0.8896602777804039,0.5981838819523269,1.0,1.0,28/31,76.25%,SLC2A10;MMP9;TRIM59;DGKG;ATP2B4;ADIPOQ;BMP7;PYDC2;VEPH1;BCL2L1;OTUD7B;PRKAA1;AIM2;SPRED3;DUSP16;DEPTOR;SRC;DUSP26;NUAK2;PDCD6;SLA2;LYN;SHANK2;MDM2;PDE3A;HDAC9;C1QTNF3;TWIST1
prerank,Negative Regulation Of DNA-binding Transcription Factor Activity (GO:0043433),0.19049565438580027,0.8882099177000587,0.6109725685785536,1.0,1.0,15/21,58.55%,TRIB1;FZD6;HES1;BMP7;PHB2;PYDC2;FOXH1;FOXS1;E2F1;AIM2;PTGIS;PARP10;DAP;ID1;ITCH
prerank,Positive Regulation Of Defense Response (GO:0031349),0.23500075509241758,0.8865366371972992,0.5953360768175583,1.0,1.0,8/12,55.32%,POLR3C;S100A9;AGTR1;S100A12;SH2D1B;GSDMD;AIM2;S100A8
prerank,Positive Regulation Of Ubiquitin-Dependent Protein Catabolic Process (GO:2000060),-0.20460823676235554,-0.8828122479668574,0.5879828326180258,0.9845985534808434,1.0,8/12,40.79%,SIRT2;ANKIB1;SMURF1;NKD2;MDM2;RNF139;USP5;DAB2
prerank,mRNA Stabilization (GO:0048255),0.2557499438350822,0.882745881512127,0.6108843537414966,1.0,1.0,9/10,68.16%,IGF2BP2;PABPC1;RBM38;YBX3;E2F1;HNRNPU;GDNF;IGF2BP3;PAIP1
prerank,Regulation Of Double-Strand Break Repair (GO:2000779),0.2150676925222843,0.8819087872011101,0.5902688860435339,1.0,1.0,10/15,51.10%,UBR5;RAD51AP1;VPS72;FMN2;YEATS4;ACTL6A;UBE2V2;RTEL1;MRGBP;SPIDR
prerank,Dephosphorylation (GO:0016311),-0.16566265060240964,-0.8816803631123802,0.631578947368421,0.9791445268715078,1.0,18/18,83.57%,PTPRD;PTPRR;PTPRB;PSPH;PTPN6;PTPN1;TIMM50;DUSP15;DUSP26;DUSP16;ACP6;PPM1L;PTPRT;DUSP23;DUSP12;PTPRO;PDP1;CTDSP2
prerank,Generation Of Neurons (GO:0048699),-0.18683155080213903,-0.881257055396112,0.6200873362445415,0.971707975106063,1.0,14/14,81.44%,PTPRD;IRX2;CDK6;MET;IRX4;NRBP2;FGFR1;ERBB2;WNT5B;IRX1;TRIM46;LRP12;SDCCAG8;LMX1A
prerank,Regulation Of Natural Killer Cell Mediated Cytotoxicity (GO:0042269),0.2386073627248479,0.8794894228419791,0.594222833562586,1.0,1.0,5/12,25.85%,KLRC2;KLRB1;KLRK1;KLRD1;SLAMF6
prerank,Lymphocyte Differentiation (GO:0030098),0.2478691320433768,0.8793537458790062,0.606353591160221,1.0,1.0,8/11,54.32%,LY6D;TOX;AICDA;PBX1;CHD7;GPR89B;CD4;TPD52
prerank,Endoplasmic Reticulum To Golgi Vesicle-Mediated Transport (GO:0006888),0.252491113283137,0.8786857437836952,0.5965608465608465,1.0,1.0,9/10,67.10%,ERGIC2;RAB2A;TRAPPC9;ERGIC3;SEC22B;GOLT1A;COPA;PDCD6;YIF1B
prerank,Protein Polyubiquitination (GO:0000209),0.17837386064165187,0.8760440392695426,0.6187576126674786,1.0,1.0,21/24,74.78%,UBE2C;RNF114;UBR5;RNF168;UBE2W;UBE2V1;FBXO45;SHARPIN;RNF19A;UBE2Q1;UBE2V2;SKP2;RUSC1;UBE2QL1;ITCH;FBXO4;MDM2;SMURF1;RNF115;FBXL7;ANKIB1
prerank,Regulation Of Osteoblast Differentiation (GO:0045667),0.1965164281380765,0.8753893518199835,0.6303258145363408,1.0,1.0,12/18,55.06%,IL6R;TMEM64;PTK2;BMP7;WWTR1;CHRD;ZHX3;TP63;SNAI2;FGF23;DDR2;SUCO
prerank,Cardiac Muscle Tissue Development (GO:0048738),0.24306370774760439,0.8743754052494908,0.6199158485273493,1.0,1.0,3/11,10.65%,NOTCH2;MSC;HEY1
prerank,Regulation Of Cold-Induced Thermogenesis (GO:0120161),-0.15011401510201255,-0.8716607952266643,0.6414141414141414,0.9859689699513094,1.0,18/20,72.42%,JAK2;PRKAB2;NR1D1;THRA;LGALS13;ADRB3;NPR3;FABP4;GNAS;MUC1;PRLR;ID1;CEBPB;FABP5;SLC25A44;HSF1;ZBTB7B;ADIPOR2
prerank,Aerobic Electron Transport Chain (GO:0019646),0.2291871629645031,0.8714119633206624,0.6059431524547804,1.0,1.0,4/13,15.80%,COX6C;NDUFB5;NDUFS2;NDUFB9
prerank,Cellular Response To Insulin Stimulus (GO:0032869),-0.1818002600342723,-0.8713680061790349,0.6728971962616822,0.978347124433444,1.0,13/15,65.37%,IRS2;RPS6KB1;PRKDC;GRB7;AKT2;HDAC9;SOGA1;USF1;PRKCI;RAB13;PCK1;PKLR;LPIN3
prerank,Regulation Of Intracellular Signal Transduction (GO:1902531),0.13619036142765734,0.8708535593850936,0.6468039003250271,1.0,1.0,48/53,80.97%,CLEC6A;CLEC7A;DLG1;ARHGAP30;NOP2;STK3;PREX2;AURKA;PAK2;RRS1;VWF;SLA;ARHGAP40;TP53RK;FAM83D;PPP1R16B;REN;UBE2V1;PREX1;ARHGAP39;PEX5L;WWTR1;ARHGEF2;TTI1;MLF1;PLEKHG4B;BOP1;NUAK2;PIP5K1A;TRIO;FGD4;CRNN;TNIK;LYN;PLEKHG6;PAK4;MCF2L;NLGN1;RICTOR;ECT2;GATA4;ARHGEF10;MYOC;ITFG2;GDF5;STK4;CPNE1;ARHGEF25
prerank,Response To Endoplasmic Reticulum Stress (GO:0034976),0.2425988791309885,0.8704800160744975,0.616991643454039,1.0,1.0,4/11,18.03%,ERP27;DERL1;EIF2B5;TMCO1
prerank,Regulation Of Phosphorylation (GO:0042325),-0.20262032930605003,-0.8692614652888185,0.6475409836065574,0.9754971526819523,1.0,8/12,36.49%,CDKN2B;EGFR;IKBKB;CDKN2A;SIRT2;ROPN1L;LYN;CDKN1B
prerank,Peptidyl-Tyrosine Phosphorylation (GO:0018108),0.19794795350978323,0.8690768738011642,0.6276463262764632,1.0,1.0,13/18,66.43%,PTK6;CLK2;PTK2;SRMS;PIBF1;HCK;DDR2;SRC;IFNL4;PRLR;LYN;ERBB2;FGFR1
prerank,Regulation Of Actin Cytoskeleton Organization (GO:0032956),-0.18955403500808782,-0.8659038194207308,0.6459143968871596,0.9756204133902622,1.0,8/13,26.95%,PDGFRA;PAK1;NRG1;EPS8;BAIAP2L1;CSF3;RICTOR;F11R
prerank,Activation Of Protein Kinase Activity (GO:0032147),-0.20671902022530458,-0.8648024127286363,0.6101083032490975,0.9703288735881781,1.0,10/11,65.93%,JAK2;NRG1;GAS6;ECT2;PRLR;TPX2;NTF3;ADCY8;PIBF1;PHB2
prerank,Enzyme-Linked Receptor Protein Signaling Pathway (GO:0007167),0.1659424305108833,0.8647694915552642,0.6281287246722288,1.0,1.0,20/29,66.43%,GUCY2C;SAMD12;PTK6;ART4;SAMD10;MPZL1;SRMS;DOK5;NPR1;PTPRT;HCK;CD4;DDR2;NTF3;MTSS1;CASS4;TRIO;LYN;ERBB2;FGFR1
prerank,Protein Modification By Small Protein Removal (GO:0070646),0.23030020785789757,0.8641235702245867,0.6201342281879194,1.0,1.0,9/12,63.11%,OTUD6B;COPS5;SENP5;USP13;COPS7A;OTUD7B;VCPIP1;USP5;USP21
prerank,Regulation Of Fibroblast Proliferation (GO:0048145),-0.21038288555693013,-0.8639639147970102,0.6245210727969349,0.9643756020193767,1.0,9/11,51.50%,PDGFRA;CDK4;SFRP1;GAS6;CDK6;PARP10;DDR2;MYC;E2F1
prerank,Negative Regulation Of Gene Expression (GO:0010629),0.14584665725069537,0.8638229203492086,0.649890590809628,1.0,1.0,7/43,7.12%,SLC2A10;MRPL13;GAPDH;NOTCH2;IGF2BP2;PABPC1;SETDB1
prerank,Positive Regulation Of Peptidyl-Tyrosine Phosphorylation (GO:0050731),0.1617627236805138,0.8638001075400825,0.6331018518518519,1.0,1.0,10/30,25.25%,ANGPT1;CLEC6A;HAX1;IL6R;PTK6;TNK2;PAK2;RIPK2;EFNA1;HES1
prerank,Vesicle-Mediated Transport (GO:0016192),0.14469547302489694,0.8636328936913964,0.6386083052749719,1.0,1.0,22/42,46.81%,PLEKHF2;TSNARE1;NECAP1;SNX27;ARL14;ATP9A;VAMP1;RAB2A;VPS13B;DENND3;RAB22A;EXOC3;FMN2;CHMP4C;LRP12;SNAPIN;STX16;RAB13;ARFGEF1;NCALD;PRKCI;RAB25
prerank,mRNA Export From Nucleus (GO:0006406),0.2331615866745093,0.8634731263687596,0.6376811594202898,1.0,1.0,8/12,50.37%,FYTTD1;ZC3H11A;RBM8A;NCBP2;SMG5;CHTOP;ENY2;MAGOHB
prerank,Protein Deubiquitination (GO:0016579),0.22907261341979418,0.8626228200705042,0.6162018592297477,1.0,1.0,9/12,63.11%,OTUD6B;COPS5;USP13;SPATA2;OTUD7B;ENY2;VCPIP1;USP5;USP21
prerank,Negative Regulation Of Multicellular Organismal Process (GO:0051241),0.1632637397907137,0.8619694123546608,0.643348623853211,1.0,1.0,10/31,25.35%,GRHL2;PFN2;FCGR2B;ATP2B4;SLAMF8;ADIPOQ;SRSF6;ARHGDIB;EFNA1;ZNF706
prerank,Positive Regulation Of Gene Expression (GO:0010628),0.12640275763909298,0.8610153208115446,0.6593521421107628,1.0,1.0,9/68,5.22%,ANGPT1;SLC2A10;CLEC6A;GAPDH;YTHDF3;EIF3E;KLRF2;CTCFL;CLEC7A
prerank,Negative Regulation Of Canonical Wnt Signaling Pathway (GO:0090090),0.21101859659913125,0.8603656635474909,0.6326797385620915,1.0,1.0,11/15,59.28%,STK3;FZD6;TMEM64;PTPRO;SOX2;SOX13;SIAH2;WWTR1;SNAI2;SOX17;DAB2
prerank,Negative Regulation Of Cell Differentiation (GO:0045596),-0.11061925717172316,-0.858975812393761,0.7115384615384616,0.9671718515578256,1.0,37/40,78.94%,IFNG;YAP1;TSKU;SFRP1;EGFR;MED1;SOX4;CDK6;SIRT2;GDF5;RANBP3L;TWIST1;PKP2;HDAC9;IL6;ASXL1;ADAMTS12;CRP;ZBED6;TRIO;FGF23;SNAI2;SPRED3;RUNX1T1;CHRD;HNRNPU;E2F1;BRD9;WWTR1;EID2B;BMP7;ACTL6A;SOX2;HES1;EFNA1;TMEM64;ADIPOQ
prerank,Protein Ubiquitination (GO:0016567),0.13913211614194382,0.8583349333246839,0.654485049833887,1.0,1.0,36/45,74.85%,PEX2;KLHL24;MAGEF1;PCMTD1;UBE2C;RNF114;UBR5;RNF168;WWP1;FBXO32;MDM4;UBE2W;UBE2V1;FBXO45;RNF13;TRIM55;RNF19A;UBE2Q1;SPSB2;UBE2V2;RUSC1;HLTF;UBE2QL1;OS9;ITCH;VCPIP1;FBXO4;USP5;RNF139;MDM2;TRPC4AP;SMURF1;RNF115;FBXL7;ANKIB1;CUL4A
prerank,Positive Regulation Of Phosphorylation (GO:0042327),-0.11309909925354628,-0.8565757019598595,0.5816326530612245,0.9651363607131216,1.0,31/42,55.12%,PDGFRA;PAK1;CCND1;EGFR;FGF19;GPNMB;CCND2;ZNF622;GAS6;FGF3;MET;STK4;AKT2;NBN;FGF10;FGFR1;ERBB2;LYN;TNIK;FGF4;ZNF16;DAB2;KRAS;DDR2;FGF23;ITLN1;CD4;TFRC;FGF6;DSTYK;FXR1
prerank,Positive Regulation Of Cell Cycle Process (GO:0090068),-0.1636442927991558,-0.8558486026193536,0.6511627906976745,0.9590526306782693,1.0,15/17,69.39%,CDC6;PCID2;SIRT2;UBXN2B;ECT2;DDX11;RRM2B;ZNF16;RAD21;NCAPD2;SMC4;RHNO1;TAS2R13;CSPP1;RXFP3
prerank,Endomembrane System Organization (GO:0010256),0.17395688897929312,0.855007363005902,0.6363636363636364,1.0,1.0,10/24,32.93%,LMNA;PLEKHF2;LAPTM4B;SPTSSB;RAB2A;VPS13B;RAB22A;GOLPH3L;NUP155;SERP1
prerank,Positive Regulation Of Mitotic Cell Cycle Phase Transition (GO:1901992),0.23295351741737744,0.8524683412661556,0.6541143654114365,1.0,1.0,2/11,3.99%,EIF4G1;UBE2C
prerank,Mesenchymal Cell Differentiation (GO:0048762),0.24560132051017242,0.8503579877299743,0.6521739130434783,1.0,1.0,7/10,51.93%,ZFP64;SNAI1;FAM83D;LRP6;BMP7;S100A4;SNAI2
prerank,Protein Phosphorylation (GO:0006468),-0.08359763500298698,-0.8481254590754678,0.7301587301587301,0.9672974123008775,1.0,64/66,87.76%,PDGFRA;JAK2;PAK1;CDK12;CDK4;CCNE1;EGFR;ERC1;DYRK2;GAS6;IKBKB;MYLK2;MAP4K1;RPS6KB1;GMFG;CDK6;PTPN6;BLK;PRKDC;TNKS;DYRK1B;STK4;MAP3K10;CDK14;MAPK15;RICTOR;AKT2;DYRK4;RARA;PAK4;GRK1;FGFR1;ERBB2;LYN;TNIK;STK38L;NUAK2;TAF2;SRC;MOS;DDR2;PRKAA1;SGK3;PRKCI;UHMK1;HCK;WNK1;PCK1;AKT3;RB1CC1;TAF4;TOP1;SRMS;PTK2;TP53RK;PAK2;EPHB3;YWHAZ;AURKA;TRIB1;CLK2;PTK6;STK3;MAP3K13
prerank,Calcium Ion Transport (GO:0006816),-0.18081550802139038,-0.8476822935501354,0.6798245614035088,0.9607594132490248,1.0,14/14,82.04%,TRPC6;GAS6;CACNB1;CYP27B1;RYR1;RYR2;TRPC4AP;CACNA2D4;TRPA1;CHRNA4;CHRNB2;CACNA1C;ATP2B4;TMCO1
prerank,Regulation Of Fat Cell Differentiation (GO:0045598),-0.14921491884245694,-0.8467128354460434,0.6629834254143646,0.9552214621249069,1.0,20/21,78.94%,YAP1;SFRP1;PTPRR;ZFP36;NR1D1;SIRT2;IL6;ASXL1;CREBL2;TRIO;LMO3;RUNX1T1;E2F1;ADIG;CEBPB;WWTR1;GNB3;GDF3;TMEM64;ADIPOQ
prerank,Regulation Of Signal Transduction (GO:0009966),0.18265733898424702,0.846594879487149,0.6430348258706468,1.0,1.0,15/21,59.48%,NCOA5;ZIC1;POFUT1;ADIPOQ;SRMS;DOK5;SHARPIN;VEPH1;RGS7;RGS5;SULF1;GDNF;TULP3;SRC;RGS20
prerank,Protein Import Into Nucleus (GO:0006606),0.24085778966255972,0.8453459385943949,0.6530612244897959,1.0,1.0,5/10,38.59%,STK3;CSE1L;NUP155;PHB2;KPNA4
prerank,Import Into Nucleus (GO:0051170),0.24085778966255972,0.8453459385943949,0.6530612244897959,1.0,1.0,5/10,38.59%,STK3;CSE1L;NUP155;PHB2;KPNA4
prerank,Positive Regulation Of Amide Metabolic Process (GO:0034250),0.20537292113039882,0.8446942756283058,0.6597938144329897,1.0,1.0,8/15,44.94%,YTHDF3;EIF3E;EIF6;EFNA1;AGO2;PLD1;PCIF1;FXR1
prerank,Positive Regulation Of Protein Phosphorylation (GO:0001934),0.1258925236062394,0.8435976844693024,0.6813304721030042,1.0,1.0,21/64,28.48%,ANGPT1;CLEC6A;THPO;EIF4G1;MMP9;DVL3;GDF6;PFN2;HAX1;IL6R;TNK2;SDCBP;PAK2;ATP2B4;RIPK2;ADIPOQ;EFNA1;JTB;PTK2;GDF3;RB1CC1
prerank,Positive Regulation Of Cellular Biosynthetic Process (GO:0031328),0.16565111634259505,0.8435397286105281,0.6702508960573477,1.0,1.0,5/27,7.98%,YTHDF3;EIF3E;GUCY2C;CLEC7A;NOS1AP
prerank,Positive Regulation Of DNA Biosynthetic Process (GO:2000573),-0.18886590777243745,-0.8420090867757895,0.6917293233082706,0.9581538884819605,1.0,10/12,60.41%,TNKS;GINS4;CCT2;CCT6A;MAPK15;CCT5;FBXO4;MYC;CCT3;DSCC1
prerank,Vesicle Fusion (GO:0006906),0.2202298312447286,0.8403154514620541,0.6506024096385542,1.0,1.0,7/13,40.29%,TSNARE1;VAMP4;VAMP1;VPS8;CHMP4C;STX16;RAB13
prerank,Positive Regulation Of Protein Binding (GO:0032092),0.23328044677645043,0.837866747182119,0.6601123595505618,1.0,1.0,4/11,20.96%,MMP9;DERL1;STK3;RIPK2
prerank,Calcium Ion Transmembrane Transport (GO:0070588),0.24101470580108397,0.8355042022718185,0.696969696969697,1.0,1.0,4/10,25.28%,GRIN2B;TMCO1;ATP2B4;CACNA1C
prerank,Positive Regulation Of Binding (GO:0051099),-0.16350297367562827,-0.8333532969531362,0.6680497925311203,0.9698940909865776,1.0,9/16,31.67%,BLK;MET;TERT;CSF3;SIRT2;STK4;CAPRIN2;RARA;DDX11
prerank,Axonogenesis (GO:0007409),0.16892022205634916,0.8327949193243639,0.6862980769230769,1.0,1.0,21/25,71.32%,NOTCH2;CNTN2;EPHB3;LRTM2;SLITRK3;EFNA1;PTK2;PTPRO;B4GALT5;S100A6;TRIM46;SEMA4A;EFNA4;KIAA1755;PARD6B;PLEKHG4B;IGSF9;TRIO;EFNA3;SEMA6C;SEMA5A
prerank,Ephrin Receptor Signaling Pathway (GO:0048013),0.23803968171482584,0.8325969463264449,0.7017543859649122,1.0,1.0,4/10,24.92%,MMP9;EPHB3;EFNA1;PTK2
prerank,Negative Regulation Of Wnt Signaling Pathway (GO:0030178),0.19849017211705836,0.8318638850226283,0.6795366795366795,1.0,1.0,11/16,59.28%,STK3;FZD6;TMEM64;PTPRO;SOX2;SOX13;SIAH2;WWTR1;SNAI2;SOX17;DAB2
prerank,Positive Regulation Of Cell Motility (GO:2000147),-0.11640195249062031,-0.8316062068260087,0.6861313868613139,0.9663241281034004,1.0,23/33,48.14%,PDGFRA;PAK1;MMP7;MIEN1;EGFR;ACTN4;ADAM9;GPNMB;F7;GRB7;F10;MYOC;TWIST1;ZNF703;AKT2;SEMA5A;SEMA6C;HAS2;CASS4;DAB2;NTF3;WNT5B;SNAI2
prerank,Negative Regulation Of Protein Kinase Activity (GO:0006469),0.19822841295910257,0.8311095329025919,0.678617157490397,1.0,1.0,7/16,32.77%,ADAR;PTK6;TRIB1;PAK2;LRP6;PTPRO;PTPRT
prerank,RNA Splicing (GO:0008380),0.20762653332972061,0.8310112058340592,0.6929032258064516,1.0,1.0,13/14,76.91%,TRA2B;DDX47;RSRC1;RBM8A;NCBP2;SCNM1;MAGOHB;MBNL1;CELF3;PRPF3;PRPF6;SF3B4;LSM1
prerank,Protein-Containing Complex Assembly (GO:0065003),0.13576509830484937,0.8306180476967684,0.7052980132450332,1.0,1.0,8/45,9.38%,ANGPT1;OPA1;SPAG1;OTUD6B;TMEM70;VAMP4;CCDC39;CLDN1
prerank,Response To Glucose (GO:0009749),0.20003892606109508,0.8305197410915713,0.6510152284263959,1.0,1.0,9/15,48.27%,TRA2B;EIF2B5;ADIPOQ;HNF4A;GYS2;KCNB1;PCK1;APOA2;PRKAA1
prerank,Myelination (GO:0042552),0.22162867816476978,0.8297605782809153,0.678082191780822,1.0,1.0,3/12,12.67%,BCAS1;EIF2B5;MAL2
prerank,Cellular Response To Lipopolysaccharide (GO:0071222),0.1954832770224143,0.8288415288615341,0.6560509554140127,1.0,1.0,3/17,5.09%,PEX2;LY96;EHHADH
prerank,Positive Regulation Of Translation (GO:0045727),0.18059594485968453,0.8275222704110016,0.690176322418136,1.0,1.0,12/20,49.67%,YTHDF3;EIF3E;PABPC1;EIF2B5;EIF6;YBX3;DHX36;PLD1;PCIF1;FXR1;UHMK1;HNRNPU
prerank,Positive Regulation Of Endocytosis (GO:0045807),0.2306980494267207,0.8259163137130697,0.6594594594594595,1.0,1.0,6/11,42.88%,CLEC7A;FCGR2B;VPS28;AHSG;FCER1G;APOA2
prerank,Monoatomic Cation Transmembrane Transport (GO:0098655),0.1338438700844099,0.8258665984805624,0.6904500548847421,1.0,1.0,38/51,67.43%,KCNJ8;GRIN2B;KCNS2;LRRC52;TMCO1;KCNN3;ATP2B4;ATP6V1C1;KCNA5;ATP1A4;CACNA1C;KCNK9;KCNA1;SLC39A1;ATP1B1;KCNB1;ATP1A2;SLC9A8;CNGB3;KCNG1;TRPA1;KCNB2;HCN3;KCNS1;KCNQ3;ABCC9;SLC30A8;HCN1;SCNN1A;KCNQ2;KCNK6;KCNV1;CACNA2D4;SLC9A3;SLC6A12;KCNA6;KCNK15;SLC39A4
prerank,Hemopoiesis (GO:0030097),0.18253650537636057,0.8234095706213884,0.6679151061173533,1.0,1.0,10/19,44.51%,THPO;NOTCH2;TOX;ETV6;L3MBTL1;PBXIP1;IL7R;MFAP5;CEBPB;IFI16
prerank,Regulation Of Cellular Component Organization (GO:0051128),0.18959833063286363,0.821570305913088,0.670440251572327,1.0,1.0,13/18,61.04%,SLC2A10;SGK2;AURKA;AGTR1;EBAG9;SGK3;HNRNPU;TFRC;OGFR;ING4;ITCH;LAMTOR2;STK38L
prerank,Regulation Of Cell Development (GO:0060284),0.23769796172111635,0.8207781478640255,0.702247191011236,1.0,1.0,4/10,25.25%,HEY1;BHLHE41;SLAMF8;HES1
prerank,Protein Dephosphorylation (GO:0006470),-0.1654964894684052,-0.8196807510044695,0.692,0.9835376637748483,1.0,15/15,83.57%,PTPRD;PTPRR;PTPRB;PPP1R15B;PTPN6;PTPN1;TIMM50;DUSP26;DUSP16;PPM1L;PTPRT;DUSP12;PTPRO;PDP1;CTDSP2
prerank,Cellular Response To Ionizing Radiation (GO:0071479),0.2294024642837092,0.8196675283282365,0.6802631578947368,1.0,1.0,10/11,75.62%,TSPYL5;RAD51AP1;HSF1;IFI16;RHNO1;SPIDR;EEF1D;MDM2;NIPBL;ECT2
prerank,Response To Lipopolysaccharide (GO:0032496),0.17072000358634842,0.8164615694147245,0.6662606577344702,1.0,1.0,11/22,47.14%,PEX2;LY96;EHHADH;TRIB1;S100A9;S100A14;NFKBIB;DEFA3;SLPI;IL12A;S100A7
prerank,Lysosomal Transport (GO:0007041),-0.19759972116997124,-0.8108908153861042,0.7453874538745388,0.9944197197565621,1.0,6/11,21.86%,CCDC91;HOOK3;PLEKHF1;LAMP1;HGSNAT;M6PR
prerank,Neuron Development (GO:0048666),0.16835461319491868,0.8106871034320238,0.7130541871921182,1.0,1.0,12/22,45.28%,RP1;STMN3;VPS13B;B4GALT5;LRP12;SNAPIN;PBX1;STMN2;BTG2;RAB13;WNK1;UHMK1
prerank,Supramolecular Fiber Organization (GO:0097435),0.1649624625762771,0.8101074863870092,0.6807228915662651,1.0,1.0,15/24,55.59%,KLHL24;DLG1;STMN3;ELMO2;COL14A1;TMOD4;AVIL;STMN2;SIAH2;TPM3;ARHGEF2;TCHH;TAGLN2;DDR2;OPTC
prerank,Proteolysis (GO:0006508),-0.10355905149386574,-0.8085923269546801,0.7708333333333334,0.9915925927770599,1.0,32/41,60.84%,CAPN5;MMP7;ADAM2;ADAM32;PEPD;PSMC4;CAPN12;F7;PARL;HTRA4;CPM;CTSS;CTSZ;CPNE1;PLAT;CPB1;ADAMTS16;MDM2;ADAMTS12;CTSA;CTSB;HM13;OLR1;FBXL6;ADAM15;NCSTN;TRHDE;MME;CPA3;ADAMTS4;NPEPL1;CTSK
prerank,Defense Response To Gram-negative Bacterium (GO:0050829),0.16782909776768717,0.8085535792899556,0.7083839611178615,1.0,1.0,11/24,38.52%,EHHADH;IL6R;DEFB119;RPL30;BPI;LCE3C;LCE3A;LCE3B;DEFA3;DROSHA;GSDMD
prerank,Epidermal Cell Differentiation (GO:0009913),0.20889793583492106,0.8069834253783632,0.7028795811518325,1.0,1.0,8/13,49.77%,IVL;SPRR1A;SPRR2B;SPRR2G;SPRR1B;SPRR3;S100A7;SPRR2F
prerank,Keratinocyte Differentiation (GO:0030216),0.20889793583492106,0.8069834253783632,0.7028795811518325,1.0,1.0,8/13,49.77%,IVL;SPRR1A;SPRR2B;SPRR2G;SPRR1B;SPRR3;S100A7;SPRR2F
prerank,Regulation Of Small GTPase Mediated Signal Transduction (GO:0051056),0.1913683506189361,0.8060529690388777,0.7002487562189055,1.0,1.0,17/17,80.97%,ARHGAP30;TGM2;PREX2;ARHGAP40;PREX1;ARHGAP39;ARHGEF2;PLEKHG4B;SRC;TRIO;FGD4;PLEKHG6;MCF2L;ECT2;FOXM1;ARHGEF10;ARHGEF25
prerank,Negative Regulation Of Intrinsic Apoptotic Signaling Pathway (GO:2001243),0.22187738239718438,0.8052038296044842,0.7152682255845942,1.0,1.0,8/11,56.12%,OPA1;MMP9;SNAI1;YBX3;BCL2L1;ARHGEF2;SNAI2;SRC
prerank,Protein Targeting To Mitochondrion (GO:0006626),-0.20050514565984845,-0.8035347370066843,0.7137681159420289,0.9946967168929844,1.0,9/10,67.27%,TOMM7;ROMO1;TIMM50;IMMP2L;TOMM40L;TOMM20;TOMM34;MTX1;DNAJC19
prerank,Negative Regulation Of Cellular Biosynthetic Process (GO:0031327),0.17301798859155185,0.8022429768878955,0.7084917617237009,1.0,1.0,7/22,21.12%,MRPL13;GAPDH;IGF2BP2;SNAI1;CLK2;ATP2B4;ADIPOQ
prerank,Negative Regulation Of Cell Population Proliferation (GO:0008285),-0.08959999139725713,-0.800010121503794,0.7341772151898734,0.9942012485359676,1.0,20/55,14.34%,JAK2;IFNG;PAK1;SFRP1;E2F3;CDKN2B;NRG1;IL26;GPNMB;SOX4;TFDP1;ING1;AQP11;CDC6;PINX1;ST18;CDKN2A;IFNL1;CDK6;PTPN6
prerank,Regulation Of Inflammatory Response (GO:0050727),0.14509602603688082,0.7992284316966517,0.7102803738317757,1.0,1.0,19/33,55.36%,MMP9;S100A9;GHSR;ADIPOQ;AHSG;BCL6;SHARPIN;PYDC2;AGTR1;S100A12;SPATA2;TNFAIP8L2;GSDMD;HCK;FXR1;AIM2;PTGIS;S100A8;ARNT
prerank,Positive Regulation Of Cell Population Proliferation (GO:0008284),-0.06930827479623974,-0.7991850607928703,0.7647058823529411,0.9887140522456385,1.0,82/85,88.32%,PDGFRA;ACER3;JAK2;IFNG;YAP1;PAK1;GAB2;CDK4;SFRP1;EGFR;NRG1;TSPAN31;FGF19;SOX4;AQP11;CCND2;HMGA2;GAS6;ASH2L;FGF3;ROMO1;IRS2;NCCRP1;CDK6;PTPN6;CDCA7L;TERT;CSF3;LIFR;FOXM1;ZNF703;MAPK15;AKT2;IL6;RARA;FGF10;NANOG;MDM2;OSMR;FGFR1;ERBB2;SHANK2;LYN;FGF4;SLAMF1;ZNF16;HAS2;KRAS;NTF3;DDR2;GDNF;MYC;FGF23;CHRD;HNRNPU;FGF6;E2F1;RAB25;PRKCI;HCK;BRD9;WWTR1;PDCD10;IL7R;ACTL6A;OSR2;ZFPM2;RPRD1B;S100A6;HES1;PTK2;GHRH;TOX;SHC1;SDCBP;S100A13;GID8;PTHLH;TSPYL5;NOP2;IL6R;IL7
prerank,Striated Muscle Contraction (GO:0006941),0.21814236597163575,0.7986345004014834,0.7117726657645467,1.0,1.0,6/11,44.61%,RCSD1;TNNC2;PIK3CA;ATP1B1;ATP1A2;MYH7B
prerank,Negative Regulation Of Binding (GO:0051100),-0.18820642646147637,-0.7981590470502097,0.75,0.9833291977194228,1.0,9/11,55.56%,RSF1;JAK2;HMGA2;CPNE1;DDX11;DAB2;E2F1;SLPI;IFI16
prerank,Regulation Of Cysteine-Type Endopeptidase Activity Involved In Apoptotic Process (GO:0043281),-0.1951283373699784,-0.7963376032154124,0.7480916030534351,0.979664167631421,1.0,10/11,69.43%,GAS6;SOX7;PDCD5;PDCD6;SRC;MYC;TNFSF10;SIAH2;SOX2;LAMP3
prerank,Proteasomal Protein Catabolic Process (GO:0010498),0.14976388359084988,0.794962911238926,0.7392815758980301,1.0,1.0,12/30,35.16%,UBXN7;DERL1;PSMD2;PSMA7;TBL1XR1;GID8;WWP1;UBE2W;FBXO45;PSMB4;SHARPIN;SIAH2
prerank,Sphingolipid Metabolic Process (GO:0006665),-0.201935914552737,-0.7949620029744221,0.7528089887640449,0.9755229514348542,1.0,10/10,79.91%,ACER3;ORMDL3;B4GALNT1;CLN8;ENPP2;CERS2;B3GALNT1;PPM1L;SPTSSB;NSMAF
prerank,Mitochondrial ATP Synthesis Coupled Electron Transport (GO:0042775),0.20336982659816644,0.7946747123447659,0.7086007702182285,1.0,1.0,4/14,15.80%,COX6C;NDUFB5;NDUFS2;NDUFB9
prerank,Positive Regulation Of Programmed Cell Death (GO:0043068),-0.11825638403411645,-0.7936327559898955,0.7210884353741497,0.9710161734362995,1.0,22/30,52.46%,RNF122;IFNG;SFRP1;NRG1;FADD;SOX4;ZNF622;ARHGEF7;DNM1L;HTRA4;STK4;MAP3K10;PDCD5;ECT2;IL6;ATF6;ADAMTSL4;ING4;MCL1;SCRIB;E2F1;MLLT11
prerank,Positive Regulation Of DNA-templated Transcription (GO:0045893),0.09633684169874919,0.787387402772467,0.789738430583501,1.0,1.0,88/165,52.89%,PEX2;NHLH1;MED30;ATAD2;NCOA2;CTCFL;BHLHE22;HNF4G;DVL3;ZIC1;SOX18;GRHL2;ABRA;GDF6;RORC;HAX1;HEY1;TP53INP1;MAFB;CRTC2;ETV5;SNAI1;TBL1XR1;KLF10;LMX1A;SHC1;VPS72;COPS5;RIPK2;HNF4A;DCAF6;LRP6;HES1;NCOA3;DHX36;TAF4;UBE2V1;AGO2;SOX2;RPRD1B;ZBTB18;ZFPM2;OSR2;YEATS4;ACTL6A;BMP7;GATAD2B;MED21;PBX1;HSF1;LPIN3;ILF2;CD40;HEATR1;RFX5;PRRX1;FOXJ2;PTMS;TCEA1;FOXH1;WWTR1;CHD6;KDM5A;NFATC2;TOX2;BCL9;TFAP2C;CEBPB;IFI16;BHLHE23;TP53INP2;ZNF496;ARHGEF2;MRGBP;MLLT11;MED12L;PRKAA1;PLAG1;E2F1;ENY2;ATF7IP;HNRNPU;CD4;SS18L1;TP63;LMO3;MYC;HLTF
prerank,Cellular Respiration (GO:0045333),0.20135020051509187,0.7872300105410118,0.7162849872773537,1.0,1.0,4/14,15.80%,COX6C;NDUFB5;NDUFS2;NDUFB9
prerank,Mitotic Spindle Organization (GO:0007052),-0.20947711033198857,-0.7866605142490877,0.7636363636363637,0.9780148836305733,1.0,7/10,43.78%,KIF3B;TNKS;ARHGEF10;RMDN1;NUF2;TPX2;KIFC2
prerank,Intracellular Protein Transmembrane Transport (GO:0065002),-0.17949851384323579,-0.7864811011804405,0.7230215827338129,0.9714398512303895,1.0,8/12,39.49%,SEC61G;PEX1;ROMO1;TIMM50;AKT2;SEC62;TOMM40L;TOMM20
prerank,Cellular Response To Peptide Hormone Stimulus (GO:0071375),-0.14912994009974823,-0.7859457925070275,0.7603686635944701,0.9655793329587513,1.0,15/18,65.37%,IRS2;RPS6KB1;PRKDC;AKT2;CYP11B1;HDAC9;USF1;SCNN1A;SRC;PRKCI;ADCY8;RAB13;PCK1;PKLR;LPIN3
prerank,Positive Regulation Of Cell Adhesion (GO:0045785),-0.19020143758467056,-0.785748524201714,0.743859649122807,0.9593001892154008,1.0,8/10,53.99%,JAK2;ADAM9;AGR2;ERBB2;DUSP26;P2RY12;CHRD;IL12A
prerank,Protein Localization To Cell Periphery (GO:1990778),-0.12603142652667246,-0.7854069902427112,0.7650602409638554,0.9468482518402027,1.0,21/25,67.50%,PDZK1;ANK1;PLEKHF1;GAS6;IKBKB;PKP2;TNFRSF1A;F11R;SMURF1;NKD2;EFR3A;TNIK;ACTN2;PIP5K1A;S100A10;KCNB2;RAB13;P2RY1;PDZK1P1;KCNB1;ATP1B1
prerank,Protein Localization To Plasma Membrane (GO:0072659),-0.12603142652667246,-0.7854069902427112,0.7650602409638554,0.9468482518402027,1.0,21/25,67.50%,PDZK1;ANK1;PLEKHF1;GAS6;IKBKB;PKP2;TNFRSF1A;F11R;SMURF1;NKD2;EFR3A;TNIK;ACTN2;PIP5K1A;S100A10;KCNB2;RAB13;P2RY1;PDZK1P1;KCNB1;ATP1B1
prerank,Heart Development (GO:0007507),0.17290259675204375,0.7842814068617202,0.7555282555282555,1.0,1.0,18/20,76.68%,CCM2L;SOX18;PTK2;CACNA1C;FGF12;GJA5;ZFPM2;BMP7;CHD7;SOX17;SGCZ;CDKN1B;GATA5;NIPBL;HDAC9;NCOA6;PKP2;GATA4
prerank,Skin Development (GO:0043588),0.19238228241204527,0.7837824760350351,0.7360931435963778,1.0,1.0,9/15,49.77%,SLC2A10;IVL;SPRR1A;SPRR2B;SPRR2G;SPRR1B;SPRR3;S100A7;SPRR2F
prerank,Cellular Response To Lipid (GO:0071396),-0.11230498059110085,-0.7815987225596819,0.7619047619047619,0.9470141137363973,1.0,17/33,28.24%,PDCD1LG2;CD274;SFRP1;EGFR;ADAM9;MED1;ZFP36;MAP4K1;NR1D1;URI1;DEFB104A;DEFA1;DEFA5;ZNF703;AHR;IL6;RARA
prerank,Positive Regulation Of Protein Metabolic Process (GO:0051247),0.16259942041854064,0.7811083251379078,0.75,1.0,1.0,11/23,39.52%,YTHDF3;EIF3E;EIF4G1;VPS28;EIF6;AGO2;PLD1;TIPARP;AGTR1;OAZ3;PCIF1
prerank,Mitochondrial Gene Expression (GO:0140053),0.1926544627452402,0.7807525748163205,0.7315175097276264,1.0,1.0,8/14,45.78%,MRPL13;MRPL51;DAP3;MRPL47;MRPL9;TFB2M;MRPS21;MRPS28
prerank,Extrinsic Apoptotic Signaling Pathway (GO:0097191),0.20882809838761784,0.7804427810471987,0.7357237715803453,1.0,1.0,7/12,54.42%,IL6R;CD27;DDX47;BCL2L1;IL12A;MLLT11;MCL1
prerank,mRNA Transport (GO:0051028),-0.20149950601565214,-0.7799549804409954,0.76171875,0.9434689621362485,1.0,9/10,67.66%,CASC3;ZFP36;NUP107;RAE1;MAGOHB;CHTOP;SMG5;NCBP2;RBM8A
prerank,Regulation Of Programmed Cell Death (GO:0043067),-0.12606855175075427,-0.7798838985970811,0.7654320987654321,0.9373156157929113,1.0,18/24,53.53%,ACER3;BIRC2;BIRC3;ACTN4;PEPD;TRRAP;IKZF3;PTPN6;USP17L2;BIRC7;ANP32E;ACTN2;MECOM;CTSB;NTF3;TM7SF3;MRGBP;SKP2
prerank,Plasma Membrane Bounded Cell Projection Organization (GO:0120036),0.16802139075704398,0.7788425191415852,0.7549751243781094,1.0,1.0,17/20,72.06%,STMN3;IQCG;VPS13B;LRP12;SNAPIN;STMN2;ODF1;BTG2;RAB13;UHMK1;RAB25;GDNF;KIFAP3;LYN;NLGN1;CNTNAP2;IL6
prerank,Positive Regulation Of Epithelial Cell Proliferation (GO:0050679),0.1767415393384095,0.7776435243457172,0.7584480600750939,1.0,1.0,15/18,76.05%,NOTCH2;CLDN1;SRSF6;PPP1R16B;AKT3;OSR2;MYC;ARNT;ECM1;PDCD6;CRNN;ERBB2;FGF10;SEMA5A;ZNF703
prerank,Regulation Of Peptidyl-Serine Phosphorylation (GO:0033135),0.17900394456537358,0.7742216671389083,0.7420584498094028,1.0,1.0,5/17,20.96%,EIF4G1;PFN2;HAX1;ATP2B4;RIPK2
prerank,Cellular Response To Organic Substance (GO:0071310),0.20417465032709403,0.773070723085543,0.7486263736263736,1.0,1.0,12/13,73.79%,NCOA2;HAX1;CYP11B2;NCOA3;TIPARP;FOXH1;MME;ZNF16;GNRHR2;CRNN;GHR;CYP11B1
prerank,Positive Regulation Of Apoptotic Signaling Pathway (GO:2001235),0.21763723476770355,0.7727933743711296,0.7664835164835165,1.0,1.0,5/10,39.22%,LTBR;S100A9;PAK2;TNFSF10;CTSK
prerank,Positive Regulation Of Peptidyl-Serine Phosphorylation (GO:0033138),0.17513673275126818,0.7713245707780271,0.7484116899618806,1.0,1.0,5/18,20.96%,EIF4G1;PFN2;HAX1;ATP2B4;RIPK2
prerank,Positive Regulation Of Leukocyte Mediated Cytotoxicity (GO:0001912),0.22472672146747058,0.7706927235218721,0.7435897435897436,1.0,1.0,4/10,25.85%,KLRC2;KLRK1;KLRD1;SLAMF6
prerank,Ras Protein Signal Transduction (GO:0007265),-0.1676738364962459,-0.7698011643445057,0.7665198237885462,0.9484264673774861,1.0,6/14,13.61%,RAP1B;RASGRP4;RAPGEFL1;EPS8;CDKN2A;RAPGEF5
prerank,Positive Regulation Of Cysteine-Type Endopeptidase Activity (GO:2001056),0.20697686249022007,0.7657278723313403,0.7489711934156379,1.0,1.0,9/12,61.18%,GRIN2B;CLEC7A;RIPK2;TNFSF10;IFI16;AIM2;MYC;PDCD6;ASPH
prerank,Cytosolic Transport (GO:0016482),0.22305326568695494,0.765644564716223,0.7664835164835165,1.0,1.0,2/10,6.42%,SYS1;RCSD1
prerank,Defense Response To Virus (GO:0051607),0.1593521268584596,0.7630863475763413,0.7497034400948992,1.0,1.0,13/23,49.60%,SERINC3;RTP4;AICDA;ZNFX1;UBE2W;PHB2;CD40;OPRK1;EXOSC4;BCL2L1;IFI16;SKP2;AIM2
prerank,Negative Regulation Of Protein Catabolic Process (GO:0042177),0.21646757309057874,0.7613693461926958,0.7824267782426778,1.0,1.0,5/10,42.12%,PHF20L1;MDM4;FMN2;LAMP3;AZIN1
prerank,Regulation Of Cell Differentiation (GO:0045595),0.14528326675419068,0.7591533048100809,0.7794811320754716,1.0,1.0,23/29,71.96%,EDN3;RORC;HEY1;PTHLH;OR10J5;TRPS1;PTK2;GNB3;ACTL6A;GATAD2B;BRD9;CEBPB;TCFL5;SNAI2;GDNF;CEBPD;NTF3;DPF1;FGFR1;NANOG;CHD4;NLGN1;NSUN2
prerank,Extracellular Matrix Organization (GO:0030198),0.15019499384527332,0.7564174659697137,0.7705677867902665,1.0,1.0,10/27,30.74%,MMP9;MMP16;OTOL1;NID1;COL14A1;MMP24;COL22A1;MATN4;COL9A3;MATN2
prerank,Phosphatidylinositol-Mediated Signaling (GO:0048015),0.18800404707294038,0.7552327966906703,0.772972972972973,1.0,1.0,7/14,42.45%,PLCH1;PIK3C2B;PIK3CA;FCGR3A;PLCG1;PIK3C2G;PI4KB
prerank,Positive Regulation Of Protein Modification Process (GO:0031401),0.132217285275465,0.7515163324494231,0.7651083238312428,1.0,1.0,25/37,66.13%,ANGPT1;THPO;MMP9;DVL3;NOS1AP;ADIPOQ;EFNA1;PTK2;PPP1R16B;RB1CC1;P2RY1;CD40;FXR1;FGF6;TFRC;CD4;ITLN1;FGF23;ALG10B;KRAS;DAB2;FGF4;TNIK;LYN;ERBB2
prerank,Regulation Of Protein Catabolic Process (GO:0042176),0.17125272538198655,0.7513302118895413,0.7752234993614304,1.0,1.0,9/18,42.12%,PHF20L1;VPS28;MDM4;FAM83D;FMN2;TIPARP;OAZ3;EEF1A2;AZIN1
prerank,DNA Metabolic Process (GO:0006259),0.14474592668988892,0.7512102083570443,0.7769953051643192,1.0,1.0,18/28,58.35%,TERF1;RAD52;TOP1MT;RFC4;RAD51AP1;TOP1;ACTL6A;PTMS;CHRNA4;BTG2;UBE2V2;RTEL1;RECQL4;HLTF;INTS3;RAD21;ACTR5;MCM4
prerank,Recombinational Repair (GO:0000725),0.18813494772426462,0.7506451298477652,0.7809647979139505,1.0,1.0,12/14,69.96%,RAD52;RAD51AP1;RAD54B;NSMCE2;RHNO1;RECQL4;SPIDR;INTS3;ZMYND8;TONSL;CHD4;NBN
prerank,Response To Tumor Necrosis Factor (GO:0034612),-0.15479772651287194,-0.7501732090274217,0.7685589519650655,0.9749381797024069,1.0,15/15,84.63%,JAK2;SFRP1;ADAM9;ZFP36;IKBKB;NR1D1;BAG4;OCSTAMP;ADAMTS12;HAS2;ARHGEF2;CD40;YBX3;ADIPOQ;DCSTAMP
prerank,Epithelium Development (GO:0060429),-0.17613814405042,-0.7490450128952588,0.8307692307692308,0.97024332117927,1.0,10/12,59.81%,JAK2;CPT1A;MANSC4;KRIT1;FGF10;CTSB;SOX17;SNAI2;TAGLN2;PDCD10
prerank,Negative Regulation Of Protein Metabolic Process (GO:0051248),0.14621455648727205,0.748534587585225,0.7851140456182473,1.0,1.0,14/28,44.94%,MRPL13;GAPDH;IGF2BP2;PHF20L1;KNG1;MDM4;DHX36;FMN2;APCS;IAPP;PCIF1;BTG2;AZIN1;FXR1
prerank,Positive Regulation Of Epithelial Cell Migration (GO:0010634),0.1979887347277678,0.745903205168084,0.7631224764468372,1.0,1.0,2/12,4.03%,ANGPT1;MMP9
prerank,Negative Regulation Of Immune Response (GO:0050777),0.21661205361639657,0.7458224691994972,0.8082758620689655,1.0,1.0,6/10,44.51%,FCGR2B;YWHAZ;FCRLB;PLCG1;HCK;IFI16
prerank,Protein Localization (GO:0008104),0.12426733436033145,0.745373028810449,0.7968923418423973,1.0,1.0,34/44,72.59%,ANGPT1;SNX31;TSNARE1;SNX27;RTP2;AKAP3;ARL14;RTP1;RTP4;MAPRE1;RAB22A;TM9SF4;PEX5;DNAJC19;PEX5L;ODF1;STX16;FAM91A1;ARHGEF2;ARFRP1;VANGL2;COPA;ID1;CEP250;PDCD6;LAMTOR2;GPIHBP1;ARL5C;CTSA;NIPBL;VPS45;FGF10;ANO1;SMURF1
prerank,Transmembrane Receptor Protein Serine/Threonine Kinase Signaling Pathway (GO:0007178),0.1908599626365324,0.7430961422542983,0.8079470198675497,1.0,1.0,9/13,57.29%,GDF6;PTK2;GDF3;NRROS;BMP7;FOXH1;SRC;ID1;FNTA
prerank,Positive Regulation Of Cellular Component Organization (GO:0051130),0.20492138956316353,0.7418729523444882,0.7891156462585034,1.0,1.0,2/11,5.22%,ASAP1;CLEC7A
prerank,Double-Strand Break Repair Via Homologous Recombination (GO:0000724),0.16829472092196113,0.7408743908889337,0.7975308641975308,1.0,1.0,15/18,69.96%,RAD52;RAD51AP1;MCMDC2;RAD54B;NSMCE2;RECQL4;SPIDR;INTS3;RAD21;ZMYND8;MCM4;TONSL;NIPBL;CHD4;NBN
prerank,Regulation Of Protein Kinase B Signaling (GO:0051896),-0.1141986083102428,-0.7385767612240342,0.8208955223880597,0.9800856022074288,1.0,19/27,50.47%,EGFR;CALCR;MFHAS1;IL26;GAS6;F7;F10;CSF3;CPNE1;MYOC;GATA4;RICTOR;SEMA5A;FGFR1;PDCD6;CASS4;SRC;P2RY12;AIM2
prerank,Negative Regulation Of MAPK Cascade (GO:0043409),0.18762126229332277,0.7381545453452065,0.7971758664955071,1.0,1.0,11/14,64.94%,DLG1;LAX1;ADIPOQ;PSCA;BMP7;SPRED3;LMO3;MYC;DUSP16;DUSP26;LYN
prerank,Regulation Of Cytokine Production (GO:0001817),0.1485503066278478,0.7313485507806999,0.7834928229665071,1.0,1.0,5/25,11.24%,CLEC6A;GAPDH;KLRF2;IGF2BP2;FCGR2B
prerank,Protein Transport (GO:0015031),-0.09823609716341836,-0.7312206022043433,0.8778625954198473,0.9847222233722818,1.0,29/34,71.66%,GOLGA7;RAB20;KIF3B;TXNIP;ROMO1;REP15;SNX13;CTTN;VMP1;TIMM50;VPS45;NECAB3;CTSA;ARL5C;GPIHBP1;PDCD6;COPA;TFRC;ARFRP1;ARHGEF2;FAM91A1;GOLPH3;RAB13;STX16;GSDMD;SCAMP3;DNAJC19;GOLPH3L;RAB22A
prerank,Positive Regulation Of Protein Kinase Activity (GO:0045860),0.17178381907171944,0.7309685605602559,0.8184049079754602,1.0,1.0,11/17,60.28%,IL6R;EFNA1;JTB;PTK2;PDCD10;FCGR1A;CD4;DDR2;SRC;CASS4;TPX2
prerank,Positive Regulation Of Intracellular Signal Transduction (GO:1902533),0.10117240998499373,0.7284219835037418,0.8432601880877743,1.0,1.0,51/86,59.98%,ANGPT1;CLEC6A;THPO;GAPDH;CLEC7A;LTBR;NOS1AP;HAX1;TGM2;TSPYL5;ART4;S100A9;S100A13;SHC1;VWF;CD27;RIPK2;ADIPOQ;MTDH;PTK2;PIK3CA;DHX36;DOK5;UBE2V1;SOX2;RNF13;BMP7;SHARPIN;PHB2;S100A12;TNFSF10;CD40;IAPP;S100A4;GOLPH3;RPS20;PTP4A3;SCHIP1;TFRC;CD4;P2RY12;DDR2;S100A8;MOS;SRC;ECM1;GOLT1B;EEF1D;DAB2;CASS4;LAMTOR2
prerank,Positive Regulation Of Natural Killer Cell Mediated Immunity (GO:0002717),0.2130434505583407,0.7267778700759362,0.8073136427566807,1.0,1.0,7/10,54.82%,KLRC2;KLRK1;KLRD1;SLAMF6;SH2D1B;IL12A;KLRC3
prerank,Regulation Of Cell Cycle Process (GO:0010564),0.1780462531169241,0.7241095949117227,0.81375,1.0,1.0,11/15,65.44%,AURKA;AICDA;L3MBTL1;RPRD1B;ACTL6A;BCL2L1;AHCTF1;MYC;CEP250;DPF1;FBXO43
prerank,Cellular Response To Organonitrogen Compound (GO:0071417),-0.15974967463276196,-0.7239861078301887,0.867579908675799,0.9891177408183338,1.0,11/13,64.40%,SFRP1;RAP1B;AKAP9;AHR;PDE3A;LAMTOR2;HCN1;P2RY12;GOLPH3;HCN3;P2RY1
prerank,Organic Substance Transport (GO:0071702),-0.13704849067439195,-0.7197252503978487,0.875,0.9886538846494533,1.0,9/17,28.31%,NRG1;SLCO1B1;AQP11;TXNIP;SLC6A3;CLN8;CYP27B1;RYR1;RYR2
prerank,Positive Regulation Of Inflammatory Response (GO:0050729),0.1901178304274787,0.7190209373508392,0.7916666666666666,1.0,1.0,11/12,79.71%,EHHADH;S100A9;AGTR1;S100A12;GSDMD;AIM2;S100A8;OSMR;IL6;TNFRSF1A;PTGER4
prerank,Positive Regulation Of Cysteine-Type Endopeptidase Activity Involved In Apoptotic Process (GO:0043280),-0.17727091081572804,-0.7190141650184234,0.8362989323843416,0.9834926727066486,1.0,8/11,47.34%,JAK2;ST18;SOX7;PDCD5;PDCD6;DAP;S100A8;MYC
prerank,Golgi Organization (GO:0007030),0.1858722422704705,0.7189893468583853,0.8171206225680934,1.0,1.0,9/13,59.15%,YWHAZ;RAB2A;VPS13B;GOLPH3L;PDCD10;GOLPH3;SEC22B;VCPIP1;ATP8B2
prerank,Cellular Response To Metal Ion (GO:0071248),-0.13515769658691515,-0.7187129810889805,0.8333333333333334,0.9778715865242811,1.0,11/19,36.49%,EGFR;NEUROD2;SYT10;CPNE1;CPNE8;ECT2;CYP11B1;RYR1;NLGN1;SYT11;CDKN1B
prerank,Cellular Response To Organic Cyclic Compound (GO:0071407),-0.11813914023605623,-0.7185332601405661,0.8372093023255814,0.9719566872876932,1.0,19/23,66.33%,SFRP1;EGFR;RAP1B;MED1;URI1;AKAP9;ZNF703;AHR;PDE3A;ADCY2;HCN1;P2RY12;SPIDR;ADCY8;GOLPH3;HCN3;ATP1A2;P2RY1;TIPARP
prerank,Synapse Organization (GO:0050808),-0.16220326881208408,-0.7167863610241617,0.8365758754863813,0.9684035022741802,1.0,8/12,38.12%,PTPRD;PPFIA1;CTNND2;CACNB1;SDK1;NLGN1;SHANK2;DNM3
prerank,Protein Localization To Membrane (GO:0072657),0.1344758639698893,0.7164640145704618,0.8241500586166471,1.0,1.0,25/30,76.21%,C2CD5;DLG1;ADIPOQ;LRP6;TM9SF4;ATP1B1;NUP155;KCNB1;PDZK1P1;P2RY1;RAB13;KCNB2;S100A10;PIP5K1A;ARL5C;ACTN2;TNIK;EFR3A;NKD2;NLGN1;ANO1;SMURF1;F11R;TNFRSF1A;PKP2
prerank,Response To Insulin (GO:0032868),0.18132432364238604,0.7157013848199273,0.8202396804260985,1.0,1.0,8/14,46.34%,C2CD5;EIF6;ZBTB7B;LPIN3;PKLR;PCK1;RAB13;PRKCI
prerank,Peptidyl-Tyrosine Modification (GO:0018212),-0.15294162175181844,-0.7139320510033678,0.8471074380165289,0.9660312398887408,1.0,10/14,45.68%,PDGFRA;JAK2;EGFR;PTPN6;BLK;FGFR1;ERBB2;LYN;SRC;DDR2
prerank,Ribosome Biogenesis (GO:0042254),0.15628410323416458,0.7124988617747275,0.8194103194103194,1.0,1.0,13/20,56.15%,DCAF13;DDX27;RRS1;DDX47;RPS27;RPL35A;HEATR1;EXOSC4;FBL;RPL7;RPS16;EMG1;BOP1
prerank,Negative Regulation Of Cell Motility (GO:2000146),0.1758785980930279,0.7120054473956249,0.80970625798212,1.0,1.0,10/15,57.98%,TP53INP1;SLURP1;ADIPOQ;PTPRT;RAP2B;CHRD;ARID4B;SULF1;ADAM15;ZMYND8
prerank,Axon Guidance (GO:0007411),0.15422634070725505,0.7091653771971406,0.8304668304668305,1.0,1.0,20/21,81.67%,NOTCH2;CNTN2;EPHB3;LRTM2;EFNA1;PTK2;PTPRO;SEMA4A;EFNA4;KIAA1755;GDNF;PLEKHG4B;IGSF9;TRIO;EFNA3;SEMA6C;SEMA5A;ARHGEF25;NFASC;EMB
prerank,Regulation Of Epithelial To Mesenchymal Transition (GO:0010717),0.20030648613763144,0.7074488312925166,0.8281879194630872,1.0,1.0,10/11,76.25%,SNAI1;SDCBP;EFNA1;PTK2;WWTR1;SPRED3;DAB2;IL6;ZNF703;TWIST1
prerank,Actomyosin Structure Organization (GO:0031032),-0.1724727875293185,-0.70722793027343,0.8539325842696629,0.9693288279201235,1.0,10/11,70.89%,MYOM2;TCAP;MYL9;F11R;ACTN2;CASQ1;SRC;MYH7B;PDCD10;TMOD4
prerank,Mitotic Sister Chromatid Segregation (GO:0000070),0.1947822156981029,0.7070155619325563,0.8383561643835616,1.0,1.0,8/11,60.28%,DSN1;RRS1;CHMP4C;PIBF1;SMC4;NCAPD2;KIFC2;TPX2
prerank,Regulation Of Proteasomal Ubiquitin-Dependent Protein Catabolic Process (GO:0032434),0.18971275885103533,0.7059810179758796,0.8337837837837838,1.0,1.0,12/12,81.10%,PHF20L1;TRIB1;SDCBP;UBQLN4;RNF19A;EIF3H;DAB2;USP5;MDM2;NKD2;ANKIB1;SIRT2
prerank,Regulation Of Interleukin-6 Production (GO:0032675),0.17182047877754697,0.7054074299081909,0.815,1.0,1.0,5/15,25.12%,EHHADH;CLEC7A;IL6R;GHSR;BPI
prerank,Bone Development (GO:0060348),0.2036048064085448,0.703356738983368,0.8447552447552448,1.0,1.0,10/10,79.71%,TGM2;SULF2;OSR2;SULF1;BGLAP;OPTC;GNAS;RANBP3L;MYOC;PTGER4
prerank,Cytoplasmic Translation (GO:0002181),0.18049238936122522,0.702868233272953,0.8270967741935484,1.0,1.0,8/13,51.60%,EIF4A2;RPL30;RPS27;RPL35A;RPL7;RPS20;RPL8;RPS16
prerank,Negative Regulation Of Cellular Response To Growth Factor Stimulus (GO:0090288),0.20215420895608738,0.6988642955523207,0.835781041388518,1.0,1.0,7/10,59.91%,SULF2;ATP2B4;GDF3;CHRD;SULF1;SKIL;PDCD6
prerank,Regulation Of NIK/NF-kappaB Signaling (GO:1901222),0.19016251259449568,0.6968401444211254,0.8466666666666667,1.0,1.0,5/11,34.93%,DLG1;CD27;BMP7;PHB2;PYDC2
prerank,Defense Response To Gram-positive Bacterium (GO:0050830),-0.11255307921470323,-0.6953772440950168,0.9011627906976745,0.978547746306069,1.0,22/25,73.69%,DEFB4A;LYZ;ROMO1;DEFB135;DEFB103A;DEFB107A;DEFB106A;DEFB104A;DEFA1;DEFA5;IL6;CRP;DEFB118;PGLYRP3;IL12A;PGLYRP4;GSDMD;DROSHA;DEFA3;LCE3B;LCE3A;LCE3C
prerank,Positive Regulation Of Supramolecular Fiber Organization (GO:1902905),-0.16687656392688008,-0.6949729081367385,0.8415492957746479,0.9731133238590178,1.0,5/11,18.03%,PAK1;BAIAP2L1;MET;CSF3;CTTN
prerank,Regulation Of Macromolecule Metabolic Process (GO:0060255),0.14161348342608404,0.6940748062308184,0.8317307692307693,1.0,1.0,18/25,68.10%,IGF2BP2;EDN3;ZFP64;PTHLH;YBX3;SOX2;GNB3;ATP1B1;CHD7;CHD6;ZNF335;MTMR9;MYC;GDNF;CRNN;IGF2BP3;MDM2;NANOG
prerank,Regulation Of Signal Transduction By P53 Class Mediator (GO:1901796),0.18434957834316423,0.69146901334932,0.8461538461538461,1.0,1.0,4/12,22.95%,NOP2;AURKA;RRS1;TP53RK
prerank,Neuron Projection Guidance (GO:0097485),0.1526518827550858,0.6896922335452934,0.8491271820448878,1.0,1.0,19/20,81.67%,NOTCH2;CNTN2;EPHB3;LRTM2;EFNA1;PTK2;PTPRO;SEMA4A;EFNA4;KIAA1755;PLEKHG4B;IGSF9;TRIO;EFNA3;SEMA6C;SEMA5A;ARHGEF25;NFASC;EMB
prerank,Positive Regulation Of Cell Differentiation (GO:0045597),0.11705593526441929,0.6876029528512967,0.8464088397790055,1.0,1.0,37/42,82.34%,EDN3;GDF6;IL6R;SNAI1;NID1;SDCBP;TMEM64;PTK2;DHX36;GDF3;ACTL6A;BMP7;AGTR1;WWTR1;CEBPB;ARHGEF2;ADIG;ZHX3;TP63;LMO3;GDNF;DDR2;SUCO;DAB2;CREBL2;SOX5;DPF1;GATA5;FGFR1;IL6;ECT2;ZNF703;TWIST1;RANBP3L;GDF5;CPNE1;CSF3
prerank,Positive Regulation Of Growth (GO:0045927),0.18662374241459412,0.6874073617521326,0.8429752066115702,1.0,1.0,3/12,17.90%,EIF4G1;S100A9;SDCBP
prerank,Negative Regulation Of Hydrolase Activity (GO:0051346),-0.17443256650858463,-0.6862621859862472,0.8650793650793651,0.9778640707038436,1.0,8/10,57.19%,BCAS3;URI1;USP17L2;CTSB;ECM1;ARFGEF1;WNK1;APOA2
prerank,Negative Regulation Of Protein Serine/Threonine Kinase Activity (GO:0071901),0.19315479147876333,0.6850079951434654,0.8678720445062587,1.0,1.0,5/11,33.20%,PKIA;LAX1;ADIPOQ;LRP6;BMP7
prerank,Regulation Of Monoatomic Ion Transmembrane Transporter Activity (GO:0032412),0.18333813505494595,0.6845566029858576,0.8571428571428571,1.0,1.0,5/12,34.13%,CRH;FXYD7;CHRM3;FGF12;PHB2
prerank,Regulation Of Neuron Differentiation (GO:0045664),-0.15458373406632517,-0.6818029226272692,0.8918918918918919,0.9773068284459394,1.0,12/13,74.82%,MED1;NEUROD2;CPNE1;CDK5RAP1;ECT2;NLGN1;FGFR1;NTF3;ARHGEF2;BMP7;SOX2;HES1
prerank,Positive Regulation Of Macromolecule Biosynthetic Process (GO:0010557),-0.11749940797967062,-0.6808456294537727,0.8917525773195877,0.9724454027660128,1.0,9/21,17.13%,JAK2;IFNG;SOX4;DYRK2;IRS2;IFNL1;RPS6KB1;PRKDC;YTHDF1
prerank,Positive Regulation Of Tyrosine Phosphorylation Of STAT Protein (GO:0042531),0.17240604346920096,0.6794114707616631,0.8610729023383769,1.0,1.0,10/13,74.18%,IL6R;PTK6;HES1;CD40;PIBF1;IL12A;LYN;GHR;IL6;TNFRSF1A
prerank,Regulation Of Tyrosine Phosphorylation Of STAT Protein (GO:0042509),0.17240604346920096,0.6794114707616631,0.8610729023383769,1.0,1.0,10/13,74.18%,IL6R;PTK6;HES1;CD40;PIBF1;IL12A;LYN;GHR;IL6;TNFRSF1A
prerank,Negative Regulation Of Transforming Growth Factor Beta Receptor Signaling Pathway (GO:0030512),-0.15252317203257681,-0.6792363359028176,0.8879668049792531,0.9686476248859627,1.0,11/12,72.69%,CAPN5;ING1;HTRA4;STRAP;EID2;SMURF1;SPRED3;ARID4B;PMEPA1;VEPH1;NRROS
prerank,Transmembrane Receptor Protein Tyrosine Kinase Signaling Pathway (GO:0007169),0.10683554052658856,0.6756290468758374,0.8503850385038504,1.0,1.0,16/54,27.35%,ANGPT1;MMP9;SAMD12;PTK6;ART4;EPHB3;SAMD10;SULF2;SHC1;PAK2;EFNA1;PTK2;MPZL1;SRMS;PIK3CA;DOK5
prerank,Cell-Cell Adhesion Via Plasma-Membrane Adhesion Molecules (GO:0098742),0.13062734217270472,0.6742605891184489,0.8607142857142858,1.0,1.0,25/28,81.67%,CDH22;CLDN1;CNTN2;MMP24;SLITRK3;CLDN16;CADM3;PTPRT;CLDN11;CDH10;CDH12;CD84;IGSF9;CDH17;MPZ;CDH26;GATA5;NLGN1;CDH4;LGALS7;CDH18;CDH6;CDH9;SDK1;EMB
prerank,Regulation Of Cell Population Proliferation (GO:0042127),-0.05166077740222569,-0.6735186409663696,1.0,0.9696825106817119,1.0,110/115,89.02%,PDGFRA;ACER3;JAK2;IFNG;YAP1;BIRC2;PAK1;GAB2;CDK4;SFRP1;CDKN2B;EGFR;NRG1;TSPAN31;FGF19;GPNMB;SOX4;ING1;AQP11;CDC6;CCND2;ASH2L;FGF3;PINX1;ROMO1;ST18;CDKN2A;IRS2;IFNL1;NCCRP1;CDK6;PTPN6;SQLE;PRKDC;CDCA7L;EID2;CSF3;CYP27B1;SOX7;USP17L2;LIFR;BIRC7;PDCD5;FOXM1;ZNF703;MAPK15;AKT2;IL6;RARA;NPR3;MDM2;GML;OSMR;FGFR1;ERBB2;SHANK2;LYN;FGF4;RNF139;CDKN1B;SLAMF1;ZNF16;HAS2;BNIPL;MYO16;KRAS;ING4;NTF3;GDNF;MYC;FGF23;TFRC;TCFL5;FGF6;SGK3;RAB25;ARHGEF2;TFAP2C;HCK;BRD9;WWTR1;S100A11;PDCD10;BTG2;AGTR1;IL7R;ACTL6A;OSR2;RPRD1B;BCL6;RB1CC1;HES1;PTK2;MDM4;HNF4A;RERG;GHRH;SHC1;SDCBP;KLF10;S100A13;GID8;PTHLH;TSPYL5;NOP2;IL6R;IL7;SLURP1;TP53INP1;SST
prerank,Regulation Of Interleukin-8 Production (GO:0032677),0.19726337830034088,0.6719603536507422,0.8781869688385269,1.0,1.0,2/10,5.22%,EHHADH;CLEC7A
prerank,Epigenetic Regulation Of Gene Expression (GO:0040029),0.17963963061183802,0.6716902802997003,0.8801597869507324,1.0,1.0,8/12,54.62%,CTCFL;RNF168;VPS72;TFAP2C;IFI16;ZNF335;RBBP5;SDR16C5
prerank,Positive Regulation Of Double-Strand Break Repair (GO:2000781),0.17236764990083875,0.6714967383830973,0.8729139922978177,1.0,1.0,8/13,51.10%,RAD51AP1;VPS72;FMN2;YEATS4;ACTL6A;UBE2V2;MRGBP;SPIDR
prerank,Positive Regulation Of ERK1 And ERK2 Cascade (GO:0070374),0.14095595004877132,0.6710032875311214,0.8605769230769231,1.0,1.0,3/23,5.49%,ANGPT1;THPO;NOTCH2
prerank,Second-Messenger-Mediated Signaling (GO:0019932),0.1827288776632101,0.6698715225873166,0.8589562764456982,1.0,1.0,7/11,52.93%,EDN3;CHRM3;FCGR3A;AGTR1;PLCG1;NCALD;P2RY12
prerank,Glucose Homeostasis (GO:0042593),0.16860246497579934,0.6697940513781697,0.8821138211382114,1.0,1.0,12/14,73.79%,CRTC2;ADIPOQ;HNF4A;ADIPOR2;KCNB1;PCK1;ADCY8;PRKAA1;SLC30A8;USF1;IL6;CYP11B1
prerank,Positive Regulation Of Macromolecule Metabolic Process (GO:0010604),0.10844332381154527,0.6672242668215235,0.8677595628415301,1.0,1.0,8/48,11.48%,ANGPT1;SLC2A10;EIF4G1;CTCFL;CLEC7A;NOS1AP;UBR5;DNMT3B
prerank,Regulation Of Cell Growth (GO:0001558),0.11603126719722633,0.6671191196670303,0.8687214611872146,1.0,1.0,24/39,59.98%,EIF4G1;SGK2;TP53TG5;DCSTAMP;S100A9;SDCBP;RERG;HNF4A;NDRG3;BCL6;NPR1;AGTR1;OSGIN2;EXOSC4;EBAG9;SGK3;TFRC;S100A8;ADAM15;OGFR;ING4;SOX17;ITCH;LAMTOR2
prerank,Positive Regulation Of MAPK Cascade (GO:0043410),-0.08813339456766942,-0.664085136128916,0.9807692307692307,0.974572204141108,1.0,34/41,68.36%,PDGFRA;EGFR;NRG1;CALCR;MFHAS1;ADAM9;IL26;FGF19;GPNMB;ZNF622;GAS6;MAP4K1;ADRB3;GATA4;IL6;GHR;FGF10;FGFR1;ERBB2;FGF4;SLAMF1;NTF3;MOS;DDR2;CD4;S100A7;DSTYK;PDCD10;IAPP;CD40;P2RY1;S100A12;PHB2;SOX2
prerank,Positive Regulation Of Cold-Induced Thermogenesis (GO:0120162),-0.131438127090301,-0.6630438505140063,0.9255813953488372,0.9700777223466223,1.0,16/16,86.96%,JAK2;PRKAB2;THRA;LGALS13;ADRB3;FABP4;GNAS;MUC1;PRLR;CEBPB;FABP5;HSF1;ZBTB7B;ADIPOR2;ADIPOQ;DECR1
prerank,Regulation Of Canonical Wnt Signaling Pathway (GO:0060828),-0.09784801613987895,-0.6613671241850808,0.9370629370629371,0.9662540334600429,1.0,32/32,90.35%,SFRP1;EGFR;SOX4;LGR5;CTNND2;MRPS12;TNKS;DKK4;SOX7;STK4;CAPRIN2;CDK14;ZNF703;SEMA5A;FGF10;NKD2;DAB2;SOX17;SNAI2;WNK1;WWTR1;SIAH2;SOX13;SOX2;PTPRO;JRK;TMEM64;FZD6;GID8;TBL1XR1;STK3;UBR5
prerank,Negative Regulation Of Macromolecule Metabolic Process (GO:0010605),0.14425561504148066,0.6593207287885726,0.8739290085679314,1.0,1.0,14/20,69.56%,SLC2A10;NOTCH2;SETDB1;AURKA;ATP2B4;TIPARP;PDCD10;PRKAA1;SUB1;PARP10;ITGB8;GATA5;RBL1;CHD4
prerank,Defense Response To Symbiont (GO:0140546),0.14617406090442886,0.6577010269666902,0.8808933002481389,1.0,1.0,11/20,49.60%,SERINC3;RTP4;AICDA;ZNFX1;CD40;OPRK1;EXOSC4;BCL2L1;IFI16;SKP2;AIM2
prerank,Proteasome-Mediated Ubiquitin-Dependent Protein Catabolic Process (GO:0043161),0.111600637186271,0.6558644232939213,0.8785151856017998,1.0,1.0,16/41,37.36%,UBXN7;UBE2C;DERL1;PSMD2;PSMA7;TBL1XR1;GID8;WWP1;TMEM67;UBE2W;FBXO45;PSMB4;FBXO17;SHARPIN;SIAH2;AMN1
prerank,Positive Regulation Of Immune Response (GO:0050778),-0.15725675449609716,-0.6543962058723573,0.9060150375939849,0.9673874633560512,1.0,5/11,12.97%,IFNG;NRG1;FADD;C9;IFNL1
prerank,Positive Regulation Of Transcription By RNA Polymerase II (GO:0045944),0.08381691782182807,0.6526737453757419,0.9159067882472138,1.0,1.0,86/127,68.20%,PEX2;NHLH1;MED30;ATAD2;NCOA2;CTCFL;BHLHE22;HNF4G;DVL3;SOX18;GRHL2;ABRA;HAX1;HEY1;CRTC2;ETV5;TBL1XR1;KLF10;LMX1A;COPS5;RIPK2;HNF4A;DCAF6;LRP6;HES1;NCOA3;DHX36;TAF4;AGO2;SOX2;RPRD1B;ZBTB18;ZFPM2;OSR2;MED21;PBX1;HSF1;LPIN3;CD40;RFX5;PRRX1;NCBP2;FOXJ2;PTMS;TCEA1;FOXH1;WWTR1;CHD6;TOX2;BCL9;TFAP2C;CEBPB;IFI16;BHLHE23;ARHGEF2;MED12L;PLAG1;E2F1;MED29;HNRNPU;SS18L1;TP63;LMO3;MYC;HLTF;GDNF;ARNT;POU2F1;TAF2;SOX17;ZMYND8;MYBL2;S100A10;DAB2;MYBL1;USF1;GAL;ATF6;MUC1;RXRG;GATA5;ASXL1;CHCHD2;CREB3L4;NANOG;PRPF6
prerank,Negative Regulation Of Developmental Process (GO:0051093),0.18091400479133732,0.6524811583633353,0.8909574468085106,1.0,1.0,6/11,50.27%,HEY1;ZNF706;ACTL6A;BRD9;TFRC;ARID4B
prerank,Negative Regulation Of Cell Adhesion (GO:0007162),0.18568616172006733,0.6519925293665692,0.8929539295392954,1.0,1.0,4/10,29.74%,ANGPT1;KNG1;PTK2;PTPRO
prerank,Modulation Of Chemical Synaptic Transmission (GO:0050804),0.1586294782126414,0.6511614932763797,0.8810457516339869,1.0,1.0,14/15,79.17%,DLGAP4;RIMS2;CLSTN3;ADIPOQ;CHRNB2;ATP1A2;FXR1;FER1L4;TRIO;DLGAP2;NLGN1;NPTX2;RIMS4;AKAP9
prerank,Positive Regulation Of Response To External Stimulus (GO:0032103),0.15035556975005046,0.6484708425946247,0.8863049095607235,1.0,1.0,10/17,55.32%,LY96;POLR3C;S100A9;AGTR1;S100A12;SH2D1B;GSDMD;AIM2;P2RY12;S100A8
prerank,Protein Autophosphorylation (GO:0046777),0.12544483320971478,0.6477510960717887,0.8921800947867299,1.0,1.0,9/29,28.48%,MAP3K13;PTK6;CLK2;AURKA;EPHB3;PAK2;PTK2;SRMS;RB1CC1
prerank,Regulation Of Tumor Necrosis Factor Production (GO:0032680),0.1368974521106373,0.6464466167891063,0.9014598540145985,1.0,1.0,3/22,5.22%,LY96;EHHADH;CLEC7A
prerank,Endocytosis (GO:0006897),-0.11854928654543942,-0.6452756751694846,0.8923076923076924,0.9703252303822163,1.0,12/19,44.64%,GAS6;AP3M2;MET;ADRB3;CTTN;RINL;M6PR;ATP6V1H;DNM3;PIP5K1A;DAB2;CLEC9A
prerank,Mitochondrial Translation (GO:0032543),0.15618160657119104,0.6425233396346823,0.8865435356200527,1.0,1.0,8/15,45.78%,MRPL13;MRPL51;DAP3;MRPL47;MRPL9;DROSHA;MRPS21;MRPS28
prerank,Positive Regulation Of Developmental Process (GO:0051094),0.12017797908212291,0.6418384765376676,0.8908246225319396,1.0,1.0,18/30,56.12%,NCOA2;TMEM79;DVL3;EDN3;MAP3K13;AURKA;NCOA3;AGO2;B4GALT5;ACTL6A;BMP7;BRD9;CEBPB;PRKAA1;TFRC;ARID4B;GDNF;SRC
prerank,Regulation Of Cytoskeleton Organization (GO:0051493),-0.12642140468227425,-0.6415456392919515,0.9553571428571429,0.967987625828322,1.0,16/16,87.46%,PAK1;NRG1;TPPP;BAIAP2L1;BICD1;RICTOR;F11R;PFDN2;S100A8;PRKAA1;HCK;MAP6D1;PTK2;PAK2;S100A9;STMN3
prerank,Negative Regulation Of Apoptotic Process (GO:0043066),0.09413467755799534,0.6396836869402474,0.89798087141339,1.0,1.0,39/67,59.38%,ANGPT1;OPA1;MMP9;NOTCH2;HAX1;IL7;YWHAZ;SHC1;PAK2;COPS5;CD27;MTDH;TNFRSF6B;PTK2;PIK3CA;FMN2;LAMP3;PHB2;SIAH2;PTMS;BCL2L1;PDCD10;NTSR1;HCK;GOLPH3;DSTYK;PRKCI;PRKAA1;TFRC;SNAI2;MYC;GDNF;MCL1;NTF3;SRC;ITCH;NUAK2;DAB2;VSTM2L
prerank,Phosphate-Containing Compound Metabolic Process (GO:0006796),0.14441062072195265,0.6374699555970188,0.8924455825864277,1.0,1.0,7/18,34.56%,TNK2;PAK2;PIK3CA;TOP1;DUSP12;DUSP23;OC90
prerank,Regulation Of MAPK Cascade (GO:0043408),0.11342194546044945,0.6312202713710885,0.9100346020761245,1.0,1.0,25/33,72.06%,THPO;STK3;ART4;YWHAZ;SHC1;PAK2;SLA;FAM83D;DOK5;REN;SOX2;PHB2;IAPP;CD4;SPRED3;DUSP16;MOS;DUSP26;TNIK;LYN;ERBB2;FGFR1;PAK4;FGF10;IL6
prerank,Cellular Response To Salt (GO:1902075),0.1348833399557985,0.6308556300011747,0.8995037220843672,1.0,1.0,18/21,76.15%,TGM2;LCE1D;CYP11B2;ATP2B4;HSF1;P2RY1;CPNE3;ADCY8;PRKAA1;P2RY12;ZNF16;CDKN1B;SYT11;NLGN1;RYR1;CYP11B1;ECT2;CPNE8
prerank,Positive Regulation Of Wnt Signaling Pathway (GO:0030177),-0.11503950037912072,-0.6263473243621273,0.9425837320574163,0.975185011316983,1.0,10/19,30.14%,SFRP1;EGFR;SOX4;LGR5;MRPS12;TNKS;TERT;CAPRIN2;SEMA5A;FGF10
prerank,Regulation Of Protein Phosphorylation (GO:0001932),-0.07925647495286137,-0.6258439250362772,0.957983193277311,0.9700779280410871,1.0,37/41,78.94%,PAK1;CCND1;EGFR;NRG1;FGF19;GPNMB;CCND2;GAS6;FGF3;PPP1R15B;PRKDC;STK4;ECT2;AKT2;FGF10;ROPN1L;ERBB2;LYN;TNIK;FGF4;DAB2;KRAS;FGF23;ITLN1;CD4;TFRC;FGF6;FXR1;WWTR1;CD40;P2RY1;BMP7;RB1CC1;PTK2;EFNA1;LRP6;ADIPOQ
prerank,Regulation Of MAP Kinase Activity (GO:0043405),0.14063805829236037,0.6199228865483644,0.9245524296675192,1.0,1.0,8/18,40.25%,EDN3;TRIB1;LAX1;ADIPOQ;BMP7;S100A12;CD40;PDCD10
prerank,Positive Regulation Of Protein Serine/Threonine Kinase Activity (GO:0071902),-0.12114928455883782,-0.619816028685489,0.9454545454545454,0.9691353819942524,1.0,16/17,79.61%,IFNG;CCND1;EGFR;ADAM9;CCND2;HMGA2;GHR;FGFR1;ERBB2;SRC;NTF3;PDCD10;CD40;S100A12;ADIPOQ;ATP2B4
prerank,Regulation Of Organelle Organization (GO:0033043),-0.1263791374122367,-0.6185072541524455,0.9166666666666666,0.964800886827737,1.0,15/15,87.46%,DNM1L;PARL;AKAP9;MAPK15;F11R;SYT11;PDE4DIP;ACTR5;S100A8;GOLPH3;PDCD10;PTK2;PAK2;S100A9;STMN3
prerank,mRNA Transcription (GO:0009299),0.177358359243672,0.6160092505603498,0.9153952843273232,1.0,1.0,7/10,59.21%,NCOA2;TAF4;HSF1;NCBP2;HLTF;TAF2;S100A10
prerank,Positive Regulation Of Cell Cycle (GO:0045787),-0.14803696616346496,-0.6106971659284236,0.9428571428571428,0.964898210715493,1.0,7/11,37.62%,CCND1;EGFR;CCND2;RPS6KB1;RARA;MDM2;EIF4EBP1
prerank,Response To Cytokine (GO:0034097),0.13666708409581474,0.6060022382982296,0.9278481012658227,1.0,1.0,13/19,66.87%,ADAR;HAX1;IL6R;ADIPOQ;LAMP3;CD40;FOXH1;BCL2L1;MME;MCL1;SRC;CRNN;OSMR
prerank,Cellular Response To Oxygen-Containing Compound (GO:1901701),0.09444190576152994,0.6056366802202688,0.9362162162162162,1.0,1.0,13/57,20.46%,PEX2;LY96;ZFAND1;DEFB124;MMP9;EHHADH;RORC;TGM2;PTK6;FAM210B;LCE1D;CYP11B2;ATP2B4
prerank,Inflammatory Response (GO:0006954),0.11925849269914561,0.6002206106323489,0.9159763313609467,1.0,1.0,20/26,74.18%,CRH;FCGR2B;S100A9;RIPK2;MMP24;NRROS;AGTR1;CD40;CEBPB;ADCY8;S100A8;ITCH;OLR1;CRP;KLRG1;C3AR1;IL6;F11R;HDAC9;TNFRSF1A
prerank,Regulation Of Response To External Stimulus (GO:0032101),0.14535169112000584,0.5997603171140805,0.9201520912547528,1.0,1.0,9/15,67.07%,FCGR2B;AHSG;BCL6;AGTR1;SPATA2;HCK;P2RY12;ADAMTS12;GRK1
prerank,Organelle Organization (GO:0006996),0.09688457418653185,0.5970680110262502,0.9321663019693655,1.0,1.0,22/47,46.34%,PEX2;FITM2;OPA1;YTHDF3;HAX1;PEX19;IQCG;GEM;SPTSSB;RAB2A;VPS13B;GOLPH3L;KISS1;CHMP4C;PHB2;MTX1;ODF1;PEX11B;MSTO1;ARFGEF1;GOLPH3;PRKCI
prerank,Protein Homooligomerization (GO:0051260),-0.11183367922727966,-0.595589849128356,0.9366515837104072,0.9691899427762046,1.0,14/18,61.54%,AQP11;C9;PRMT8;SAMHD1;DEFA5;FOXM1;ECT2;RYR1;OSBPL2;HCN1;ITLN1;ADCY8;TRPA1;GSDMD
prerank,Negative Regulation Of Programmed Cell Death (GO:0043069),0.09170822376110774,0.593384356675332,0.9287257019438445,1.0,1.0,35/60,59.28%,ANGPT1;OPA1;MMP9;NOTCH2;HAX1;IL7;YWHAZ;SHC1;PAK2;COPS5;CD27;MTDH;TNFRSF6B;PTK2;FMN2;PHB2;SIAH2;PTMS;BCL2L1;PDCD10;NTSR1;HCK;GOLPH3;DSTYK;PRKCI;PRKAA1;TFRC;MYC;GDNF;TM7SF3;MCL1;SRC;ITCH;NUAK2;DAB2
prerank,Regulation Of Cell Migration (GO:0030334),0.08929091509936073,0.5882046244306912,0.9418103448275862,1.0,1.0,36/62,60.41%,TBCCD1;LMNA;YTHDF3;CLEC7A;CLDN1;SST;TP53INP1;SLURP1;SNAI1;SDCBP;ADIPOQ;PTK2;LRRC15;IGSF10;PTPRT;FAM83H;SEMA4A;CPNE3;PDCD10;RAP2B;SGK3;FGF6;CHRD;ARID4B;SULF1;SNAI2;FGF23;PARD6B;WNT5B;NTF3;SRC;ADAM15;ZMYND8;DAB2;CASS4;HAS2
prerank,Positive Regulation Of MAP Kinase Activity (GO:0043406),0.14282023238181168,0.5876142821701315,0.932,1.0,1.0,3/15,12.31%,DVL3;EDN3;MAP3K13
prerank,Negative Regulation Of Cellular Process (GO:0048523),0.08720712651032134,0.5851633396985899,0.9315068493150684,1.0,1.0,22/66,33.20%,ANGPT1;LMNA;TP53TG5;SST;TP53INP1;SLURP1;PTHLH;DCSTAMP;KNG1;KLF10;RERG;HNF4A;AICDA;MDM4;NDRG3;GMNC;RB1CC1;BCL6;CHMP4C;NPR1;ACTL6A;BMP7
prerank,Negative Regulation Of DNA-templated Transcription (GO:0045892),0.0730997930391236,0.5848339037701086,0.9668674698795181,1.0,1.0,51/148,35.00%,PEX2;NCOA5;MAGEF1;SOX18;ZBTB10;RORC;DLG1;HEY1;DNMT3B;MAFB;ETV5;SNAI1;ZNF669;YWHAZ;BHLHE41;TBL1XR1;WWP1;SHOX2;ZNF217;KLF10;SDCBP;SHC1;VPS72;ADIPOQ;MTDH;HNF4A;TRPS1;MDM4;EFNA1;HES1;ZNF706;ZHX1;ETV6;ZHX2;ZNF705A;BCL6;UBE2V1;L3MBTL1;ATN1;IRF2BP2;SOX2;ZBTB18;ZFPM2;SOX13;PBXIP1;OSR2;BMP7;GATAD2B;PHB2;HSF1;ZBTB46
prerank,Positive Regulation Of Protein Kinase B Signaling (GO:0051897),0.11968537317741772,0.5841993640287553,0.94,1.0,1.0,7/24,26.45%,ANGPT1;THPO;HAX1;TSPYL5;MTDH;PTK2;PIK3CA
prerank,Neuron Differentiation (GO:0030182),-0.1158975468798333,-0.5814007471251561,0.9516908212560387,0.9718173692324258,1.0,13/17,57.09%,MYO7A;PTPRD;SOX4;TENM4;IRX2;MET;IRX4;NRBP2;ERBB2;WNT5B;IRX1;BHLHE23;WNK1
prerank,Regulation Of Rho Protein Signal Transduction (GO:0035023),0.16487478733901142,0.5805688642105203,0.9598930481283422,1.0,1.0,2/10,8.32%,ABRA;GPR20
prerank,Positive Regulation Of Protein Localization To Membrane (GO:1905477),-0.13115603777185775,-0.5795175811295756,0.9363636363636364,0.9672972764843288,1.0,8/13,33.93%,IFNG;STAC2;PDZK1;EGFR;PDCD5;AKT2;NKD2;ERBB2
prerank,Antimicrobial Humoral Immune Response Mediated By Antimicrobial Peptide (GO:0061844),0.13826058099771196,0.5793194127766114,0.9325551232166018,1.0,1.0,10/17,54.69%,GAPDH;S100A9;RPL30;S100A12;DEFA3;PGLYRP4;SEMG1;S100A7;PGLYRP3;DEFB118
prerank,Negative Regulation Of Growth (GO:0045926),0.12848381620361216,0.5737520564175415,0.9547738693467337,1.0,1.0,7/19,32.34%,TP53TG5;DCSTAMP;RERG;HNF4A;NDRG3;BCL6;NPR1
prerank,Positive Regulation Of Response To Stimulus (GO:0048584),0.14769539851942787,0.5736795915208397,0.9490806223479491,1.0,1.0,10/13,69.93%,FCGR2B;RNF168;ADIPOQ;EYA2;ACTL6A;ACTR5;C6;EYA1;C7;FGF10
prerank,Establishment Of Protein Localization To Organelle (GO:0072594),0.1442602907998704,0.569814880838553,0.9551282051282052,1.0,1.0,6/14,38.59%,STK3;PEX19;CSE1L;NUP155;PHB2;KPNA4
prerank,Regulation Of mRNA Stability (GO:0043488),0.14782611556041295,0.5629998757519871,0.9568627450980393,1.0,1.0,8/13,53.83%,YTHDF3;PABPC1;RBM38;DHX36;FXR1;E2F1;HNRNPU;GDNF
prerank,ERAD Pathway (GO:0036503),0.15767472129946158,0.5548462220060593,0.9617486338797814,1.0,1.0,7/10,64.07%,DERL1;TMEM67;FBXO17;USP13;OS9;ATF6;RNF139
prerank,Fat Cell Differentiation (GO:0045444),0.16052475355430518,0.5510560654452079,0.970310391363023,1.0,1.0,4/10,32.14%,GDF6;MAFB;ADIPOQ;ZFPM2
prerank,Adenylate Cyclase-Activating G Protein-Coupled Receptor Signaling Pathway (GO:0007189),0.15793908399600723,0.5481990794487023,0.9710344827586207,1.0,1.0,3/10,20.53%,PTHLH;MC3R;GHRH
prerank,Regulation Of Vesicle-Mediated Transport (GO:0060627),0.15105695295470917,0.5474593471838489,0.9684499314128944,1.0,1.0,9/11,71.29%,RIMS2;ATP9A;PLD1;RAB13;RAB25;SLC30A8;SRC;RNF139;DNAJC5
prerank,Regulation Of Transcription Initiation By RNA Polymerase II (GO:0060260),0.15763835416495708,0.5438649053035434,0.9662447257383966,1.0,1.0,4/10,34.07%,MED30;DHX36;TAF4;MED21
prerank,Regulation Of Nervous System Development (GO:0051960),0.15428863184875702,0.5393183775153481,0.9726618705035971,1.0,1.0,6/10,59.21%,HEY1;BHLHE41;HES1;FXR1;HLTF;S100A10
prerank,Positive Regulation Of Metabolic Process (GO:0009893),0.12292196315383302,0.5336196784293313,0.9685929648241206,1.0,1.0,8/18,44.11%,CLEC7A;DECR1;ADIPOQ;ADIPOR2;ZBTB7B;HSF1;FABP5;CEBPB
prerank,Regulation Of Protein Binding (GO:0043393),0.12541806020066892,0.5321615658421798,0.9768637532133676,1.0,1.0,16/16,87.52%,DERL1;STK3;AURKA;RIPK2;SNAPIN;SLPI;SUB1;NMD3;DAB2;DDX11;CAPRIN2;STK4;CSF3;TERT;BLK;PRMT8
prerank,Cellular Response To Hypoxia (GO:0071456),0.1396366199650908,0.5230283305227121,0.9757412398921833,1.0,1.0,11/12,82.50%,LMNA;MDM4;FMN2;BMP7;PTGIS;MYC;MDM2;NDRG1;TWIST1;SIRT2;TERT
prerank,Cellular Response To Decreased Oxygen Levels (GO:0036294),0.1396366199650908,0.5230283305227121,0.9757412398921833,1.0,1.0,11/12,82.50%,LMNA;MDM4;FMN2;BMP7;PTGIS;MYC;MDM2;NDRG1;TWIST1;SIRT2;TERT
prerank,Regulation Of Autophagy (GO:0010506),0.09418737072233982,0.5066658526025962,0.983127109111361,1.0,1.0,20/32,63.87%,GAPDH;EIF4G1;HAX1;TP53INP1;MTDH;ATP6V1C1;RB1CC1;ATP6V0D2;LAMP3;USP13;GPR137B;EEF1A2;IFI16;PRKAA1;MTMR9;MCL1;DAP;STK38L;ATF6;CTSA
prerank,Monocarboxylic Acid Transport (GO:0015718),0.12167694455479505,0.5040651747657428,0.9844357976653697,1.0,1.0,7/15,41.62%,SLC10A5;SLCO1B3;FABP12;SLC51A;PMP2;FABP5;KDM5A
prerank,Regulation Of Protein Localization To Plasma Membrane (GO:1903076),0.13005304100076145,0.502476644673311,0.9789196310935442,1.0,1.0,7/13,59.28%,DLG1;ATP2B4;LRRC15;BCL2L1;PRKCI;AP2M1;DAB2
prerank,Protein Tetramerization (GO:0051262),0.14152911144904298,0.4986388076909817,0.9816124469589816,1.0,1.0,6/10,55.72%,GRIN2B;ALDH9A1;AQP10;TRPA1;HCN1;OSBPL2
prerank,Positive Regulation Of Cellular Process (GO:0048522),0.06638129610829285,0.49741396298526913,0.9824922760041195,1.0,1.0,18/94,18.76%,THPO;EIF4G1;CLEC7A;EDN3;TGM2;FCGR2B;IL7;IL6R;NOP2;TSPYL5;PTK6;PTHLH;GID8;S100A9;S100A13;NID1;SDCBP;SHC1
prerank,Protein Stabilization (GO:0050821),0.08967707071341414,0.49256987338373065,0.9782608695652174,1.0,1.0,32/35,86.16%,GAPDH;SPAG1;DVL3;PFN2;STK3;PEX19;MDM4;EFNA1;ATP1B1;PHB2;USP13;PDCD10;CCT3;APOA2;CPN2;TTI1;ATF7IP;MTMR9;SOX17;GPIHBP1;CREBL2;CCT5;MFSD1;PFDN2;PFDN4;CCT6A;STK4;CCT2;BAG4;PDRG1;URI1;LAMP1
prerank,Negative Regulation Of Tumor Necrosis Factor Production (GO:0032720),0.1394686528326977,0.48306357524612864,0.9933422103861518,1.0,1.0,8/10,71.82%,EHHADH;GHSR;BPI;CLEC4A;FXR1;SLAMF1;SYT11;RARA
prerank,Actin Filament Organization (GO:0007015),0.11835846160595448,0.4758507389893465,0.9946808510638298,1.0,1.0,7/14,50.17%,DLG1;GHSR;ELMO2;AVIL;TPM3;ARHGEF2;TAGLN2
prerank,Negative Regulation Of Protein Phosphorylation (GO:0001933),0.11518653754794958,0.4752907354124132,0.9948453608247423,1.0,1.0,15/16,85.86%,EIF4G1;TRIB1;PAK2;LRP6;WWTR1;PMEPA1;DBNDD2;DEPTOR;NTF3;LYN;CAMK2N2;SIRT2;PRKDC;PTPN6;PPP1R15B
prerank,Intracellular Protein Transport (GO:0006886),0.08133289916890135,0.46365640122945817,0.9943181818181818,1.0,1.0,7/38,15.20%,SNX31;TSNARE1;C2CD5;SNX27;STK3;ARL14;VPS28
prerank,Regulation Of Ras Protein Signal Transduction (GO:0046578),0.13109621931412124,0.4614177952760328,0.9958620689655172,0.9998671584307445,1.0,5/10,46.04%,NOTCH2;ARHGDIB;DENND3;PDCD10;ARHGEF2
prerank,Regulation Of Apoptotic Process (GO:0042981),0.0624466138008758,0.4568427203876272,0.986639260020555,0.9980150032481097,1.0,53/96,59.28%,ANGPT1;OPA1;MMP9;NOTCH2;HAX1;STYK1;TGM2;IL7;STK3;YWHAZ;KNG1;SHC1;PAK2;VPS72;COPS5;CD27;MTDH;TNFRSF6B;PTK2;CTNNBL1;BCL6;FMN2;YEATS4;ACTL6A;PHB2;SIAH2;TNFSF10;PTMS;IAPP;BCL2L1;PDCD10;NTSR1;HCK;GOLPH3;DSTYK;PRKCI;SKP2;MRGBP;MLLT11;PRKAA1;E2F1;SCRIB;TFRC;MYC;GDNF;MCL1;NTF3;SRC;ING4;ADAMTSL4;ITCH;NUAK2;DAB2
prerank,Regulation Of ERK1 And ERK2 Cascade (GO:0070372),0.07798798900022497,0.4347612970302795,0.9977578475336323,0.9984648383051737,1.0,22/36,66.13%,ANGPT1;THPO;NOTCH2;DLG1;YWHAZ;SHC1;ADIPOQ;FAM83D;PSCA;PHB2;P2RY1;DSTYK;S100A7;CD4;SPRED3;LMO3;DDR2;DUSP26;SLAMF1;FGF4;LYN;ERBB2
prerank,Negative Regulation Of Tumor Necrosis Factor Superfamily Cytokine Production (GO:1903556),0.11141013956400943,0.4014107235693592,1.0,0.998497051648617,1.0,8/11,71.82%,EHHADH;GHSR;BPI;CLEC4A;FXR1;SLAMF1;SYT11;RARA
