Name,Term,ES,NES,NOM p-val,FDR q-val,FWER p-val,Tag %,Gene %,Lead_genes
prerank,Regulation Of Type II Interferon Production (GO:0032649),-0.6824980462767698,-2.0146590029757676,0.0,0.31740017182250596,0.171,7/13,11.11%,JAK2;PDCD1LG2;FADD;IFNL1;GAS6;CD274;RARA
prerank,Cellular Response To Tumor Necrosis Factor (GO:0071356),-0.5683511154144403,-1.9088052595157203,0.004098360655737705,0.5145071278401352,0.439,7/20,10.05%,JAK2;SFRP1;BIRC3;IKBKB;BIRC2;ACTN4;NR1D1
prerank,Negative Regulation Of Epithelial Cell Proliferation (GO:0050680),-0.6076230116293568,-1.899564683347267,0.006072874493927126,0.3777883323671228,0.475,8/15,14.50%,SFRP1;MED1;CYP27B1;AQP11;CDK6;CDKN2B;GDF5;IL26
prerank,Positive Regulation Of Cell Motility (GO:2000147),-0.48603617702078883,-1.894811111691735,0.0018832391713747645,0.2920371443937669,0.487,15/33,22.75%,EGFR;GPNMB;ADAM9;PAK1;F7;GRB7;MYOC;ACTN4;AKT2;TWIST1;F10;MMP7;CASS4;SEMA5A;ZNF703
prerank,Positive Regulation Of Cell Migration (GO:0030335),-0.4567626856884395,-1.8933683970616189,0.001869158878504673,0.23710807356238342,0.496,18/45,22.75%,IFNG;EGFR;GPNMB;ADAM9;PAK1;F7;GRB7;MYOC;ACTN4;AKT2;TWIST1;F10;ARHGEF7;MMP7;ENPP2;CASS4;SEMA5A;ZNF703
prerank,Regulation Of Stress Fiber Assembly (GO:0051492),-0.6269604363268013,-1.86676165010794,0.0019646365422396855,0.2526640637186767,0.571,9/13,22.12%,SFRP1;RHPN2;PAK1;MYOC;F11R;MET;ARHGEF10;S100A10;PPFIA1
prerank,Regulation Of Cyclin-Dependent Protein Serine/Threonine Kinase Activity (GO:0000079),-0.6785281682429353,-1.8599297003860586,0.005681818181818182,0.22982008527265596,0.599,7/10,14.30%,CCND1;CCNE1;EGFR;CDKN2B;CDK5RAP1;CDKN2A;CDC6
prerank,Positive Regulation Of Angiogenesis (GO:0045766),-0.5941647302244959,-1.830998059056187,0.00199203187250996,0.25888404425477224,0.679,5/15,21.96%,HMGA2;RLN2;GATA4;TWIST1;SEMA5A
prerank,Regulation Of Cell Population Proliferation (GO:0042127),-0.3621920799426392,-1.8258043504701553,0.0,0.2413916070836816,0.693,39/115,17.83%,JAK2;ACER3;SFRP1;IFNG;GAB2;FGF19;EGFR;GPNMB;SOX4;PAK1;YAP1;IFNL1;TSPAN31;EID2;CYP27B1;AQP11;FGF3;CDK6;IRS2;CDKN2B;BIRC2;NCCRP1;NRG1;ASH2L;CSF3;RARA;SQLE;USP17L2;AKT2;LIFR;BIRC7;CDKN2A;CDC6;ROMO1;ING1;CDK4;PINX1;MDM2;MYO16
prerank,Regulation Of T Cell Proliferation (GO:0042129),-0.6548012574833475,-1.8255385858837068,0.01775147928994083,0.21754230954592757,0.694,5/10,8.32%,JAK2;PDCD1LG2;IDO1;GPNMB;CD274
prerank,Positive Regulation Of Vasculature Development (GO:1904018),-0.5992023227989924,-1.8255166062390982,0.005870841487279843,0.19776573595084326,0.694,5/14,21.96%,HMGA2;RLN2;GATA4;TWIST1;SEMA5A
prerank,Positive Regulation Of Cellular Catabolic Process (GO:0031331),-0.568748435553421,-1.787193131445653,0.007476635514018692,0.2509731952234275,0.79,7/15,15.44%,IFNG;ADAM9;IRS2;PTPN1;AKT2;TWIST1;ORMDL3
prerank,Negative Regulation Of Cell Population Proliferation (GO:0008285),-0.40153204651526925,-1.7865812093997167,0.0,0.23289390900499293,0.792,21/55,17.83%,JAK2;SFRP1;IFNG;GPNMB;SOX4;PAK1;IFNL1;CYP27B1;TFDP1;AQP11;CDK6;CDKN2B;GDF5;NRG1;E2F3;CDKN2A;CDC6;IL26;ING1;PINX1;MYO16
prerank,G1/S Transition Of Mitotic Cell Cycle (GO:0000082),-0.5510847291203392,-1.7720312986376057,0.010101010101010102,0.23996529624415158,0.823,8/16,15.70%,CCND1;CCNE1;TFDP1;CDK6;RPS6KB1;E2F3;BCAT1;CDK4
prerank,Regulation Of Protein Serine/Threonine Kinase Activity (GO:0071900),-0.5592539369277967,-1.7612042759505504,0.0056925996204933585,0.24319520014528084,0.854,8/16,14.30%,CCND1;CCNE1;IFNG;HMGA2;CDK12;CDKN2B;CDKN2A;CDC6
prerank,Positive Regulation Of Protein Secretion (GO:0050714),-0.6082056013420623,-1.7425559872127305,0.020754716981132074,0.2669458636874786,0.89,5/11,13.84%,ADAM9;SOX4;IRS2;DNM1L;BLK
prerank,Cell Cycle G1/S Phase Transition (GO:0044843),-0.5579154663726336,-1.7333856627061526,0.01593625498007968,0.26948749479745937,0.901,10/14,29.17%,CCND1;CCNE1;CDK6;RPS6KB1;E2F3;BCAT1;CDK4;EIF4EBP1;CUL4A;CDKN1B
prerank,Positive Regulation Of Cell Population Proliferation (GO:0008284),-0.3610162214171692,-1.7294070422836492,0.0,0.26160151147928,0.91,26/85,15.70%,JAK2;ACER3;SFRP1;IFNG;GAB2;FGF19;EGFR;HMGA2;SOX4;PAK1;YAP1;GAS6;TSPAN31;AQP11;FGF3;CDK6;IRS2;NCCRP1;NRG1;ASH2L;CSF3;RARA;AKT2;LIFR;ROMO1;CDK4
prerank,Negative Regulation Of Signal Transduction (GO:0009968),-0.42409689310864357,-1.726231715866634,0.009746588693957114,0.25378283385087175,0.914,18/39,22.26%,SFRP1;PIP4K2C;PIP4K2B;GRB7;PTPN1;RPS6KB1;MFHAS1;NR1D1;NRG1;TSKU;GATA4;TWIST1;GRINA;KCTD21;CLEC12B;NKD2;DKK4;YWHAB
prerank,Epidermis Development (GO:0008544),0.5155280851027901,1.709615485086207,0.014,1.0,0.934,8/17,25.48%,SPRR2D;SPRR2B;GRHL2;SPRR1A;PTHLH;SPRR2E;FLG2;FABP5
prerank,Response To Tumor Necrosis Factor (GO:0034612),-0.5451824770717244,-1.7015297242667564,0.019305019305019305,0.2920371443937669,0.95,5/15,10.05%,JAK2;SFRP1;ADAM9;IKBKB;NR1D1
prerank,Positive Regulation Of Lymphocyte Proliferation (GO:0050671),-0.5634970251544386,-1.6976045582724824,0.012,0.2857222681768155,0.957,4/14,8.32%,JAK2;PDCD1LG2;IRS2;CD274
prerank,Regulation Of Angiogenesis (GO:0045765),-0.44407089912696485,-1.696639136814641,0.009881422924901186,0.27464535415691727,0.958,8/30,13.21%,SFRP1;GPNMB;HMGA2;COL4A2;RLN2;NRG1;GATA4;TWIST1
prerank,Positive Regulation Of Supramolecular Fiber Organization (GO:1902905),-0.5979627965665881,-1.6917031093174093,0.017716535433070866,0.2731645314374753,0.96,6/11,21.96%,PAK1;CTTN;CSF3;BAIAP2L1;MET;SEMA5A
prerank,Positive Regulation Of Growth (GO:0045927),-0.5651177146554758,-1.6770165741555632,0.026156941649899398,0.28974239429307147,0.971,5/12,8.45%,SFRP1;EGFR;YAP1;ZNF639;AGR2
prerank,"Regulation Of Alternative mRNA Splicing, Via Spliceosome (GO:0000381)",0.5931289310378096,1.667945718568543,0.02536997885835095,1.0,0.974,8/10,31.27%,TRA2B;SRSF6;RBM8A;KHDRBS3;RBM38;FXR1;HNRNPU;HNRNPL
prerank,Positive Regulation Of Protein Serine/Threonine Kinase Activity (GO:0071902),-0.5221791667000619,-1.663077886257518,0.021359223300970873,0.3058636176320624,0.977,5/17,2.33%,CCND1;IFNG;EGFR;HMGA2;ADAM9
prerank,Sensory Perception Of Bitter Taste (GO:0050913),0.4998775952173191,1.6552719597107266,0.01284796573875803,0.5651470083096419,0.982,11/18,25.35%,RTP2;TAS2R46;TAS2R19;RTP1;TAS2R31;TAS2R42;RTP4;TAS2R43;TAS2R14;TAS2R13;TAS2R7
prerank,Detection Of Chemical Stimulus Involved In Sensory Perception Of Taste (GO:0050912),0.4998775952173191,1.6552719597107266,0.01284796573875803,0.5651470083096419,0.982,11/18,25.35%,RTP2;TAS2R46;TAS2R19;RTP1;TAS2R31;TAS2R42;RTP4;TAS2R43;TAS2R14;TAS2R13;TAS2R7
prerank,Detection Of Chemical Stimulus Involved In Sensory Perception Of Bitter Taste (GO:0001580),0.4998775952173191,1.6552719597107266,0.01284796573875803,0.5651470083096419,0.982,11/18,25.35%,RTP2;TAS2R46;TAS2R19;RTP1;TAS2R31;TAS2R42;RTP4;TAS2R43;TAS2R14;TAS2R13;TAS2R7
prerank,Cellular Response To Ketone (GO:1901655),-0.551361495113146,-1.6483249338798542,0.017208413001912046,0.32615180985835657,0.983,9/13,34.33%,SFRP1;GAS6;MAP4K1;DEFB104A;ADCY2;AHR;PTGER4;SCNN1A;PCK1
prerank,Regulation Of Protein Kinase B Signaling (GO:0051896),-0.44898454149262734,-1.644229248151042,0.009615384615384616,0.32271432995043225,0.986,11/27,14.50%,EGFR;CALCR;GAS6;F7;MYOC;MFHAS1;CPNE1;CSF3;GATA4;F10;IL26
prerank,Regulation Of Wnt Signaling Pathway (GO:0030111),-0.5586509599120121,-1.6249669332043633,0.0395010395010395,0.3551859065632805,0.989,8/12,22.75%,SFRP1;CTNND2;TSKU;SOX7;NKD2;DKK4;TERT;ZNF703
prerank,Regulation Of Epithelial Cell Proliferation (GO:0050678),-0.4664749600933853,-1.6225019239324376,0.028056112224448898,0.3481356631893523,0.989,9/21,14.50%,SFRP1;EGFR;YAP1;AQP11;CDK6;CDKN2B;GDF5;NR1D1;IL26
prerank,Cellular Response To Growth Factor Stimulus (GO:0071363),-0.472722723284563,-1.619838938790349,0.017928286852589643,0.3430530624218592,0.99,5/20,8.68%,SFRP1;MED1;EGFR;URI1;RPS6KB1
prerank,Cytokine-Mediated Signaling Pathway (GO:0019221),-0.43772921410026683,-1.6196536740635439,0.028680688336520075,0.3322205952232622,0.99,16/28,34.00%,JAK2;BIRC3;IKBKB;YAP1;BIRC2;ACTN4;CSF3;LIFR;OSMR;IL1RAP;CD4;IL6;COMMD7;ST18;LYN;HCK
prerank,Wound Healing (GO:0042060),-0.5249306065447723,-1.6141613168300954,0.041666666666666664,0.33325206396546786,0.994,10/14,32.83%,PAK1;FUT10;NRG1;TSKU;GATA4;SYT11;ERBB2;FGF10;EPPK1;SPRR3
prerank,Cholesterol Metabolic Process (GO:0008203),-0.5322945274275209,-1.6124183017775102,0.025540275049115914,0.32679876553635906,0.994,8/14,24.92%,CYP51A1;TSKU;SQLE;CLN8;FDFT1;STARD3;DHCR7;CYP11B1
prerank,Regulation Of Insulin Secretion (GO:0050796),-0.5069592568894463,-1.609724300084479,0.017341040462427744,0.32315480829793414,0.995,9/15,29.44%,SFRP1;IFNG;SOX4;IRS2;NR1D1;BLK;ENSA;TM7SF3;IL6
prerank,Cellular Response To Hormone Stimulus (GO:0032870),-0.4957258912886615,-1.6045372799340538,0.024574669187145556,0.3248952052341007,0.996,5/16,11.11%,SFRP1;MED1;BCAS3;URI1;RARA
prerank,Proteolysis (GO:0006508),-0.3869777431241829,-1.6015149442320233,0.015384615384615385,0.3222312246660753,0.996,17/41,21.19%,CAPN5;PEPD;ADAM32;F7;CTSZ;CAPN12;ADAM2;CPM;CPNE1;PARL;MMP7;HTRA4;MDM2;OLR1;PSMC4;TRHDE;CTSS
prerank,Positive Regulation Of Protein Kinase B Signaling (GO:0051897),-0.44413030566207523,-1.5942389124636427,0.022556390977443608,0.329582259128047,0.997,12/24,21.96%,EGFR;CALCR;GAS6;F7;MYOC;MFHAS1;CPNE1;CSF3;F10;IL26;CASS4;SEMA5A
prerank,Regulation Of Double-Strand Break Repair Via Homologous Recombination (GO:0010569),0.5828583338560287,1.5748099845891874,0.033932135728542916,0.8133326999393403,0.997,6/10,22.79%,MAGEF1;VPS72;YEATS4;RAD51AP1;ACTL6A;RTEL1
prerank,Regulation Of Cell Motility (GO:2000145),-0.4921367900669472,-1.5743715353716592,0.0321285140562249,0.36480805617426937,0.998,8/16,16.60%,FGF19;FGF3;CDK6;SPINT2;USP17L2;AKT2;TWIST1;ENPP2
prerank,Regulation Of Transforming Growth Factor Beta Receptor Signaling Pathway (GO:0017015),-0.5016582778501184,-1.5669694156711391,0.03824091778202677,0.3722140406245427,1.0,10/16,32.17%,CAPN5;EID2;CDKN2B;ING1;HTRA4;ZNF703;SMURF1;STRAP;ARID4B;DAB2
prerank,Calcium Ion Transmembrane Import Into Cytosol (GO:0097553),0.5564802960626265,1.5658097918952745,0.038461538461538464,0.7331726879118148,0.997,5/11,17.66%,GP5;GRIN2B;PLCH1;ATP2B4;JPH1
prerank,Cellular Response To Fibroblast Growth Factor Stimulus (GO:0044344),-0.5615200645741701,-1.5574707819634621,0.04627766599597585,0.3838150707894755,1.0,3/10,7.45%,SFRP1;FGF19;FGF3
prerank,Plasma Membrane Bounded Cell Projection Morphogenesis (GO:0120039),-0.5495515014860597,-1.5529402327650625,0.048625792811839326,0.3849877794096127,1.0,5/11,25.68%,PAK1;ANKRD27;CTTN;MYO16;TNIK
prerank,Positive Regulation Of Macromolecule Metabolic Process (GO:0010604),-0.36175307199043677,-1.5481137027994418,0.018975332068311195,0.387208885412083,1.0,13/48,9.48%,MED1;IFNG;FGF19;HMGA2;CALCR;YAP1;RLN2;GAS6;CYP27B1;FGF3;PTPN1;AGR2;MYLK2
prerank,Extrinsic Apoptotic Signaling Pathway (GO:0097191),-0.5274615712256574,-1.5418671341567394,0.039923954372623575,0.39269718614251004,1.0,4/12,12.31%,JAK2;IFNG;FADD;DEDD
prerank,Positive Regulation Of ERK1 And ERK2 Cascade (GO:0070374),-0.4288537120283653,-1.5341505206407482,0.032,0.4019545762505231,1.0,9/23,14.50%,FGF19;EGFR;GPNMB;CALCR;GAS6;MFHAS1;NRG1;GATA4;IL26
prerank,Cellular Response To Alcohol (GO:0097306),-0.5243377306530742,-1.5322790121493644,0.05708661417322835,0.3974990279688857,1.0,7/12,31.10%,SFRP1;MAP4K1;DEFB104A;ADCY2;AHR;PTGER4;SCNN1A
prerank,Cellular Component Assembly (GO:0022607),-0.3845839303585535,-1.5287885464270228,0.019801980198019802,0.39714405060777125,1.0,16/36,22.89%,TCAP;YAP1;PTPRD;GAS6;CAPZA2;RP1L1;SLC7A9;DNM1L;VMP1;HORMAD1;BAIAP2L1;YTHDF1;MDM2;TRIP13;KIFAP3;PKP2
prerank,Regulation Of Programmed Cell Death (GO:0043067),-0.41881068282852396,-1.5267203438922856,0.04365079365079365,0.3932271437948699,1.0,10/24,16.37%,ACER3;BIRC3;PEPD;IKZF3;BIRC2;ACTN4;USP17L2;BIRC7;TRRAP;ANP32E
prerank,Positive Regulation Of Programmed Cell Death (GO:0043068),-0.39873826695195924,-1.523158390603217,0.036,0.39291556658354926,1.0,11/30,16.80%,RNF122;SFRP1;IFNG;SOX4;FADD;ZNF622;NRG1;DNM1L;STK4;ARHGEF7;HTRA4
prerank,Negative Regulation Of Multicellular Organismal Process (GO:0051241),-0.3906787965595729,-1.5185782045430667,0.03300970873786408,0.3954561827664621,1.0,11/31,15.67%,SFRP1;IFNG;EGFR;GPNMB;PROCR;GAS6;CYP51A1;NR1D1;RAB11FIP1;PTPRR;ING1
prerank,Regulation Of RNA Splicing (GO:0043484),0.5122211000431705,1.516593440933273,0.05521472392638037,0.8553239810274138,0.999,8/12,31.27%,ILDR2;ESRP1;TRA2B;CLK2;RBM12B;RBM38;RBM12;HNRNPL
prerank,Positive Regulation Of GTPase Activity (GO:0043547),-0.4199146030844053,-1.5142705990876744,0.03278688524590164,0.3975763248143828,1.0,12/26,22.69%,AGAP2;SFRP1;RAPGEFL1;BCAS3;RAPGEF5;USP17L2;SIPA1L3;SNX13;ARHGEF7;ARHGEF10;S100A10;GRTP1
prerank,Positive Regulation Of Macromolecule Biosynthetic Process (GO:0010557),-0.44184009965375803,-1.5078753021473235,0.0533596837944664,0.40390443568030054,1.0,13/21,30.87%,JAK2;IFNG;SOX4;IFNL1;IRS2;RPS6KB1;AKT2;YTHDF1;DYRK2;PRKDC;ERBB2;IL6;NMD3
prerank,Positive Regulation Of MAPK Cascade (GO:0043410),-0.3686588579650708,-1.5021306596679584,0.03088803088803089,0.41018425787775026,1.0,12/41,11.38%,FGF19;EGFR;GPNMB;ADAM9;CALCR;ZNF622;GAS6;MAP4K1;MFHAS1;ADRB3;NRG1;GATA4
prerank,Positive Regulation Of Immune Response (GO:0050778),-0.5228673249869171,-1.4852812600823735,0.062135922330097085,0.4430804673076647,1.0,5/11,10.55%,IFNG;FADD;IFNL1;NRG1;C9
prerank,Negative Regulation Of Cytokine Production (GO:0001818),-0.403497082513806,-1.47950199403359,0.053465346534653464,0.4489926834448421,1.0,7/27,11.11%,PDCD1LG2;IFNG;GPNMB;IFNL1;GAS6;CD274;RARA
prerank,Positive Regulation Of Protein Kinase Activity (GO:0045860),-0.450361783764453,-1.477180139226172,0.056818181818181816,0.4468636042977215,1.0,5/17,8.05%,AGAP2;IFNG;HMGA2;GAS6;PTPN1
prerank,Positive Regulation Of Cellular Process (GO:0048522),-0.2967867775492514,-1.4676627007331429,0.014571948998178506,0.46181414432491813,1.0,26/94,17.53%,ACER3;SFRP1;IFNG;GAB2;FGF19;EGFR;SOX4;PAK1;YAP1;ZNF639;TSPAN31;AQP11;FGF3;IRS2;NCCRP1;NRG1;ASH2L;CSF3;RARA;AKT2;TWIST1;LIFR;ROMO1;CDK4;SIRT2;MDM2
prerank,Cellular Response To Lipid (GO:0071396),-0.37076973362838905,-1.4659424916606156,0.030360531309297913,0.4587211807938661,1.0,16/33,23.52%,PDCD1LG2;SFRP1;MED1;EGFR;ADAM9;URI1;MAP4K1;CD274;NR1D1;RARA;DEFB104A;DEFA5;DEFA1;ZNF703;ADCY2;AHR
prerank,Regulation Of Cell Migration (GO:0030334),-0.3217286378918255,-1.4509838562786765,0.03275529865125241,0.4891690886157594,1.0,18/62,16.60%,SFRP1;FGF19;EGFR;GPNMB;ADAM9;PAK1;F7;GRB7;FGF3;MYOC;ACTN4;USP17L2;AKT2;TWIST1;F10;ING1;MMP7;ENPP2
prerank,Positive Regulation Of Hydrolase Activity (GO:0051345),-0.42121688390270134,-1.4424620258710075,0.06420233463035019,0.502126531400344,1.0,9/21,21.19%,SFRP1;RAPGEFL1;BCAS3;RAPGEF5;USP17L2;SNX13;ARHGEF7;S100A10;CTSS
prerank,Proteolysis Involved In Protein Catabolic Process (GO:0051603),-0.5189875764126444,-1.4404281003241,0.09746588693957114,0.49902360347649544,1.0,4/10,21.19%,CTSZ;NR1D1;MDM2;CTSS
prerank,Protein-Containing Complex Organization (GO:0043933),-0.45364624530793407,-1.4397779915333995,0.08298755186721991,0.4922684452421963,1.0,8/16,25.28%,TCAP;YAP1;CAPZA2;SLC7A9;DNM1L;MDM2;KIFAP3;IL1RAP
prerank,Regulation Of Phosphorylation (GO:0042325),-0.49487654123737235,-1.4267624017403642,0.09306930693069307,0.5179667850377881,1.0,5/12,17.47%,EGFR;IKBKB;CDKN2B;CDKN2A;SIRT2
prerank,Regulation Of Phosphatidylinositol 3-Kinase Signaling (GO:0014066),-0.4522120607214149,-1.420872139167011,0.09940357852882704,0.5249514039876613,1.0,5/16,13.21%,JAK2;EGFR;MYOC;CSF3;TWIST1
prerank,Regulation Of Canonical Wnt Signaling Pathway (GO:0060828),-0.3547660414696653,-1.4204119926499514,0.06884057971014493,0.5179492529911783,1.0,15/32,22.75%,SFRP1;EGFR;SOX4;CTNND2;MRPS12;LGR5;TNKS;STK4;SOX7;SOX17;NKD2;DKK4;CAPRIN2;SEMA5A;ZNF703
prerank,Cell-Matrix Adhesion (GO:0007160),-0.47455746625662154,-1.4099545833360692,0.08349514563106795,0.536581323140752,1.0,6/13,31.24%,ADAM9;CTTN;ARHGEF7;PPFIA1;ADAMTS12;ACTN2
prerank,Regulation Of G Protein-Coupled Receptor Signaling Pathway (GO:0008277),-0.49691967441712703,-1.393973575153503,0.10441767068273092,0.5750709630336092,1.0,6/11,26.58%,CALCR;RGS4;YWHAB;GNG4;GRK1;RGS20
prerank,Regulation Of Apoptotic Process (GO:0042981),-0.2841595693088511,-1.3925518786447264,0.031007751937984496,0.5703814987129991,1.0,26/96,17.53%,RNF122;SFRP1;BIRC3;MED1;EGFR;HMGA2;SOX4;FADD;IKZF3;ZNF622;PRDM9;GAS6;RPS6KB1;BIRC2;ACTN4;NRG1;DNM1L;USP17L2;AKT2;BIRC7;STK4;TRRAP;ARHGEF7;ANP32E;HTRA4;MDM2
prerank,Mitotic Cell Cycle Phase Transition (GO:0044772),-0.3979612211605469,-1.3884984931947415,0.09274193548387097,0.5736306892580529,1.0,12/22,29.17%,CCND1;CCNE1;CDK6;RPS6KB1;E2F3;BCAT1;CDK4;FBXL7;ENSA;EIF4EBP1;CUL4A;CDKN1B
prerank,Negative Regulation Of Developmental Process (GO:0051093),-0.48778457198404424,-1.3872821041002203,0.10351966873706005,0.5685519059553696,1.0,5/11,15.67%,SFRP1;GAS6;CDK6;NEUROD2;ING1
prerank,Negative Regulation Of DNA-templated Transcription (GO:0045892),-0.260401997392573,-1.3861851228720157,0.01967799642218247,0.5637838668445425,1.0,37/148,15.67%,CCND1;SFRP1;ZNF254;MED1;IFNG;HMGA2;LANCL2;SOX4;ZNF536;KLF12;ZNF540;YAP1;RSF1;IFNL1;THAP1;SOX1;CNOT2;SUPT5H;GAS6;ZNF639;EID2;BASP1;CYP27B1;URI1;NR1D1;NRG1;THRA;RARA;GATA4;FERD3L;TWIST1;ZNF705B;TGIF2;CDKN2A;KAT6A;GLIS3;ING1
prerank,Response To Cytokine (GO:0034097),-0.4175647604533214,-1.3861421957956006,0.08301158301158301,0.5561086166930689,1.0,6/19,13.64%,JAK2;ADAM9;CYP27B1;CD274;CSF3;LIFR
prerank,Regulation Of Cell Cycle (GO:0051726),-0.341576130016901,-1.3701593625254485,0.08,0.5940584646642438,1.0,14/40,17.53%,SFRP1;BIRC3;HMGA2;THAP1;CDK6;BIRC2;RARA;AKT2;BIRC7;CDKN2A;TRRAP;CDK4;SIRT2;MDM2
prerank,Negative Regulation Of Phosphorylation (GO:0042326),-0.4852643287194924,-1.3687524131041913,0.12075471698113208,0.5897127230652339,1.0,7/11,33.43%,PPP1R15B;IRS2;CDKN2B;CDKN2A;PRKDC;CDKN1B;LYN
prerank,Antibacterial Humoral Response (GO:0019731),0.41190883053156135,1.3684520087687735,0.08536585365853659,1.0,1.0,8/18,19.56%,PI3;SPRR2A;WFDC3;WFDC5;SEMG2;WFDC9;WFDC10B;WFDC2
prerank,Positive Regulation Of Peptidyl-Serine Phosphorylation (GO:0033138),-0.41682217378390596,-1.3654285017159227,0.10093457943925234,0.5913992094503511,1.0,7/18,14.54%,IFNG;EGFR;CALCR;PAK1;GAS6;CSF3;STK4
prerank,Regulation Of Bone Mineralization (GO:0030500),-0.4923195729927755,-1.3611591209592961,0.11895161290322581,0.595726788246223,1.0,3/10,13.21%,SLC20A2;CYP27B1;TWIST1
prerank,Negative Regulation Of Cell Differentiation (GO:0045596),-0.32927561419592133,-1.3597736238936886,0.08582834331337326,0.5912827281620175,1.0,12/40,17.47%,SFRP1;MED1;IFNG;EGFR;SOX4;YAP1;CDK6;GDF5;TSKU;TWIST1;RANBP3L;SIRT2
prerank,Sterol Metabolic Process (GO:0016125),-0.4782836505367738,-1.358354179776956,0.10946196660482375,0.5882904803601033,1.0,6/11,24.92%,CYP51A1;TSKU;SQLE;CLN8;STARD3;CYP11B1
prerank,Negative Regulation Of Nucleic Acid-Templated Transcription (GO:1903507),-0.28784371040483575,-1.3581083575611972,0.03536345776031434,0.5814729526409964,1.0,35/77,30.71%,SFRP1;IFNG;HMGA2;LANCL2;ZNF540;RSF1;IFNL1;GAS6;ZNF639;EID2;BASP1;CYP27B1;NR1D1;NRG1;THRA;RARA;FERD3L;TWIST1;CDKN2A;KAT6A;SIRT2;MDM2;SOX7;CHD4;ZNF703;AHR;MECOM;CBFA2T2;HDAC9;MAP3K10;ZHX3;ING4;CDKN1B;COMMD7;TSHZ3
prerank,Cellular Response To Oxidative Stress (GO:0034599),0.4314393328998101,1.3558190136534887,0.10772357723577236,1.0,1.0,5/15,5.26%,PYROXD1;RAD52;PEX2;ZFAND1;ETV5
prerank,Positive Regulation Of Canonical Wnt Signaling Pathway (GO:0090263),-0.4333025829652236,-1.35549317083742,0.1124031007751938,0.5811940028516842,1.0,8/14,21.96%,SFRP1;EGFR;SOX4;MRPS12;LGR5;TNKS;CAPRIN2;SEMA5A
prerank,Metal Ion Transport (GO:0030001),0.36664879623865587,1.3542602035007012,0.09607843137254903,1.0,1.0,15/26,33.27%,KCNMB2;NIPAL2;KCNS2;KCNJ8;ATP1A4;KCNG1;KCNB2;KCNMB3;KCNK9;CLDN16;CHRNB2;KCNA6;KCNA5;CHRNA4;KCNAB1
prerank,Negative Regulation Of Cellular Process (GO:0048523),-0.29839580087876455,-1.354016518095012,0.07114624505928854,0.5780233951009632,1.0,29/66,29.44%,JAK2;SFRP1;GPNMB;SOX4;IFNL1;CYP27B1;AQP11;CDK6;CDKN2B;AGR2;SPINT2;AGR3;NRG1;CDKN2A;CDC6;ING1;PINX1;MYO16;SOX7;SOX17;CAPRIN2;SEMA5A;TXNIP;GNG4;RNF139;GML;ING4;CDKN1B;IL6
prerank,Negative Regulation Of Binding (GO:0051100),-0.4779682940833317,-1.3526012254999993,0.1308411214953271,0.5747342532899664,1.0,4/11,9.78%,JAK2;HMGA2;RSF1;CPNE1
prerank,Transport Across Blood-Brain Barrier (GO:0150104),0.4349781579072411,1.3492228293212596,0.12525252525252525,1.0,1.0,7/14,28.01%,KCNJ8;ATP1A4;ATP2B4;ABCC5;SLCO1C1;FABP5;SLC2A10
prerank,Cellular Response To Decreased Oxygen Levels (GO:0036294),-0.46924976939778285,-1.3485306964411927,0.12943632567849686,0.5719733744962318,1.0,6/12,21.92%,SFRP1;NDRG1;TWIST1;SIRT2;MDM2;TERT
prerank,Cellular Response To Hypoxia (GO:0071456),-0.46924976939778285,-1.3485306964411927,0.12943632567849686,0.5719733744962318,1.0,6/12,21.92%,SFRP1;NDRG1;TWIST1;SIRT2;MDM2;TERT
prerank,Regulation Of Actin Cytoskeleton Organization (GO:0032956),-0.44945592602554,-1.345782899755083,0.13529411764705881,0.5733079424504364,1.0,5/13,13.01%,PAK1;NRG1;CSF3;F11R;BAIAP2L1
prerank,Neuron Projection Morphogenesis (GO:0048812),-0.3988084359645679,-1.3416964410245102,0.11042944785276074,0.5774756389623762,1.0,5/19,9.88%,PAK1;CTNND2;ANKRD27;CPNE1;CTTN
prerank,Protein O-linked Glycosylation (GO:0006493),0.4579924379543985,1.3416870219644783,0.12170385395537525,1.0,1.0,6/12,27.84%,POFUT1;B3GNT5;XXYLT1;GALNT8;B4GALT5;B3GALNT2
prerank,Protein Targeting (GO:0006605),-0.37899335425713887,-1.3389901870627907,0.10526315789473684,0.5786140755736391,1.0,9/23,17.03%,SEC61G;ZDHHC11B;PEX1;TOMM7;AQP11;FUT10;GOLGA7;ZDHHC11;YIF1B
prerank,Positive Regulation Of Kinase Activity (GO:0033674),-0.4162446249402771,-1.3388158401293906,0.116600790513834,0.5724964207658763,1.0,4/16,5.66%,AGAP2;EGFR;ZNF622;GAS6
prerank,Positive Regulation Of Apoptotic Process (GO:0043065),-0.33560689826500234,-1.3354153344329474,0.10679611650485436,0.5747854917292163,1.0,11/34,17.47%,RNF122;SFRP1;SOX4;FADD;ZNF622;NRG1;DNM1L;STK4;ARHGEF7;HTRA4;SIRT2
prerank,Regulation Of Protein Ubiquitination (GO:0031396),-0.44283041633846276,-1.3342800057835864,0.11899791231732777,0.5713235661700682,1.0,5/12,16.43%,BIRC3;SOX4;BIRC2;BIRC7;PINX1
prerank,Regulation Of Protein Secretion (GO:0050708),-0.4597336713702537,-1.3324579842309605,0.13671875,0.5701286495790969,1.0,4/12,11.18%,IFNG;ADAM9;CYP51A1;DNM1L
prerank,Protein Catabolic Process (GO:0030163),-0.47071434370151455,-1.3302717563679523,0.13690476190476192,0.5694059382306305,1.0,6/11,21.19%,CTSZ;NCCRP1;NR1D1;CLN8;MDM2;CTSS
prerank,Actomyosin Structure Organization (GO:0031032),-0.46413024565576205,-1.3262619691464843,0.12673267326732673,0.5740551052815226,1.0,3/11,12.71%,TCAP;MYOM2;F11R
prerank,Mitochondrion Organization (GO:0007005),0.3707331860396052,1.322908336238134,0.126953125,1.0,1.0,5/23,8.18%,TMEM70;OPA1;GDAP1;HAX1;MFN1
prerank,Negative Regulation Of Growth (GO:0045926),-0.38871194920094687,-1.3221499424905534,0.12845849802371542,0.5791497316953792,1.0,10/19,29.17%,SFRP1;CYP27B1;NRG1;CDKN2A;ING1;SOX17;CAPRIN2;GNG4;ING4;CDKN1B
prerank,Positive Regulation Of Intracellular Signal Transduction (GO:1902533),-0.27388199196199825,-1.320366942389023,0.07835820895522388,0.5775832039562273,1.0,21/86,15.20%,JAK2;BIRC3;EGFR;CALCR;FADD;IKBKB;ZNF622;GAS6;F7;MAP4K1;MYOC;BIRC2;MFHAS1;CPNE1;ADRB3;CSF3;DNM1L;F10;IL26;RPL37;NEUROD2
prerank,Regulation Of Protein Phosphorylation (GO:0001932),-0.3224144701887316,-1.3165629915217225,0.10271317829457365,0.5818774310734055,1.0,11/41,14.54%,CCND1;FGF19;EGFR;GPNMB;PAK1;GAS6;PPP1R15B;FGF3;NRG1;AKT2;STK4
prerank,Transcription By RNA Polymerase II (GO:0006366),-0.3464138600675052,-1.313507302031539,0.1219047619047619,0.5838176391052191,1.0,13/30,25.32%,MED1;SUPT5H;CYP27B1;TFDP1;CDK12;THRA;RARA;E2F3;GLIS3;S100A10;TRIP13;PCID2;SOX5
prerank,DNA Damage Response (GO:0006974),-0.31333212755353007,-1.3129601370779447,0.1,0.5792183336097192,1.0,10/43,14.97%,POLB;CCND1;PAK1;YAP1;CHD1L;MACROD2;ASH2L;MRPL36;TRRAP;NCOA6
prerank,Calcium Ion Transport (GO:0006816),-0.42434254267676824,-1.3125337662516563,0.14476190476190476,0.574357956997049,1.0,5/14,13.11%,TRPC6;CACNB1;GAS6;CYP27B1;TRPC4AP
prerank,Regulation Of Monoatomic Ion Transmembrane Transporter Activity (GO:0032412),-0.45782931984186953,-1.3074773554630352,0.155893536121673,0.5823907400693202,1.0,3/12,1.83%,PDZK1;FXYD5;TRPC6
prerank,Positive Regulation Of Cell Cycle (GO:0045787),-0.4569035841682231,-1.3069466351522303,0.16310679611650486,0.5777407785096144,1.0,6/11,24.25%,CCND1;EGFR;RPS6KB1;RARA;MDM2;EIF4EBP1
prerank,Myeloid Cell Differentiation (GO:0030099),-0.4830914851642987,-1.305913749823398,0.162109375,0.5747757078688221,1.0,5/10,15.30%,JAK2;CDKN2B;MFHAS1;NCOA6;KAT6A
prerank,Nuclear-Transcribed mRNA Catabolic Process (GO:0000956),-0.45018831777534385,-1.3039862923611525,0.1673469387755102,0.5739717047528932,1.0,6/12,26.15%,CNOT2;LSM1;DCP1B;ERI1;SAMD4B;MAGOHB
prerank,Sphingolipid Metabolic Process (GO:0006665),-0.47550898511191103,-1.3034207031337326,0.14728682170542637,0.5696374143676246,1.0,4/10,16.60%,ACER3;CLN8;ORMDL3;ENPP2
prerank,Protein Phosphorylation (GO:0006468),-0.2909786845195725,-1.3021738361954278,0.09737827715355805,0.5676161924175662,1.0,19/66,17.27%,JAK2;CCNE1;EGFR;PAK1;IKBKB;GAS6;CDK12;CDK6;MAP4K1;RPS6KB1;MYLK2;RARA;GMFG;AKT2;TNKS;BLK;STK4;CDK4;ERC1
prerank,Positive Regulation Of Phosphorylation (GO:0042327),-0.3165555672512654,-1.2940510141613528,0.11560693641618497,0.5832875173244383,1.0,11/42,15.40%,CCND1;FGF19;EGFR;GPNMB;PAK1;ZNF622;GAS6;FGF3;AKT2;STK4;MET
prerank,mRNA Transcription (GO:0009299),-0.4736528419512047,-1.2846802699518558,0.16359918200409,0.6019446267117181,1.0,4/10,20.46%,MED1;CYP27B1;RARA;S100A10
prerank,Regulation Of ERK1 And ERK2 Cascade (GO:0070372),-0.32168380717052686,-1.2823564356919153,0.1154639175257732,0.6029153948774542,1.0,11/36,14.84%,FGF19;EGFR;GPNMB;CALCR;GAS6;PTPN1;MFHAS1;NRG1;GATA4;IL26;PTPRR
prerank,Activation Of Protein Kinase Activity (GO:0032147),-0.4470570290345076,-1.2779712456492587,0.164,0.6089139521582195,1.0,3/11,10.08%,JAK2;GAS6;NRG1
prerank,Positive Regulation Of Cell Growth (GO:0030307),-0.41373739746182847,-1.2752168495480463,0.17578125,0.6105342754628632,1.0,4/14,5.82%,SFRP1;EGFR;YAP1;ZNF639
prerank,Positive Regulation Of Cell Junction Assembly (GO:1901890),-0.4385414425887679,-1.2739618540451814,0.18200836820083682,0.6085677267044303,1.0,6/11,25.28%,SFRP1;PTPRD;MYOC;NRG1;S100A10;IL1RAP
prerank,Central Nervous System Development (GO:0007417),0.34221275419148883,1.2726556184330307,0.1337579617834395,1.0,1.0,9/26,17.76%,NHLH1;ZIC1;EIF2B5;GRHL2;WWP1;GRIN2B;SERPINI1;ZIC4;B3GNT5
prerank,Negative Regulation Of Cell Growth (GO:0030308),-0.3686429485158086,-1.2726109659538616,0.148,0.6063624163658389,1.0,8/20,24.48%,SFRP1;CYP27B1;NRG1;CDKN2A;ING1;SOX17;CAPRIN2;GNG4
prerank,Transforming Growth Factor Beta Receptor Signaling Pathway (GO:0007179),-0.4648363457471893,-1.2724179705804257,0.18774703557312253,0.601349616143333,1.0,4/10,16.10%,ADAM9;EID2;GDF5;FMOD
prerank,Axonogenesis (GO:0007409),0.34598208542829145,1.2722291449146161,0.14344262295081966,1.0,1.0,8/25,21.49%,NOTCH2;EPHB3;CNTN2;PTPRO;S100A6;LRTM2;EFNA4;PTK2
prerank,Regulation Of Kinase Activity (GO:0043549),-0.3902313657703518,-1.2715048586297861,0.17647058823529413,0.5983878860621091,1.0,7/17,29.17%,EGFR;ZNF622;IRS2;MET;CD4;ERBB2;CDKN1B
prerank,Steroid Metabolic Process (GO:0008202),-0.4107316512333111,-1.2713914013069783,0.1590909090909091,0.593443988644667,1.0,7/14,27.41%,CYP27B1;CYP51A1;SRD5A1;FDFT1;STARD3;CYP11B1;AMACR
prerank,Regulation Of Cell Growth (GO:0001558),-0.3086240722433543,-1.2708914652022074,0.13721804511278196,0.5897959357205264,1.0,16/39,29.17%,SFRP1;EGFR;YAP1;ZNF639;CYP27B1;URI1;NRG1;CDKN2A;ING1;LAMTOR2;SOX17;CAPRIN2;GNG4;ERBB2;ING4;CDKN1B
prerank,Positive Regulation Of Cell Adhesion (GO:0045785),-0.46005659360560547,-1.2701016643057146,0.18363273453093812,0.586810497165314,1.0,3/10,8.45%,JAK2;ADAM9;AGR2
prerank,Response To Ionizing Radiation (GO:0010212),0.4245342050690228,1.2674483943010337,0.20440881763527055,1.0,1.0,6/12,36.99%,CLK2;RAD51AP1;PRKAA1;IFI16;RNF168;MYC
prerank,Positive Regulation Of Gene Expression (GO:0010628),-0.27736208755961206,-1.2629555799439345,0.10444874274661509,0.5998805027064941,1.0,15/68,10.25%,MED1;IFNG;FGF19;HMGA2;CALCR;SOX4;YAP1;RLN2;GAS6;CYP27B1;FGF3;AGR2;RPS6KB1;MYLK2;ASH2L
prerank,Positive Regulation Of Binding (GO:0051099),-0.40851656699131783,-1.2620729835913325,0.1907514450867052,0.5970444374387437,1.0,11/16,31.90%,CSF3;RARA;BLK;STK4;MET;SIRT2;CAPRIN2;TERT;NMD3;DDX11;SUB1
prerank,Positive Regulation Of Signal Transduction (GO:0009967),-0.3128352996667132,-1.2617753798030322,0.14205607476635515,0.5926849300322484,1.0,8/38,6.42%,JAK2;SFRP1;TUBD1;LANCL2;YAP1;GAS6;F7;CYP27B1
prerank,Regulation Of Transcription Elongation By RNA Polymerase II (GO:0034243),-0.3967207759176824,-1.2613020946897922,0.1907514450867052,0.5889174192632121,1.0,4/15,7.42%,MED1;INTS4;SUPT5H;CDK12
prerank,Establishment Of Protein Localization To Membrane (GO:0090150),-0.4192910592985093,-1.2562175589521634,0.19238095238095237,0.5974535103402617,1.0,6/13,17.03%,EGFR;ZDHHC11B;AQP11;GOLGA7;ZDHHC11;YIF1B
prerank,Regulation Of Signal Transduction By P53 Class Mediator (GO:1901796),-0.4364351533765565,-1.2520215122322516,0.18714555765595464,0.6029035152393143,1.0,5/12,21.02%,SOX4;RPL37;KAT6A;MDM2;DYRK2
prerank,Protein Dephosphorylation (GO:0006470),-0.39851964434033765,-1.2498946802416628,0.18379446640316205,0.603327801827515,1.0,5/15,14.84%,PTPRD;PTPRB;PPP1R15B;PTPN1;PTPRR
prerank,Regulation Of G1/S Transition Of Mitotic Cell Cycle (GO:2000045),-0.388184581409599,-1.249247351881197,0.1984126984126984,0.6001336434820441,1.0,6/16,17.83%,EGFR;GPNMB;TFDP1;CDKN2B;CDKN2A;MYO16
prerank,Cytoplasmic Translation (GO:0002181),-0.41269335980546384,-1.247481015290085,0.185546875,0.6001443029663829,1.0,4/13,15.10%,RPS21;MRPS12;RPL19;RPL37
prerank,MAPK Cascade (GO:0000165),-0.42452716976994553,-1.2471564186673643,0.19653179190751446,0.5961979309235388,1.0,7/13,32.50%,PAK1;IKBKB;USP17L2;TNIK;PTGER4;FGF10;KRAS
prerank,Positive Regulation Of Tyrosine Phosphorylation Of STAT Protein (GO:0042531),-0.4234935856450003,-1.2444154051167293,0.18618042226487524,0.5942987592197442,1.0,3/13,4.42%,JAK2;IFNG;IFNL1
prerank,Regulation Of Tyrosine Phosphorylation Of STAT Protein (GO:0042509),-0.4234935856450003,-1.2444154051167293,0.18618042226487524,0.5942987592197442,1.0,3/13,4.42%,JAK2;IFNG;IFNL1
prerank,"Regulation Of mRNA Splicing, Via Spliceosome (GO:0048024)",0.4121858805297468,1.239357134360637,0.19467213114754098,1.0,1.0,8/13,31.27%,TRA2B;SRSF6;RBM8A;KHDRBS3;RBM38;FXR1;HNRNPU;HNRNPL
prerank,Positive Regulation Of Tumor Necrosis Factor Production (GO:0032760),-0.4173583187263587,-1.2381450847110411,0.20114942528735633,0.6008306097657292,1.0,4/12,13.21%,JAK2;IFNG;FADD;TWIST1
prerank,Positive Regulation Of Tumor Necrosis Factor Superfamily Cytokine Production (GO:1903557),-0.4173583187263587,-1.2381450847110411,0.20114942528735633,0.6008306097657292,1.0,4/12,13.21%,JAK2;IFNG;FADD;TWIST1
prerank,Cellular Response To Organic Cyclic Compound (GO:0071407),-0.34275546495925246,-1.2353115853216545,0.17928286852589642,0.6035681401853259,1.0,5/23,6.85%,SFRP1;MED1;EGFR;RAP1B;URI1
prerank,Vascular Transport (GO:0010232),0.41070680209129773,1.233551873063896,0.17598343685300208,1.0,1.0,6/13,28.01%,KCNJ8;ATP1A4;ATP2B4;ABCC5;SLCO1C1;SLC2A10
prerank,Synapse Organization (GO:0050808),-0.42534696276665024,-1.2331607771061521,0.2039045553145336,0.6043976497271857,1.0,6/12,22.12%,CACNB1;CTNND2;PTPRD;SDK1;SHANK2;PPFIA1
prerank,Chromatin Organization (GO:0006325),-0.3245550495727957,-1.2329214742611505,0.17045454545454544,0.6005943100902055,1.0,5/30,6.09%,HMGA2;PAK1;RSF1;SOX1;CHD1L
prerank,Response To Lipopolysaccharide (GO:0032496),-0.349444186999586,-1.23253447210738,0.18181818181818182,0.5969991577757399,1.0,6/22,10.05%,JAK2;PDCD1LG2;ADAM9;CYP27B1;CD274;NR1D1
prerank,Protein Maturation (GO:0051604),0.41456593701149036,1.2320608336761578,0.2059447983014862,1.0,1.0,3/12,2.93%,MAGEF1;ECE2;APH1A
prerank,Regulation Of Inflammatory Response (GO:0050727),-0.31781954557910896,-1.231592673644629,0.17536534446764093,0.5947884904272721,1.0,7/33,10.05%,JAK2;BIRC3;IFNG;IL22;BIRC2;MFHAS1;NR1D1
prerank,Regulation Of Tumor Necrosis Factor Production (GO:0032680),-0.3532904317413653,-1.2287511168947203,0.1926782273603083,0.5970968179967435,1.0,6/22,13.21%,JAK2;IFNG;FADD;GAS6;RARA;TWIST1
prerank,Neuron Projection Guidance (GO:0097485),0.35218456704087964,1.227746047511051,0.1814516129032258,1.0,1.0,7/20,21.49%,NOTCH2;EPHB3;CNTN2;PTPRO;LRTM2;EFNA4;PTK2
prerank,Positive Regulation Of Wnt Signaling Pathway (GO:0030177),-0.35835173086940564,-1.227125639165725,0.19405940594059407,0.59663149986487,1.0,9/19,21.96%,SFRP1;EGFR;SOX4;MRPS12;LGR5;TNKS;CAPRIN2;TERT;SEMA5A
prerank,Negative Regulation Of Apoptotic Process (GO:0043066),-0.2681194395093348,-1.2265895907181255,0.14849624060150377,0.5934738372549133,1.0,16/67,17.53%,AGAP2;SFRP1;BIRC3;MED1;EGFR;HMGA2;YAP1;PRDM9;GAS6;RPS6KB1;BIRC2;GATA4;AKT2;BIRC7;GRINA;MDM2
prerank,Regulation Of Nucleic Acid-Templated Transcription (GO:1903506),-0.27516113200529024,-1.2259302039924478,0.15760869565217392,0.5909350789409193,1.0,19/62,23.52%,HMGA2;SOX4;ZNF536;RSF1;THAP1;SOX1;SLC2A4RG;ACTN4;GATA4;TGIF2;TRRAP;KAT6A;ERC1;SOX7;SOX17;ZFAT;ASH1L;ZNF703;AHR
prerank,Cytosolic Transport (GO:0016482),-0.4440369879166247,-1.2251983534064588,0.22962962962962963,0.5884947021393997,1.0,4/10,17.27%,HOOK3;ANKRD27;LAMP1;ERC1
prerank,mRNA Stabilization (GO:0048255),0.4377597240897956,1.2218097853955943,0.2064516129032258,1.0,1.0,2/10,7.09%,PABPC1;IGF2BP2
prerank,Regulation Of Mitotic Cell Cycle Phase Transition (GO:1901990),-0.4141154552865188,-1.218776772447418,0.22672064777327935,0.6007260028440919,1.0,6/13,17.47%,CDK6;CDKN2B;CDKN2A;CDC6;CDK4;SIRT2
prerank,Epithelial Cell Differentiation (GO:0030855),-0.4266130501784541,-1.2177408071371543,0.2079207920792079,0.5991594213990735,1.0,8/11,34.33%,YAP1;BASP1;CPT1A;AKT2;ZNF703;DAB2;TAGLN2;PCK1
prerank,Ras Protein Signal Transduction (GO:0007265),-0.4042106103290816,-1.2173513482413765,0.22840690978886757,0.5958107066746386,1.0,4/14,14.11%,RAPGEFL1;RAP1B;RAPGEF5;CDKN2A
prerank,Axon Guidance (GO:0007411),0.34316294618466103,1.2140293199949563,0.19262295081967212,1.0,1.0,7/21,21.49%,NOTCH2;EPHB3;CNTN2;PTPRO;LRTM2;EFNA4;PTK2
prerank,Regulation Of Protein Binding (GO:0043393),-0.38330788184982056,-1.2092812458944113,0.21722846441947566,0.6116918075432719,1.0,10/16,32.17%,PRMT8;CSF3;BLK;STK4;CAPRIN2;TERT;NMD3;DDX11;SUB1;DAB2
prerank,Positive Regulation Of Protein Modification Process (GO:0031401),-0.3043680279754745,-1.2092154045826524,0.17063492063492064,0.607593186734262,1.0,8/37,7.45%,CCND1;IFNG;FGF19;EGFR;GPNMB;PAK1;GAS6;FGF3
prerank,Regulation Of DNA-templated Transcription (GO:0006355),-0.21160240725528334,-1.2060075106592447,0.09347442680776014,0.6115020949658532,1.0,50/238,15.67%,SFRP1;MSL1;MED1;IFNG;EGFR;HMGA2;LANCL2;SOX4;ZNF536;KLF12;LEUTX;IKBKB;ZNF540;IKZF3;YAP1;MYRFL;RSF1;IFNL1;THAP1;TSFM;SOX1;CNOT2;GAS6;ZNF639;EID2;BASP1;CYP27B1;KLF5;TFDP1;SLC2A4RG;URI1;AEBP2;NR1D1;NRG1;MRPL36;THRA;RARA;GATA4;E2F3;FERD3L;TWIST1;ZNF383;TGIF2;CDKN2A;TRRAP;NCOA6;NEUROD2;KAT6A;GLIS3;ING1
prerank,Muscle Contraction (GO:0006936),-0.40163353217686015,-1.205678900788813,0.21357285429141717,0.6080126485919958,1.0,6/13,29.91%,SSPN;MYOM2;MYLK2;RYR2;TPCN2;FXYD1
prerank,Regulation Of Rho Protein Signal Transduction (GO:0035023),-0.43953297550996917,-1.203489817975792,0.23076923076923078,0.6096527550592968,1.0,4/10,15.40%,MYOC;F11R;MCF2L;MET
prerank,Regulation Of Fibroblast Proliferation (GO:0048145),-0.4200571339875212,-1.1996007347869688,0.23818897637795275,0.6151519005362668,1.0,4/11,15.70%,SFRP1;GAS6;CDK6;CDK4
prerank,Regulation Of Peptidyl-Serine Phosphorylation (GO:0033135),-0.37364438584929716,-1.1980240107099278,0.20527306967984935,0.6146935017100763,1.0,6/17,14.54%,EGFR;CALCR;PAK1;GAS6;CSF3;STK4
prerank,Negative Regulation Of Transforming Growth Factor Beta Receptor Signaling Pathway (GO:0030512),-0.4167779300003033,-1.1978774881398884,0.25576923076923075,0.610862636773763,1.0,7/12,30.51%,CAPN5;EID2;ING1;HTRA4;SMURF1;STRAP;ARID4B
prerank,Positive Regulation Of Metabolic Process (GO:0009893),-0.36825300758678337,-1.1927372155252303,0.22178217821782178,0.6199639260964713,1.0,5/18,10.61%,JAK2;IFNG;PRKAB2;ADRB3;THRA
prerank,Positive Regulation Of Phosphatidylinositol 3-Kinase Signaling (GO:0014068),-0.4352070784795333,-1.1895218862526613,0.2514851485148515,0.6236983947574369,1.0,3/10,10.71%,JAK2;MYOC;CSF3
prerank,Protein-Containing Complex Assembly (GO:0065003),-0.2792160989694553,-1.1831601273613361,0.21031746031746032,0.6359202695314757,1.0,12/45,17.53%,CAND1;TCAP;FADD;YAP1;CAPZA2;EID2;SLC7A9;NRG1;DNM1L;HGSNAT;FMOD;MDM2
prerank,Activation Of GTPase Activity (GO:0090630),-0.41823752445371704,-1.1786277342108185,0.25806451612903225,0.6434588370640026,1.0,5/11,22.69%,AGAP2;BCAS3;SIPA1L3;ARHGEF10;GRTP1
prerank,Positive Regulation Of Epithelial Cell Proliferation (GO:0050679),-0.35361498173087436,-1.1779803688895458,0.24509803921568626,0.6409692265068004,1.0,3/18,4.13%,SFRP1;EGFR;YAP1
prerank,Organic Substance Transport (GO:0071702),-0.35430030475019997,-1.1769832521117904,0.23828125,0.6393421487387114,1.0,9/17,28.11%,CYP27B1;AQP11;SLC6A3;NRG1;CLN8;SLCO1A2;TXNIP;RYR2;SLCO1B1
prerank,Membrane Organization (GO:0061024),0.3252159799088606,1.1764555284008515,0.23540856031128404,1.0,1.0,9/24,22.49%,RTP2;OPA1;CNTN2;RTP1;LMNA;RTP4;DCSTAMP;PRKCI;NUP155
prerank,Positive Regulation Of Nucleic Acid-Templated Transcription (GO:1903508),-0.25197987415063716,-1.1762613161806554,0.17748091603053434,0.6371119107018084,1.0,18/72,15.67%,SFRP1;MSL1;MED1;EGFR;HMGA2;SOX4;IKBKB;YAP1;MYRFL;RSF1;IFNL1;NR1D1;RARA;GATA4;TRRAP;NCOA6;KAT6A;ING1
prerank,Positive Regulation Of Epithelial Cell Migration (GO:0010634),-0.4079842267527325,-1.1740509330620708,0.24224806201550386,0.638154735053377,1.0,3/12,5.29%,IFNG;ADAM9;BCAS3
prerank,Mitotic Spindle Organization (GO:0007052),-0.43145583905576596,-1.1739685284186983,0.26159554730983303,0.6343927235613357,1.0,4/10,18.93%,TNKS;KIF3B;RMDN1;ARHGEF10
prerank,Calcium Ion Transmembrane Transport (GO:0070588),-0.42653890410731754,-1.1714338011955994,0.27756653992395436,0.6365197183526922,1.0,4/10,13.11%,TRPC6;CACNB1;GAS6;TRPC4AP
prerank,Histone Acetylation (GO:0016573),0.4299281947533472,1.1687357235666327,0.2647058823529412,1.0,1.0,4/10,19.39%,VPS72;YEATS4;PHF20L1;ACTL6A
prerank,Regulation Of Neuron Differentiation (GO:0045664),-0.3891024843266806,-1.1685394339505544,0.2540983606557377,0.6397476996125931,1.0,4/13,15.20%,MED1;CDK5RAP1;CPNE1;NEUROD2
prerank,Phospholipase C-activating G Protein-Coupled Receptor Signaling Pathway (GO:0007200),0.4072697216417776,1.1664631958501386,0.27710843373493976,1.0,1.0,8/11,33.30%,MC3R;TGM2;GPR20;OPRL1;OPRK1;TRHR;P2RY1;AGTR1
prerank,Intracellular Protein Transport (GO:0006886),-0.2918512670218545,-1.166059537057378,0.22846441947565543,0.6419135502858502,1.0,15/38,25.12%,IPO8;FUT10;CTTN;RAB20;E2F3;AKT2;SNX13;STK4;ROMO1;RANBP3L;COPA;VPS45;NUP107;SMURF1;KPNA7
prerank,Cellular Response To Transforming Growth Factor Beta Stimulus (GO:0071560),-0.40559838735389564,-1.1619808437742625,0.25806451612903225,0.6483390746627221,1.0,3/12,8.42%,SFRP1;ADAM9;GDF5
prerank,Regulation Of Protein Catabolic Process (GO:0042176),-0.34824032761524587,-1.1617028304193244,0.24948875255623723,0.6450948780680361,1.0,10/18,33.73%,AGAP2;EGFR;CYP51A1;SIRT2;MDM2;CUL4A;CDKN1B;EEF1A2;CTSA;SEC22B
prerank,Regulation Of RNA Metabolic Process (GO:0051252),0.38653118533742387,1.159467294291431,0.2777777777777778,1.0,1.0,5/13,15.44%,ILDR2;ESRP1;TRA2B;CLK2;RBM12B
prerank,Positive Regulation Of Cell Projection Organization (GO:0031346),0.3468351666205302,1.1578588352956636,0.2587268993839836,1.0,1.0,10/17,34.03%,DVL3;PTK6;SERPINI1;MAP3K13;NCOA2;PRKCI;S100A9;SS18L1;DDR2;NLGN1
prerank,DNA-templated Transcription (GO:0006351),-0.3195480071800153,-1.1556254674941246,0.2618595825426945,0.6562781568893141,1.0,7/27,15.34%,RSF1;THAP1;TFDP1;CDK12;THRA;NCOA6;GLIS3
prerank,Positive Regulation Of Protein Localization To Membrane (GO:1905477),-0.3842109665598797,-1.15443892420244,0.2777777777777778,0.6553337646531887,1.0,5/13,12.54%,PDZK1;IFNG;EGFR;STAC2;AKT2
prerank,Ribonucleoprotein Complex Biogenesis (GO:0022613),-0.3692199798898673,-1.1533173427937384,0.26666666666666666,0.6541763162997561,1.0,3/16,10.58%,ZNF622;MRPS12;MRPL36
prerank,Positive Regulation Of Cellular Biosynthetic Process (GO:0031328),-0.3149377483338493,-1.152660427009469,0.232,0.6518662522107568,1.0,11/27,22.92%,IFNG;SOX4;IRS2;RPS6KB1;NR1D1;AKT2;YTHDF1;SIRT2;DYRK2;PRKDC;CD244
prerank,Steroid Biosynthetic Process (GO:0006694),-0.4017846665181607,-1.150626651968666,0.271484375,0.6528144871599448,1.0,4/12,17.56%,CYP51A1;SQLE;SRD5A1;FDFT1
prerank,Positive Regulation Of DNA-templated Transcription (GO:0045893),-0.21597466187138795,-1.1503522177484573,0.1694290976058932,0.6497596563974678,1.0,50/165,24.02%,SFRP1;MSL1;MED1;EGFR;HMGA2;SOX4;FADD;IKBKB;YAP1;MYRFL;RSF1;IFNL1;SOX1;BCAS3;SUPT5H;ZNF639;CYP27B1;KLF5;TFDP1;CDK12;NR1D1;THRA;CSF3;RARA;GATA4;E2F3;TWIST1;TNKS;IL26;TRRAP;NCOA6;NEUROD2;KAT6A;GLIS3;MET;ING1;SIRT2;PHF20;MACC1;SOX17;S100A10;RXRG;CHD4;CAPRIN2;TERT;PRKDC;NR1I3;PCID2;AHR;MECOM
prerank,Positive Regulation Of Transmembrane Receptor Protein Serine/Threonine Kinase Signaling Pathway (GO:0090100),-0.4231856014671159,-1.150301831306207,0.2832369942196532,0.6461252303108675,1.0,3/10,8.42%,JAK2;CDKN2B;GDF5
prerank,Regulation Of JNK Cascade (GO:0046328),-0.3614279701850649,-1.1452139880580108,0.26436781609195403,0.6544038066287441,1.0,8/15,28.38%,FGF19;EGFR;ZNF622;MFHAS1;BIRC7;MECOM;TNIK;MAP3K10
prerank,Regulation Of Immune Response (GO:0050776),-0.35025814324534416,-1.141434475847385,0.3023255813953488,0.6601883592781143,1.0,11/17,37.99%,BIRC3;IFNL1;BIRC2;C9;AHR;FCGR3B;FCGR1A;LYN;C7;C6;SAMHD1
prerank,Regulation Of Response To External Stimulus (GO:0032101),-0.3568454591337423,-1.1405742839688022,0.27634194831013914,0.65865194168412,1.0,4/15,10.08%,JAK2;BIRC3;BIRC2;NRG1
prerank,Negative Regulation Of Transcription By RNA Polymerase II (GO:0000122),-0.2264564266508418,-1.1391876163513843,0.20702402957486138,0.658516421240716,1.0,26/104,17.53%,CCND1;ZNF254;MED1;IFNG;HMGA2;SOX4;ZNF536;KLF12;YAP1;THAP1;SOX1;CNOT2;SUPT5H;CYP27B1;URI1;NR1D1;THRA;RARA;GATA4;TWIST1;ZNF705B;TGIF2;GLIS3;ING1;SIRT2;MDM2
prerank,Negative Regulation Of Protein Catabolic Process (GO:0042177),-0.41730422387426724,-1.1391210117354416,0.29880478087649404,0.6549843186609415,1.0,4/10,17.47%,AGAP2;EGFR;CYP51A1;SIRT2
prerank,Protein Complex Oligomerization (GO:0051259),-0.3839900310521758,-1.1385408583800383,0.2996031746031746,0.6527213784349492,1.0,6/13,16.83%,AQP11;PRMT8;C9;DNM1L;HGSNAT;CPSF6
prerank,Negative Regulation Of MAPK Cascade (GO:0043409),0.37364693596466847,1.1376764835566648,0.2895238095238095,1.0,1.0,4/14,13.24%,DLG1;LAX1;ADIPOQ;PSCA
prerank,Regulation Of I-kappaB kinase/NF-kappaB Signaling (GO:0043122),-0.29561795894554954,-1.1373272273232127,0.2702702702702703,0.6520949730425496,1.0,6/31,10.05%,BIRC3;FADD;IKBKB;BIRC2;CPNE1;NR1D1
prerank,Regulation Of Cold-Induced Thermogenesis (GO:0120161),-0.33691124545991236,-1.1354927741749754,0.2908366533864542,0.6530295163747469,1.0,5/20,10.61%,JAK2;PRKAB2;ADRB3;NR1D1;THRA
prerank,Lipid Biosynthetic Process (GO:0008610),-0.36455312044691013,-1.1354615802422334,0.283203125,0.6494776693835687,1.0,6/14,17.56%,MBOAT1;CYP51A1;LPCAT1;CLN8;SRD5A1;FDFT1
prerank,Positive Regulation Of Cellular Component Organization (GO:0051130),-0.3959080040577466,-1.1337587172885761,0.286,0.6500500131979273,1.0,6/11,32.17%,IFNG;NRG1;NEUROD2;S100A10;TPPP;DAB2
prerank,Phospholipid Metabolic Process (GO:0006644),-0.38510333043865463,-1.1319488415274188,0.30492424242424243,0.6508853736864698,1.0,5/13,17.56%,MBOAT1;LPCAT1;CLN8;ENPP2;FDFT1
prerank,Negative Regulation Of Transmembrane Receptor Protein Serine/Threonine Kinase Signaling Pathway (GO:0090101),-0.37911285229908587,-1.1297229726424933,0.30518234165067176,0.6522709010477894,1.0,7/14,30.51%,CAPN5;EID2;ING1;HTRA4;SMURF1;STRAP;ARID4B
prerank,Defense Response To Gram-negative Bacterium (GO:0050829),-0.31873459300849094,-1.1265347977974884,0.2876447876447876,0.6562110475717282,1.0,11/24,24.58%,DEFB4A;LYZ;DEFB103A;DEFB104A;DEFB106A;DEFB107A;ROMO1;DEFA5;DEFA1;DEFB135;PRB3
prerank,Regulation Of Protein Localization To Plasma Membrane (GO:1903076),-0.3736080288907362,-1.1262071763478085,0.30740037950664134,0.6535401534656317,1.0,6/13,22.12%,IFNG;EGFR;AGR2;STAC2;NKD2;PPFIA1
prerank,Peptidyl-Serine Modification (GO:0018209),-0.31632096278426264,-1.1258964344270523,0.27486437613019893,0.6471966196648942,1.0,9/25,22.29%,IKBKB;GAS6;MAP4K1;RPS6KB1;AKT2;TNKS;STK4;DYRK2;PRKDC
prerank,Peptidyl-Serine Phosphorylation (GO:0018105),-0.31632096278426264,-1.1258964344270523,0.27486437613019893,0.6471966196648942,1.0,9/25,22.29%,IKBKB;GAS6;MAP4K1;RPS6KB1;AKT2;TNKS;STK4;DYRK2;PRKDC
prerank,Positive Regulation Of MAP Kinase Activity (GO:0043406),-0.36347641366814565,-1.125628438775321,0.2900763358778626,0.6442477358724363,1.0,4/15,8.05%,EGFR;ADAM9;PAK1;PTPN1
prerank,Antifungal Innate Immune Response (GO:0061760),0.40630910587012525,1.1205310248007303,0.2962962962962963,1.0,1.0,6/10,24.75%,CLEC4E;CLEC6A;DEFB119;CLEC4C;CLEC7A;CLEC4D
prerank,Regulation Of Endopeptidase Activity (GO:0052548),0.39678982656497896,1.119641439252104,0.31007751937984496,1.0,1.0,6/11,20.59%,APH1A;FETUB;GAPDH;SERPINI1;KNG1;AHSG
prerank,Negative Regulation Of Programmed Cell Death (GO:0043069),-0.24919891005827866,-1.117314329593745,0.26053639846743293,0.6608575170875902,1.0,18/60,24.02%,SFRP1;BIRC3;PEPD;MED1;EGFR;HMGA2;PRDM9;GAS6;RPS6KB1;BIRC2;AKT2;BIRC7;MET;MDM2;BAG4;PRKDC;PCID2;MECOM
prerank,ncRNA Processing (GO:0034470),0.34632067096375185,1.1124266265614065,0.304635761589404,1.0,1.0,3/16,8.68%,POP1;DCAF13;DDX27
prerank,Negative Regulation Of Protein Modification Process (GO:0031400),-0.36724297385874094,-1.1115495232789285,0.31153846153846154,0.6712457051230175,1.0,8/14,33.43%,PPP1R15B;MFHAS1;ENSA;YWHAB;PRKDC;TPPP;FXYD1;LYN
prerank,Negative Regulation Of Catabolic Process (GO:0009895),-0.408098631682662,-1.110451388241456,0.33067729083665337,0.6703765187258593,1.0,4/10,17.47%,AGAP2;EGFR;CYP51A1;SIRT2
prerank,Neuron Projection Development (GO:0031175),-0.29236831019647097,-1.1083772316989924,0.3286852589641434,0.6718592749139468,1.0,8/30,17.83%,PAK1;CTNND2;ANKRD27;MYOC;CTTN;TSKU;NEUROD2;MYO16
prerank,Inflammatory Response (GO:0006954),-0.2980285988350088,-1.1027332876961142,0.3125,0.6819329916709073,1.0,13/26,32.77%,IFNG;IKBKB;LYZ;IL22;MFHAS1;F11R;C3AR1;OLR1;HDAC9;PTGER4;IL6;KLRG1;CRP
prerank,Regulation Of Gene Expression (GO:0010468),-0.20746017748252052,-1.09903482521584,0.27964601769911507,0.6872061184142542,1.0,41/153,21.92%,SFRP1;MSL1;MED1;IFNG;FGF19;HMGA2;CALCR;SOX4;ZNF536;YAP1;RLN2;RSF1;THAP1;SOX1;GAS6;CYP27B1;SLC2A4RG;ZNF507;FGF3;CDK6;AGR2;MYLK2;CPNE1;NRG1;TSKU;GATA4;TWIST1;TGIF2;TRRAP;KAT6A;CDK4;ERC1;SIRT2;MDM2;PHF20;SOX7;SOX17;ZFAT;ASH1L;CHD4;TERT
prerank,Positive Regulation Of Intracellular Protein Transport (GO:0090316),-0.34705115345096116,-1.0977565638959497,0.3389513108614232,0.6869461364810084,1.0,5/16,5.66%,PDZK1;IFNG;TOMM7;BCAS3;GAS6
prerank,Negative Regulation Of T Cell Activation (GO:0050868),-0.38515089417304005,-1.096422879870978,0.3424657534246575,0.6866372954254022,1.0,4/11,8.32%,PDCD1LG2;GPNMB;IFNL1;CD274
prerank,Positive Regulation Of Amide Metabolic Process (GO:0034250),-0.3528671650464149,-1.0949201970329365,0.3241106719367589,0.6868293188148465,1.0,7/15,29.44%,IFNG;SOX4;RPS6KB1;YTHDF1;PRKDC;ERBB2;IL6
prerank,Regulation Of Innate Immune Response (GO:0045088),-0.37721101634395204,-1.0947461435818615,0.34623217922606925,0.6837711968914847,1.0,4/12,9.51%,BIRC3;FADD;PTPN1;BIRC2
prerank,Positive Regulation Of Transcription By RNA Polymerase II (GO:0045944),-0.21298679233706935,-1.0942052720206574,0.25905797101449274,0.6817581772845059,1.0,28/127,15.40%,MED1;EGFR;HMGA2;SOX4;FADD;IKBKB;YAP1;SOX1;BCAS3;SUPT5H;ZNF639;CYP27B1;KLF5;TFDP1;CDK12;NR1D1;THRA;CSF3;RARA;GATA4;E2F3;TWIST1;TNKS;IL26;NCOA6;NEUROD2;GLIS3;MET
prerank,Positive Regulation Of JNK Cascade (GO:0046330),-0.3746663069082876,-1.090283783331606,0.3435700575815739,0.6877328196519411,1.0,4/11,14.01%,FGF19;ZNF622;MFHAS1;BIRC7
prerank,Antimicrobial Humoral Immune Response Mediated By Antimicrobial Peptide (GO:0061844),-0.33049140315012165,-1.0897548066723273,0.34448818897637795,0.6857488182621198,1.0,6/17,21.72%,DEFB4A;SPAG11B;NRG1;ROMO1;DEFA5;DEFA1
prerank,Positive Regulation Of Cell Differentiation (GO:0045597),-0.2628274410646748,-1.0847781007998785,0.32941176470588235,0.694443617716704,1.0,9/42,15.20%,SFRP1;SOX4;YAP1;GDF5;CPNE1;CSF3;TWIST1;RANBP3L;NEUROD2
prerank,Double-Strand Break Repair (GO:0006302),-0.2997909380905108,-1.0808761205660575,0.3326959847036329,0.7009289316861051,1.0,9/23,26.61%,POLB;MRPL36;IFFO1;TRIP13;CHD4;TONSL;PRKDC;ZMYND8;RECQL
prerank,Positive Regulation Of Cold-Induced Thermogenesis (GO:0120162),-0.34484355485552143,-1.0808615626152929,0.3346613545816733,0.6975239058325444,1.0,6/16,22.19%,JAK2;PRKAB2;ADRB3;THRA;GNAS;FABP4
prerank,Protein Processing (GO:0016485),-0.34503366431290156,-1.0797794739337585,0.3486973947895792,0.6966847234683652,1.0,5/16,12.01%,MYRFL;F7;CPM;PARL;USP17L2
prerank,Monoatomic Cation Homeostasis (GO:0055080),-0.3774544628684299,-1.0796391775890897,0.3540489642184557,0.6935781532417723,1.0,3/12,7.05%,LETM2;CYP27B1;SLC12A7
prerank,rRNA Metabolic Process (GO:0016072),0.36692692181004305,1.0793292497010722,0.35157894736842105,1.0,1.0,4/12,26.41%,DCAF13;DDX27;RPS27;RPL35A
prerank,Negative Regulation Of Protein Metabolic Process (GO:0051248),-0.2866623686268983,-1.0769788058771232,0.34577603143418467,0.6963196208890605,1.0,8/28,17.50%,AGAP2;EGFR;ZNF540;GRB7;CYP51A1;CLN8;SIRT2;PFDN4
prerank,Negative Regulation Of Translation (GO:0017148),0.3167673167109635,1.0747595908808358,0.3683168316831683,1.0,1.0,5/20,11.04%,EIF4G1;IGF2BP2;MRPL13;GAPDH;EIF3E
prerank,Negative Regulation Of Macromolecule Metabolic Process (GO:0010605),-0.31334747647448186,-1.0733939399820536,0.35384615384615387,0.7012122954385961,1.0,5/20,9.78%,SFRP1;IFNG;FGF19;YAP1;CPNE1
prerank,Negative Regulation Of Intrinsic Apoptotic Signaling Pathway (GO:2001243),-0.3796675071657699,-1.0688887827379185,0.3885480572597137,0.7091985574359799,1.0,3/11,17.53%,URI1;PTPN1;MDM2
prerank,Regulation Of DNA Repair (GO:0006282),0.3210281400832826,1.068308507762461,0.34552845528455284,1.0,1.0,6/19,19.73%,RAD52;UBR5;VPS72;YEATS4;ACTL6A;EYA2
prerank,Defense Response To Fungus (GO:0050832),0.3386747911814162,1.0679804910260347,0.368836291913215,1.0,1.0,8/15,27.54%,CLEC4E;CLEC6A;DEFB119;GAPDH;CLEC4C;CLEC7A;CLEC4D;S100A9
prerank,Regulation Of Signal Transduction (GO:0009966),0.31042080615614487,1.0665044528349612,0.33608247422680415,1.0,1.0,5/21,13.04%,NCOA5;ZIC1;POFUT1;ADIPOQ;DOK5
prerank,Histone Modification (GO:0016570),0.35675825464264266,1.0659870797553865,0.3723196881091618,1.0,1.0,5/13,19.39%,TBL1XR1;VPS72;YEATS4;PHF20L1;ACTL6A
prerank,Defense Response To Gram-positive Bacterium (GO:0050830),-0.29799038598824884,-1.0652496097992816,0.33911368015414256,0.7144302900177598,1.0,10/25,23.12%,DEFB4A;LYZ;DEFB103A;DEFB104A;DEFB106A;DEFB107A;ROMO1;DEFA5;DEFA1;DEFB135
prerank,Protein Modification Process (GO:0036211),-0.2241404016172015,-1.065219280499229,0.3308550185873606,0.7111560453570298,1.0,20/88,15.70%,JAK2;CCNE1;PAK1;IKBKB;PTPRD;GAS6;PTPRB;AQP11;MACROD2;CDK6;MAP4K1;PTPN1;FUT10;RARA;GMFG;MSRA;AKT2;STK4;PTPRR;CDK4
prerank,Monoatomic Ion Transport (GO:0006811),-0.3233316995688821,-1.0651254878464664,0.3638095238095238,0.7080690436725539,1.0,4/19,7.05%,SLC20A2;TRPC6;AQP11;SLC12A7
prerank,Intracellular Monoatomic Cation Homeostasis (GO:0030003),0.2985151946811726,1.0634577038981858,0.35084033613445376,1.0,1.0,10/22,28.98%,EDN3;ATP13A5;ATP13A4;ATP1A4;CP;ATP2B4;ATP1B1;ATP13A3;CLDN16;TRPA1
prerank,Protein Localization (GO:0008104),0.24719152925770968,1.0632549261010849,0.31670281995661603,1.0,1.0,13/44,19.03%,SNX31;RTP2;AKAP3;ANGPT1;RTP1;TSNARE1;ARL14;TM9SF4;PEX5;SNX27;RAB22A;RTP4;PEX5L
prerank,Peptide Biosynthetic Process (GO:0043043),-0.297391390950843,-1.0613796187652567,0.3775700934579439,0.7135510199978498,1.0,6/23,15.10%,RPS21;GGT7;MRPS12;RPL19;MRPL36;RPL37
prerank,Negative Regulation Of Gene Expression (GO:0010629),-0.2595886934793811,-1.060581965496787,0.356,0.712220774214864,1.0,9/43,10.94%,SFRP1;IFNG;FGF19;GPNMB;ZNF540;YAP1;GRB7;CPNE1;TDRD12
prerank,Mitochondrial Translation (GO:0032543),-0.3373561603352685,-1.0580080770597187,0.39341085271317827,0.7151031775781201,1.0,4/15,10.58%,TSFM;MRPS12;MRPL21;MRPL36
prerank,Positive Regulation Of Protein-Containing Complex Assembly (GO:0031334),-0.39498224514168667,-1.057984955922958,0.37424547283702214,0.7119012754784191,1.0,3/10,10.08%,IFNG;RAP1B;NRG1
prerank,Positive Regulation Of Protein Ubiquitination (GO:0031398),-0.36848183157061676,-1.0560730393945224,0.38289205702647655,0.7133426257008765,1.0,3/11,14.01%,BIRC3;BIRC2;BIRC7
prerank,DNA Repair (GO:0006281),-0.2831969302038247,-1.0552557453112672,0.36988847583643125,0.7122229288736664,1.0,8/27,22.29%,POLB;HMGA2;CHD1L;NEIL2;MRPL36;TRRAP;TRIP13;PRKDC
prerank,Protein Stabilization (GO:0050821),-0.2703805117687763,-1.0543509137048503,0.3935969868173258,0.7111595257038468,1.0,10/35,20.39%,SOX4;PDRG1;URI1;LAMP1;GOLGA7;STK4;TTI2;PFDN4;BAG4;SOX17
prerank,Sensory Perception Of Light Stimulus (GO:0050953),0.3726221367681425,1.0517722982567694,0.38065843621399176,1.0,1.0,2/10,4.56%,PRR4;OPA1
prerank,Regulation Of Epithelial To Mesenchymal Transition (GO:0010717),-0.36953791136285874,-1.051292136761431,0.4137254901960784,0.7153652543010065,1.0,5/11,32.17%,SFRP1;TWIST1;ZNF703;IL6;DAB2
prerank,Inorganic Cation Import Across Plasma Membrane (GO:0098659),0.3303145683003704,1.0496646130419314,0.373469387755102,1.0,1.0,6/15,24.65%,KCNJ8;ATP1A4;ATP2B4;SLC12A5;ATP1B1;KCNK9
prerank,Transmembrane Receptor Protein Tyrosine Kinase Signaling Pathway (GO:0007169),-0.24163683570202354,-1.0496114707753004,0.3401869158878505,0.7162884539064074,1.0,13/54,15.74%,JAK2;FGF19;EGFR;COL4A2;PAK1;GRB7;FGF3;IRS2;NRG1;AKT2;BLK;MET;ARHGEF7
prerank,Import Into Nucleus (GO:0051170),-0.3838385524470854,-1.0476577414476835,0.395112016293279,0.7147456413260068,1.0,5/10,25.12%,IPO8;E2F3;STK4;NUP107;KPNA7
prerank,Protein Import Into Nucleus (GO:0006606),-0.3838385524470854,-1.0476577414476835,0.395112016293279,0.7147456413260068,1.0,5/10,25.12%,IPO8;E2F3;STK4;NUP107;KPNA7
prerank,Negative Regulation Of Macromolecule Biosynthetic Process (GO:0010558),0.35570638821656136,1.0469988650155098,0.4087301587301587,1.0,1.0,4/13,11.18%,IGF2BP2;MRPL13;GAPDH;ADIPOQ
prerank,Nitrogen Compound Transport (GO:0071705),-0.33083556200944475,-1.0447014863163715,0.3785425101214575,0.7185579171449216,1.0,6/15,27.84%,SLC6A3;NRG1;SLC6A13;SLC6A18;TXNIP;SLC6A19
prerank,Defense Response To Symbiont (GO:0140546),-0.3139702995134377,-1.044555902039535,0.37549407114624506,0.7157760572588394,1.0,4/20,8.18%,FADD;IFNL1;LYST;IFNL3
prerank,Cardiac Muscle Tissue Development (GO:0048738),-0.36646821518242484,-1.0443427399978504,0.3673913043478261,0.7131655541321972,1.0,4/11,11.38%,TCAP;MYLK2;NRG1;GATA4
prerank,Protein Localization To Plasma Membrane (GO:0072659),-0.2886324523717362,-1.0437272911624287,0.39,0.7084433098735353,1.0,10/25,25.68%,PDZK1;IKBKB;GAS6;ANK1;F11R;S100A10;NKD2;PKP2;SMURF1;TNIK
prerank,Protein Localization To Cell Periphery (GO:1990778),-0.2886324523717362,-1.0437272911624287,0.39,0.7084433098735353,1.0,10/25,25.68%,PDZK1;IKBKB;GAS6;ANK1;F11R;S100A10;NKD2;PKP2;SMURF1;TNIK
prerank,Positive Regulation Of Stress-Activated MAPK Cascade (GO:0032874),-0.3367298946775889,-1.0429081354090508,0.38519924098671726,0.7073354514045684,1.0,5/14,14.50%,FGF19;ZNF622;MFHAS1;BIRC7;IL26
prerank,Myelination (GO:0042552),-0.3608351069282593,-1.041479986446643,0.392578125,0.7075861151232561,1.0,8/12,28.31%,ACER3;MYOC;NFASC;SIRT2;ARHGEF10;MPZ;TPPP;LGI4
prerank,Establishment Of Protein Localization To Organelle (GO:0072594),-0.3416170823836979,-1.0413128148784951,0.38866396761133604,0.7049484803438569,1.0,7/14,25.12%,IPO8;LAMP1;E2F3;STK4;NUP107;RYR2;KPNA7
prerank,Regulation Of Cellular Component Organization (GO:0051128),-0.3188398328107888,-1.0412862418565325,0.40458015267175573,0.7019975932618526,1.0,4/18,10.08%,RAP1B;URI1;PTPN1;NRG1
prerank,Positive Regulation Of Protein Phosphorylation (GO:0001934),-0.23151041673350803,-1.0398901693457678,0.3837429111531191,0.702150175210362,1.0,14/64,14.54%,JAK2;CCND1;AGAP2;FGF19;EGFR;GPNMB;CALCR;PAK1;GAS6;FGF3;GDF5;CSF3;AKT2;STK4
prerank,Regulation Of Peptidyl-Tyrosine Phosphorylation (GO:0050730),-0.2976349768805955,-1.0395654751444687,0.3799212598425197,0.6998098687821155,1.0,5/22,10.71%,JAK2;SFRP1;EGFR;NRG1;CSF3
prerank,Regulation Of Double-Strand Break Repair (GO:2000779),0.336166727495918,1.0389935983802105,0.38415841584158417,1.0,1.0,6/15,22.79%,UBR5;VPS72;YEATS4;RAD51AP1;ACTL6A;RTEL1
prerank,Regulation Of Anatomical Structure Morphogenesis (GO:0022603),0.3206631862305246,1.0378713806005182,0.41025641025641024,1.0,1.0,5/16,10.94%,FITM2;EPHB3;OR10J5;SDC2;BCL6
prerank,Negative Regulation Of Protein Phosphorylation (GO:0001933),-0.3237801796017134,-1.037533723310203,0.3821292775665399,0.7014136023664483,1.0,7/16,25.98%,SFRP1;PPP1R15B;SIRT2;CAMK2N2;DBNDD2;PRKDC;DEPTOR
prerank,Regulation Of Defense Response (GO:0031347),-0.3557346119164624,-1.0372895321718776,0.39250493096646943,0.6989983091536082,1.0,3/11,9.51%,JAK2;BIRC3;BIRC2
prerank,Intracellular Calcium Ion Homeostasis (GO:0006874),0.3317764335952642,1.0368716191150467,0.4021276595744681,1.0,1.0,9/15,32.34%,EDN3;ATP13A5;ATP13A4;TMCO1;ATP2B4;ATP1B1;ATP13A3;TRPA1;TMEM64
prerank,Vesicle Organization (GO:0016050),0.33779123812981604,1.033329691625829,0.4096638655462185,1.0,1.0,7/14,29.14%,PLEKHF2;TSNARE1;RAB22A;TRAPPC9;LAPTM4B;AP2M1;ARFGEF2
prerank,Negative Regulation Of Hydrolase Activity (GO:0051346),-0.37826007668838924,-1.032780077159899,0.41020408163265304,0.7062430898140315,1.0,3/10,12.01%,BCAS3;URI1;USP17L2
prerank,Positive Regulation Of Cellular Component Biogenesis (GO:0044089),-0.36197568782823186,-1.0313808668179743,0.4091816367265469,0.7064838695828779,1.0,2/11,10.08%,IFNG;NRG1
prerank,mRNA Transport (GO:0051028),-0.3779350244770805,-1.0302942236151658,0.4168336673346693,0.7059677908468429,1.0,4/10,29.94%,CASC3;NUP107;MAGOHB;RAE1
prerank,Regulation Of Cation Channel Activity (GO:2001257),0.34009155359220133,1.0256387141216832,0.4234592445328032,1.0,1.0,6/13,22.02%,DLG1;KCNS2;JPH1;FGF12;KCNG1;MMP9
prerank,Cellular Response To Cytokine Stimulus (GO:0071345),-0.2569210979316966,-1.0253018298012586,0.41523809523809524,0.7144044679068302,1.0,7/38,13.64%,JAK2;SFRP1;IKBKB;GAS6;NR1D1;CSF3;LIFR
prerank,Regulation Of Transcription By RNA Polymerase II (GO:0006357),-0.18034833382311155,-1.0243075583693426,0.37433155080213903,0.7136802572846629,1.0,48/247,15.70%,CCND1;ZNF254;MED1;IFNG;EGFR;HMGA2;SOX4;FADD;ZNF536;KLF12;LEUTX;IKBKB;IKZF3;YAP1;THAP1;SOX1;CNOT2;BCAS3;SUPT5H;ZNF639;CYP27B1;KLF5;TFDP1;SLC2A4RG;URI1;CDK12;AEBP2;NR1D1;MRPL36;THRA;CSF3;RARA;GATA4;E2F3;FERD3L;TWIST1;TNKS;ZNF383;ZNF705B;TGIF2;IL26;TRRAP;NCOA6;NEUROD2;GLIS3;MET;ING1;CDK4
prerank,Cellular Response To Insulin Stimulus (GO:0032869),-0.3258296092106688,-1.0232257334993913,0.41818181818181815,0.7130872567619146,1.0,7/15,27.88%,GRB7;IRS2;RPS6KB1;AKT2;PRKDC;HDAC9;USF1
prerank,Protein Localization To Organelle (GO:0033365),0.30597261192405806,1.0166187869538428,0.439918533604888,1.0,1.0,4/16,12.18%,PEX2;SYS1;RCSD1;LMNA
prerank,Regulation Of Interleukin-1 Beta Production (GO:0032651),-0.37300221002321915,-1.015039278012953,0.4209486166007905,0.7285722673025068,1.0,2/10,1.76%,JAK2;IFNG
prerank,Potassium Ion Transport (GO:0006813),0.2658804679614245,1.0145230409658945,0.4106090373280943,1.0,1.0,16/31,35.83%,KCNMB2;KCNS2;KCNJ8;ATP1A4;KCNG1;KCNB2;SLC9A8;LRRC52;KCNMB3;KCNK9;KCNN3;KCNA6;KCNA5;KCNAB1;KCNB1;KCNA1
prerank,Cellular Response To Calcium Ion (GO:0071277),-0.3518169382828482,-1.0135577055380622,0.44320297951582865,0.729112354443003,1.0,5/12,23.45%,CPNE1;SYT10;NEUROD2;CPNE8;SYT11
prerank,Regulation Of Neurogenesis (GO:0050767),-0.33771785218999306,-1.012518270792794,0.42535787321063395,0.7285168772823992,1.0,3/13,4.13%,IFNG;HOOK3;YAP1
prerank,Sodium Ion Transport (GO:0006814),-0.32496825940629975,-1.0119663981128808,0.4076923076923077,0.7267116129668786,1.0,8/14,31.97%,SLC6A3;SLC6A13;SLC6A18;TPCN2;HCN1;SLC6A19;SCNN1A;NDUFA9
prerank,"RNA Splicing, Via Transesterification Reactions With Bulged Adenosine As Nucleophile (GO:0000377)",0.30996775229780044,1.011645480924933,0.4216101694915254,1.0,1.0,9/17,30.84%,PABPC1;TRA2B;SRSF6;SNRPE;RBM8A;CTNNBL1;HNRNPU;DHX35;RALY
prerank,Regulation Of Cell Cycle Process (GO:0010564),-0.32100852610035796,-1.011602285179113,0.43575418994413406,0.7246637705509383,1.0,3/15,7.98%,SFRP1;HMGA2;CDKN2B
prerank,Cellular Response To Molecule Of Bacterial Origin (GO:0071219),0.30884958362126974,1.0101265577072294,0.46296296296296297,1.0,1.0,6/16,14.40%,PEX2;FCGR2B;DEFB124;EHHADH;NFKBIB;LY96
prerank,Positive Regulation Of Protein Binding (GO:0032092),-0.3613787921804374,-1.0099924498248376,0.44509803921568625,0.7256357781953049,1.0,7/11,31.90%,CSF3;BLK;STK4;CAPRIN2;TERT;NMD3;SUB1
prerank,Regulation Of Translational Initiation (GO:0006446),0.3386909322199357,1.009810506575203,0.45454545454545453,1.0,1.0,6/13,21.52%,EIF4G1;EIF2B5;EIF4A2;EIF3E;YTHDF3;UHMK1
prerank,Sodium Ion Transmembrane Transport (GO:0035725),-0.3236052352943249,-1.0056816158374862,0.4468937875751503,0.7325827856199928,1.0,8/15,31.10%,SLC6A3;SLC6A13;SLC6A18;TPCN2;HCN1;SLC6A19;ATP4B;SCNN1A
prerank,Regulation Of MAP Kinase Activity (GO:0043405),-0.310114561773533,-1.0043421389104417,0.46611909650924027,0.732637824977409,1.0,4/18,8.05%,EGFR;ADAM9;CDK12;PTPN1
prerank,Regulation Of Osteoblast Differentiation (GO:0045667),-0.3058535986347668,-1.0026347947316274,0.44490644490644493,0.7336816430967831,1.0,7/18,29.44%,YAP1;CDK6;TWIST1;RANBP3L;HDAC9;ZHX3;IL6
prerank,Protein Targeting To Membrane (GO:0006612),0.30562467555251494,1.0005713242920105,0.46234309623430964,1.0,1.0,6/16,19.19%,RTP2;RTP1;PEX19;PEX5;RTP4;PRKCI
prerank,Hemopoiesis (GO:0030097),-0.30811022154489215,-0.998112306060511,0.45866141732283466,0.7406691431730811,1.0,6/19,15.30%,SFRP1;FUT10;ASH2L;PRRC2C;NCOA6;KAT6A
prerank,Negative Regulation Of Cellular Biosynthetic Process (GO:0031327),-0.28647170248799725,-0.9978175841518309,0.451417004048583,0.7383237197169158,1.0,4/22,7.09%,FGF19;ZNF540;ERLIN2;GRB7
prerank,Positive Regulation Of Mitotic Cell Cycle Phase Transition (GO:1901992),-0.3502469049891529,-0.9888983409826256,0.4588910133843212,0.7557528560732464,1.0,4/11,15.70%,CCND1;EGFR;TFDP1;CDK4
prerank,Translation (GO:0006412),-0.252403775332924,-0.9863539015799714,0.4686907020872865,0.7586149440616464,1.0,7/31,15.10%,RPS21;TSFM;MRPS12;MRPL21;RPL19;MRPL36;RPL37
prerank,Glycolipid Biosynthetic Process (GO:0009247),0.35116358272467973,0.9808932128919471,0.46458333333333335,1.0,1.0,3/10,17.76%,SCCPDH;PIGC;B3GNT5
prerank,Protein Ubiquitination (GO:0016567),-0.23115131876200773,-0.9789954474076697,0.4941860465116279,0.7724120379898903,1.0,13/45,19.26%,RNF122;CAND1;KLHL42;FBXO25;BIRC2;RNF115;TRPC4AP;TNKS;BIRC7;NEUROD2;KLHL7;MDM2;FBXL7
prerank,Striated Muscle Contraction (GO:0006941),-0.3463892257536144,-0.9777081506815981,0.48282442748091603,0.7724123221437541,1.0,3/11,9.48%,TCAP;STAC2;MYLK2
prerank,Potassium Ion Import Across Plasma Membrane (GO:1990573),0.33905280848746566,0.9773166789721678,0.49793388429752067,1.0,1.0,5/11,24.65%,KCNJ8;ATP1A4;SLC12A5;ATP1B1;KCNK9
prerank,Adenylate Cyclase-Activating G Protein-Coupled Receptor Signaling Pathway (GO:0007189),-0.3453342925764231,-0.9761165652022772,0.47470817120622566,0.7732072097062214,1.0,5/10,28.51%,CALCR;ADRB3;GNAS;ADCY2;PTGER4
prerank,Positive Regulation Of Defense Response (GO:0031349),-0.33692411669194383,-0.9734113484356527,0.49203187250996017,0.7763594824478314,1.0,2/12,2.99%,IFNG;FADD
prerank,Defense Response To Virus (GO:0051607),-0.2792851617367009,-0.972869514004428,0.47368421052631576,0.7745232765759221,1.0,5/23,14.27%,FADD;IFNL1;LYST;IFNL3;ZDHHC11
prerank,Proteasome-Mediated Ubiquitin-Dependent Protein Catabolic Process (GO:0043161),-0.23188314526158216,-0.9723201844748123,0.5061224489795918,0.7728283175603657,1.0,12/41,19.43%,RNF122;ERLIN2;KLHL42;PSMD8;BIRC2;NCCRP1;TRPC4AP;FBXL20;SIRT2;MDM2;FBXL7;PSMC4
prerank,Positive Regulation Of Fat Cell Differentiation (GO:0045600),0.3185033220195215,0.9716267165066548,0.4800796812749004,1.0,1.0,8/13,37.26%,ZBTB7B;GDF3;HNRNPU;TMEM64;CEBPB;LMO3;ADIG;CREBL2
prerank,Regulation Of Cell Adhesion (GO:0030155),0.2954177295406034,0.9693280752293562,0.5060975609756098,1.0,1.0,5/17,21.49%,ANGPT1;EPHB3;TGM2;KNG1;PTK2
prerank,Regulation Of Ras Protein Signal Transduction (GO:0046578),0.35015840825927735,0.9689631984645974,0.4946695095948827,1.0,1.0,3/10,24.88%,NOTCH2;DENND3;PDCD10
prerank,Fatty Acid Metabolic Process (GO:0006631),-0.35062198201285605,-0.9668990950255554,0.4911591355599214,0.7823880895649444,1.0,3/10,11.14%,NUDT19;CPT1A;SLC27A3
prerank,mRNA Processing (GO:0006397),0.28032863837873667,0.9667756818781665,0.49166666666666664,1.0,1.0,7/20,18.73%,PABPC1;TRA2B;SRSF6;RPRD1B;SNRPE;RBM8A;CTNNBL1
prerank,Positive Regulation Of Protein Localization To Nucleus (GO:1900182),-0.3117132728785916,-0.9649605899017125,0.49808429118773945,0.7837724458758049,1.0,5/15,21.92%,IFNG;YAP1;ORMDL3;PINX1;TERT
prerank,Regulation Of GTPase Activity (GO:0043087),-0.2650699557405955,-0.9645311324000461,0.4797570850202429,0.7818484770092183,1.0,7/25,15.74%,SFRP1;RAPGEFL1;BCAS3;RAPGEF5;USP17L2;SNX13;ARHGEF7
prerank,Protein Autophosphorylation (GO:0046777),-0.26108076320119483,-0.963610703391534,0.4933078393881453,0.7809251626807483,1.0,6/29,9.48%,JAK2;EGFR;PAK1;CDK12;MAP4K1;MYLK2
prerank,Transmembrane Receptor Protein Serine/Threonine Kinase Signaling Pathway (GO:0007178),-0.3237427840826846,-0.9621078976806697,0.49407114624505927,0.7812626670440996,1.0,3/13,8.42%,ADAM9;EID2;GDF5
prerank,Neuropeptide Signaling Pathway (GO:0007218),0.3503829159723547,0.9619498928672205,0.5170212765957447,1.0,1.0,6/10,36.86%,RXFP4;NPBWR1;OPRL1;OPRK1;RXFP3;GPR149
prerank,Regulation Of MAPK Cascade (GO:0043408),-0.24839883636574156,-0.960854559944663,0.5185873605947955,0.7812515474398269,1.0,6/33,9.81%,EGFR;PAK1;ZNF622;MAP4K1;MYOC;ADRB3
prerank,Regulation Of DNA Metabolic Process (GO:0051052),0.29871980220759,0.960711155427628,0.48118811881188117,1.0,1.0,12/17,43.51%,GRHL2;NSMCE2;ACTL6A;UBE2V1;IL7R;DSCC1;ACTR5;CHRAC1;MYC;UBE2V2;TAF4;ENY2
prerank,Protein Glycosylation (GO:0006486),0.26902926440146024,0.959115630718814,0.5020080321285141,1.0,1.0,10/22,31.37%,PSMD2;POFUT1;B3GNT5;GALNT8;B4GALT5;B3GALNT2;ALG10;ALG10B;RPN2;SERP1
prerank,ERAD Pathway (GO:0036503),-0.3420296412337163,-0.9562204887906554,0.4969450101832994,0.7890420322759077,1.0,5/10,34.20%,ERLIN2;NCCRP1;RNF139;FBXO27;OS9
prerank,Lysosomal Transport (GO:0007041),-0.3369906081035884,-0.9553255856833287,0.5166051660516605,0.7882023749378172,1.0,3/11,16.03%,HOOK3;LAMP1;HGSNAT
prerank,Extracellular Matrix Organization (GO:0030198),-0.25706123950098847,-0.9544164737413309,0.518095238095238,0.7873100860140898,1.0,10/27,29.84%,ST7;COL4A2;GAS6;MMP7;MMP20;COL4A1;CTSS;MANSC4;ADAMTS12;ADAMTS16
prerank,ERBB Signaling Pathway (GO:0038127),-0.3135194724512328,-0.9541008627494093,0.512720156555773,0.7851348931984665,1.0,4/13,14.84%,EGFR;GRB7;NRG1;PTPRR
prerank,Protein N-linked Glycosylation (GO:0006487),0.32908151731677615,0.9519054597694593,0.510934393638171,1.0,1.0,4/11,30.17%,PSMD2;ALG10;ALG10B;RPN2
prerank,Vesicle Fusion (GO:0006906),-0.3181086051179787,-0.9471193500591439,0.49706457925636005,0.7983447545230309,1.0,5/13,23.45%,SAMD9;PIP4K2B;RAB20;NKD2;SYT11
prerank,Cartilage Development (GO:0051216),-0.3377960697623897,-0.9461731500234678,0.5324675324675324,0.7974939823630841,1.0,2/10,8.42%,HMGA2;GDF5
prerank,Positive Regulation Of Protein Localization (GO:1903829),-0.32129531356230073,-0.941988543429127,0.5317460317460317,0.8042543531860501,1.0,4/12,23.45%,PDZK1;YAP1;ORMDL3;SYT11
prerank,Regulation Of Cytoskeleton Organization (GO:0051493),-0.2925460018046946,-0.9409983132136666,0.49794238683127573,0.8037349099824787,1.0,4/16,13.01%,PAK1;NRG1;F11R;BAIAP2L1
prerank,Intracellular Protein Transmembrane Transport (GO:0065002),-0.3257450289858489,-0.9407604132292827,0.5199240986717267,0.8014402736249833,1.0,4/12,14.90%,SEC61G;PEX1;AKT2;ROMO1
prerank,Positive Regulation Of Peptidyl-Tyrosine Phosphorylation (GO:0050731),-0.2504221837803589,-0.9405055787019223,0.5349716446124764,0.7990943716798079,1.0,6/30,10.71%,JAK2;IFNG;IFNL1;GAS6;PTPN1;CSF3
prerank,Skeletal System Development (GO:0001501),0.24887873798447896,0.9386227076125274,0.5422680412371134,1.0,1.0,13/29,34.46%,TGM2;SULF2;TRPS1;PTHLH;GDF3;AHSG;SHOX2;MMP16;PRELP;CHRD;EXT1;LAMA5;NPR3
prerank,Regulation Of Cytokine Production (GO:0001817),0.2599240521085686,0.9381308568065443,0.5663551401869159,1.0,1.0,6/25,10.94%,CLEC6A;FCGR2B;IGF2BP2;GAPDH;KLRF2;BCL6
prerank,Peptidyl-Tyrosine Modification (GO:0018212),-0.30602425959813107,-0.9378855063180075,0.5390625,0.8021781432930204,1.0,2/14,2.13%,JAK2;EGFR
prerank,Extracellular Structure Organization (GO:0043062),-0.27631149153831036,-0.9374596566851827,0.515748031496063,0.8003329185778844,1.0,8/19,29.84%,ST7;COL4A2;MMP7;MMP20;COL4A1;MANSC4;ADAMTS12;ADAMTS16
prerank,Potassium Ion Transmembrane Transport (GO:0071805),0.24554333775567067,0.9366625672039012,0.5566801619433198,1.0,1.0,11/31,25.68%,KCNS2;KCNJ8;ATP1A4;KCNG1;KCNB2;SLC9A8;SLC12A5;ATP1B1;LRRC52;KCNK9;KCNN3
prerank,Protein Localization To Membrane (GO:0072657),-0.24370301101345304,-0.9342708979797266,0.5551102204408818,0.8046900763293506,1.0,11/30,25.68%,PDZK1;IKBKB;GAS6;ANK1;F11R;ANO1;S100A10;NKD2;PKP2;SMURF1;TNIK
prerank,Positive Regulation Of I-kappaB kinase/NF-kappaB Signaling (GO:0043123),-0.2540552000077011,-0.9341947427008468,0.5821782178217821,0.8019650508683487,1.0,4/26,9.51%,BIRC3;FADD;IKBKB;BIRC2
prerank,Visual Perception (GO:0007601),0.3155183171597182,0.9326946704888418,0.5419222903885481,1.0,1.0,2/12,4.56%,PRR4;OPA1
prerank,Calcium-Dependent Cell-Cell Adhesion Via Plasma Membrane Cell Adhesion Molecules (GO:0016339),0.33444592790387184,0.9312376437803074,0.5436507936507936,1.0,1.0,10/10,66.67%,CDH22;NLGN1;CDH17;CDH4;CDH6;CDH9;CDH18;CDH10;CDH12;CDH26
prerank,Endocytosis (GO:0006897),-0.2747191200361899,-0.930997749977093,0.5375494071146245,0.8061729810701297,1.0,5/19,15.40%,AP3M2;GAS6;ADRB3;CTTN;MET
prerank,Regulation Of TOR Signaling (GO:0032006),-0.324686666535676,-0.9309925734607205,0.5492424242424242,0.80334455026251,1.0,4/12,25.98%,GAS6;ITFG2;LAMTOR2;DEPTOR
prerank,RNA Splicing (GO:0008380),-0.30490812551854696,-0.9308486357472328,0.5502958579881657,0.800841087219099,1.0,11/14,41.25%,CDK12;LSM1;MAGOHB;PRPF3;CELF3;MBNL1;PRPF6;SCNM1;NCBP2;DDX47;SF3B4
prerank,Regulation Of Intracellular Signal Transduction (GO:1902531),-0.21206001465222285,-0.9307623139950358,0.5805860805860806,0.798238577537458,1.0,14/53,23.55%,EGFR;PAK1;GDF5;MYOC;CPNE1;GATA4;ITFG2;MCF2L;STK4;KAT6A;ARHGEF10;DYRK2;LIME1;FGD4
prerank,Positive Regulation Of Protein Transport (GO:0051222),-0.34538799099080564,-0.9304652572052238,0.5222672064777328,0.7960076954832671,1.0,3/10,11.18%,ADAM9;BCAS3;DNM1L
prerank,Dephosphorylation (GO:0016311),-0.28479310071999353,-0.9301697609460049,0.5502958579881657,0.7938879202530928,1.0,5/18,16.77%,PTPRD;PTPRB;PTPN1;PTPRR;DUSP15
prerank,Phosphate-Containing Compound Metabolic Process (GO:0006796),-0.285587721646462,-0.928233285276344,0.5434782608695652,0.7956443137333853,1.0,5/18,16.77%,PAK1;PTPRD;PTPRB;CLN8;DUSP15
prerank,Positive Regulation Of Protein Modification By Small Protein Conjugation Or Removal (GO:1903322),-0.3274732904827412,-0.928172584743629,0.5414937759336099,0.7930006654689992,1.0,3/11,14.01%,BIRC3;BIRC2;BIRC7
prerank,Cell-Cell Adhesion Mediated By Cadherin (GO:0044331),0.33444592790387195,0.9278426113552255,0.5313131313131313,1.0,1.0,10/10,66.67%,CDH22;MMP24;CDH17;CDH4;CDH6;CDH9;CDH18;CDH10;CDH12;CDH26
prerank,Cellular Response To Oxygen-Containing Compound (GO:1901701),-0.2099463538811075,-0.9261696650513995,0.6081330868761553,0.7946285052975726,1.0,24/57,29.57%,PDCD1LG2;SFRP1;EGFR;ADAM9;RAP1B;CD274;CPNE1;NR1D1;SYT10;RARA;ROMO1;NEUROD2;DEFA5;LAMTOR2;CPNE8;DEFA1;ZNF703;SYT11;AHR;CYP11B1;HCN1;CDKN1B;IL6;AKAP9
prerank,Calcium Ion Homeostasis (GO:0055074),0.29766497960386074,0.9232391169172965,0.553014553014553,1.0,1.0,7/14,28.98%,EDN3;ATP13A5;ATP13A4;ATP2B4;ATP1B1;ATP13A3;TRPA1
prerank,Cell Junction Assembly (GO:0034329),-0.27526894002151336,-0.9223634986854988,0.5321637426900585,0.8001960702610338,1.0,8/18,34.10%,CTNND2;VMP1;SDK1;SHANK2;PKP2;CDH26;CDH12;CDH10
prerank,Cellular Response To Metal Ion (GO:0071248),-0.2768790806292465,-0.9202837747357595,0.5700757575757576,0.8018475985052648,1.0,7/19,24.92%,EGFR;CPNE1;SYT10;NEUROD2;CPNE8;SYT11;CYP11B1
prerank,Response To Calcium Ion (GO:0051592),-0.2822188532970199,-0.9195394642413011,0.5393258426966292,0.8006237676776502,1.0,7/18,25.02%,ADAM9;CPNE1;SYT10;NEUROD2;CPNE8;SYT11;RYR2
prerank,Negative Regulation Of Wnt Signaling Pathway (GO:0030178),-0.28966352201302276,-0.9182385955285628,0.574468085106383,0.8006119031065021,1.0,6/16,21.26%,SFRP1;TSKU;STK4;SOX17;NKD2;DKK4
prerank,Protein Transport (GO:0015031),-0.23752223825408386,-0.913365904590066,0.6131386861313869,0.8083852950742892,1.0,9/34,20.06%,CTTN;GOLGA7;RAB20;VMP1;SNX13;ROMO1;KIF3B;COPA;VPS45
prerank,Regulation Of Cell Differentiation (GO:0045595),0.23665935106083147,0.9110901055979813,0.5888030888030888,1.0,1.0,9/29,21.49%,EDN3;RORC;HEY1;OR10J5;TRPS1;GNB3;PTHLH;ACTL6A;PTK2
prerank,Keratinocyte Differentiation (GO:0030216),-0.3050924040754041,-0.9103870755115695,0.5463917525773195,0.8094477674160608,1.0,2/13,2.33%,MED1;ADAM9
prerank,Epidermal Cell Differentiation (GO:0009913),-0.3050924040754041,-0.9103870755115695,0.5463917525773195,0.8094477674160608,1.0,2/13,2.33%,MED1;ADAM9
prerank,Positive Regulation Of Cytokine Production (GO:0001819),-0.223677497806424,-0.910320524507184,0.5775193798449613,0.8069102366048281,1.0,9/42,14.50%,JAK2;IFNG;FADD;IFNL1;CD274;RARA;GATA4;TWIST1;IL26
prerank,Response To Endoplasmic Reticulum Stress (GO:0034976),0.31593419694078334,0.9074218964744375,0.5687885010266941,1.0,1.0,3/11,12.71%,EIF2B5;ERP27;TMCO1
prerank,Negative Regulation Of Kinase Activity (GO:0033673),-0.32514158378233954,-0.9056967986528776,0.5919540229885057,0.8138101757106304,1.0,5/10,29.17%,IRS2;CAMK2N2;DBNDD2;DEPTOR;CDKN1B
prerank,Integrin-Mediated Signaling Pathway (GO:0007229),-0.3277517247989011,-0.9040459223188777,0.585603112840467,0.8145588444512987,1.0,1/10,2.33%,ADAM9
prerank,Positive Regulation Of Nervous System Development (GO:0051962),0.3233175886917772,0.9033352772104263,0.5663366336633663,1.0,1.0,3/10,13.37%,EPHB3;TGM2;CLSTN3
prerank,Non-Membrane-Bounded Organelle Assembly (GO:0140694),-0.2999230577917245,-0.9022914962294136,0.5846774193548387,0.8156720826727785,1.0,7/14,24.85%,GRB7;PRRC2C;SQLE;TNKS;YTHDF1;TUBGCP3;MYL9
prerank,Positive Regulation Of Multicellular Organismal Process (GO:0051240),-0.20328968818403775,-0.902111963431782,0.6168958742632613,0.8133675364728642,1.0,13/61,15.67%,JAK2;MED1;IFNG;CACNB1;PRKAB2;GAS6;CYP27B1;ADRB3;THRA;TSKU;TWIST1;IL26;ING1
prerank,Nervous System Development (GO:0007399),0.20955352461539695,0.9010926172805419,0.6343434343434343,1.0,1.0,16/49,21.86%,NHLH1;ZIC1;NOTCH2;GSS;GRHL2;IGF2BP2;NDUFS2;WWP1;SERPINI1;STMN3;ZIC4;B3GNT5;FGF12;ACTL6A;HES1;SHOX2
prerank,Ubiquitin-Dependent Protein Catabolic Process (GO:0006511),-0.2114019547901804,-0.8983346994152932,0.6316872427983539,0.8188825269304391,1.0,12/43,19.43%,RNF122;KLHL42;PSMD8;BIRC2;RNF115;TRPC4AP;SIRT2;MDM2;KCTD21;DCST1;FBXL7;PSMC4
prerank,Cilium Organization (GO:0044782),0.26687341368634904,0.8956266672001214,0.6121673003802282,1.0,1.0,7/18,25.32%,IQCG;ASAP1;AURKA;IFT52;DUSP23;TBC1D31;CEP19
prerank,Positive Regulation Of Transferase Activity (GO:0051347),-0.25126376278640206,-0.8935483540775071,0.6138059701492538,0.8263286215921326,1.0,5/24,15.40%,EGFR;ZNF622;GINS4;TNKS;MET
prerank,Positive Regulation Of Endocytosis (GO:0045807),-0.30087410956637706,-0.8872475566155891,0.589041095890411,0.8368141337272861,1.0,2/11,5.66%,IFNG;GAS6
prerank,Endomembrane System Organization (GO:0010256),-0.24540390622017416,-0.8860768411662432,0.5961538461538461,0.8366612444966552,1.0,6/24,15.74%,HOOK3;BCAS3;DNM1L;VMP1;VAPB;ARHGEF7
prerank,Bone Development (GO:0060348),-0.3236151405410775,-0.8858938931276351,0.6155378486055777,0.834363607699339,1.0,6/10,31.87%,MYOC;RANBP3L;GNAS;PTGER4;BGLAP;SULF1
prerank,Organelle Organization (GO:0006996),-0.20740449566168934,-0.8845292676826247,0.658102766798419,0.8344447749911568,1.0,14/47,23.55%,CEP89;PEX1;BCAS3;ANK1;DNM1L;VMP1;SIPA1L3;VAPB;KAT6A;ARHGEF7;YTHDF1;KIFAP3;TERT;FGD4
prerank,Protein Targeting To Mitochondrion (GO:0006626),-0.3248187215439614,-0.8826855817985422,0.6134615384615385,0.835563315782323,1.0,5/10,33.93%,TOMM7;ROMO1;IMMP2L;TOMM40L;TIMM50
prerank,Cellular Respiration (GO:0045333),0.28636973083043543,0.8815637829323978,0.6050420168067226,1.0,1.0,3/14,12.31%,COX6C;NDUFS2;NDUFB5
prerank,External Encapsulating Structure Organization (GO:0045229),-0.2556797947540521,-0.879548478945168,0.611439842209073,0.8392191214422813,1.0,8/20,29.84%,ST7;COL4A2;MMP7;MMP20;COL4A1;MANSC4;ADAMTS12;ADAMTS16
prerank,Negative Regulation Of Protein Serine/Threonine Kinase Activity (GO:0071901),0.3113793901923386,0.8794971507841755,0.62217659137577,1.0,1.0,3/11,11.18%,PKIA;LAX1;ADIPOQ
prerank,Cellular Response To Organonitrogen Compound (GO:0071417),-0.2933944708608129,-0.8697456223809479,0.6353166986564299,0.8564945714905379,1.0,6/13,29.57%,SFRP1;RAP1B;LAMTOR2;AHR;HCN1;AKAP9
prerank,Stimulatory C-type Lectin Receptor Signaling Pathway (GO:0002223),-0.31474048022543144,-0.8670454991886931,0.6247582205029013,0.8563933525306049,1.0,2/10,3.89%,PAK1;IKBKB
prerank,Cellular Response To Lectin (GO:1990858),-0.31474048022543144,-0.8670454991886931,0.6247582205029013,0.8563933525306049,1.0,2/10,3.89%,PAK1;IKBKB
prerank,Regulation Of Autophagy (GO:0010506),-0.22783973118314743,-0.8666635123667709,0.6859344894026975,0.8545488339895028,1.0,7/32,17.47%,PIP4K2C;IFNG;PIP4K2B;DNM1L;MET;ORMDL3;SIRT2
prerank,Vesicle-Mediated Transport (GO:0016192),-0.2104367187113459,-0.8658466947987807,0.6738703339882122,0.8534452339854909,1.0,6/42,9.78%,AGAP2;HOOK3;AP3M2;ANK1;KIF5A;CPNE1
prerank,Cellular Response To Lipopolysaccharide (GO:0071222),-0.2618369067665319,-0.8653009013693629,0.6425855513307985,0.8517953878672405,1.0,4/17,10.05%,PDCD1LG2;ADAM9;CD274;NR1D1
prerank,Modulation Of Chemical Synaptic Transmission (GO:0050804),0.2771291130981679,0.8649944901234079,0.6673511293634496,1.0,1.0,6/15,28.58%,ADIPOQ;CLSTN3;RIMS2;DLGAP4;FXR1;CHRNB2
prerank,Fat Cell Differentiation (GO:0045444),-0.3121960666387976,-0.8638607585667816,0.6522556390977443,0.8519561689634539,1.0,3/10,12.54%,MED1;HMGA2;AKT2
prerank,Lipid Transport (GO:0006869),0.26248618959358144,0.8634268637594079,0.6638477801268499,1.0,1.0,7/18,25.95%,PLTP;EHHADH;SLC51A;SLCO1B3;SLCO1C1;FABP5;SLC10A5
prerank,Aerobic Electron Transport Chain (GO:0019646),0.2869342870996815,0.8629992247312646,0.6316916488222698,1.0,1.0,3/13,12.31%,COX6C;NDUFS2;NDUFB5
prerank,Plasma Membrane Bounded Cell Projection Assembly (GO:0120031),-0.22831028034229933,-0.8605168141114592,0.6714876033057852,0.8560095585985052,1.0,8/29,25.68%,CEP89;FXYD5;RAP1B;KIF3B;ARHGEF7;DNAH5;FGD4;TNIK
prerank,Regulation Of Fat Cell Differentiation (GO:0045598),-0.2460796676643785,-0.8603821566817996,0.667953667953668,0.8536153336744173,1.0,5/21,17.47%,SFRP1;YAP1;NR1D1;PTPRR;SIRT2
prerank,Epidermal Growth Factor Receptor Signaling Pathway (GO:0007173),-0.3113944313294312,-0.8579643815624483,0.6461232604373758,0.8559406588087343,1.0,2/10,7.09%,EGFR;GRB7
prerank,Ephrin Receptor Signaling Pathway (GO:0048013),0.3132024931458104,0.8535904905642405,0.6416666666666667,1.0,1.0,4/10,22.02%,EPHB3;EFNA4;PTK2;MMP9
prerank,Positive Regulation Of Response To Stimulus (GO:0048584),-0.2890645653693817,-0.8511409760316185,0.6487523992322457,0.8667763987736334,1.0,3/13,10.55%,EGFR;IFNL1;C9
prerank,Regulation Of Small GTPase Mediated Signal Transduction (GO:0051056),0.25543788263119,0.8503162551230293,0.6508620689655172,1.0,1.0,4/17,23.99%,ARHGAP30;TGM2;ARHGAP40;PREX1
prerank,Negative Regulation Of Tumor Necrosis Factor Superfamily Cytokine Production (GO:1903556),-0.30448441760482514,-0.8502467072285655,0.6492248062015504,0.8660043621006753,1.0,3/11,11.11%,GAS6;CD274;RARA
prerank,Adenylate Cyclase-Modulating G Protein-Coupled Receptor Signaling Pathway (GO:0007188),0.26367865855717176,0.8498058396690453,0.6686868686868687,1.0,1.0,6/15,24.82%,GPR171;MC3R;RIMS2;PTHLH;OPRL1;OPRK1
prerank,Mesenchymal Cell Differentiation (GO:0048762),-0.3115976797857835,-0.8495380979278998,0.6624203821656051,0.8648523961375377,1.0,2/10,15.04%,HMGA2;RANBP3L
prerank,Innate Immune Response Activating Cell Surface Receptor Signaling Pathway (GO:0002220),0.2771443831000506,0.8478189609377262,0.6817248459958932,1.0,1.0,7/13,30.47%,CLEC6A;EHHADH;KLRC2;KLRD1;CLEC7A;PAK2;COLEC10
prerank,Skin Development (GO:0043588),-0.2732218005094969,-0.8445053382685802,0.6612903225806451,0.8719307143743656,1.0,2/15,2.33%,MED1;ADAM9
prerank,Positive Regulation Of Neuron Projection Development (GO:0010976),0.27672270432943713,0.8443797011081067,0.6781376518218624,1.0,1.0,6/14,34.03%,PTK6;SERPINI1;PRKCI;S100A9;DDR2;NLGN1
prerank,Positive Regulation Of Protein Metabolic Process (GO:0051247),-0.2356508104184934,-0.8386442749951551,0.6932515337423313,0.8808639443682107,1.0,9/23,29.44%,SOX4;FADD;RPS6KB1;YTHDF1;PRKDC;CUL4A;ERBB2;CDKN1B;IL6
prerank,Regulation Of Protein Kinase Activity (GO:0045859),-0.2657087259228289,-0.8385749121689992,0.6712328767123288,0.8783119999123394,1.0,6/15,27.31%,AGAP2;GAS6;CAMK2N2;DBNDD2;DEPTOR;CD4
prerank,Phosphorylation (GO:0016310),-0.19931269843309246,-0.8383923648219572,0.7265917602996255,0.8759302686996668,1.0,11/50,15.70%,JAK2;CCNE1;PAK1;IKBKB;GAS6;CDK6;MAP4K1;RARA;GMFG;STK4;CDK4
prerank,Negative Regulation Of Protein Kinase Activity (GO:0006469),-0.2590637701460061,-0.8372686351353336,0.694,0.8753427231011764,1.0,6/16,20.19%,IFNG;PTPRB;PTPN1;PTPRR;CAMK2N2;DBNDD2
prerank,mRNA Export From Nucleus (GO:0006406),-0.2904292460819546,-0.8366710338362726,0.6973415132924335,0.8738671895421516,1.0,5/12,29.94%,CASC3;PCID2;NUP107;MAGOHB;RAE1
prerank,Circulatory System Development (GO:0072359),0.2639449393054675,0.8344753643279813,0.676,1.0,1.0,7/14,28.01%,SOX18;HEY1;FGF12;ZFPM2;GJA5;PIK3CA;SLC2A10
prerank,Glycerophospholipid Biosynthetic Process (GO:0046474),0.2653151283826639,0.8343653084357576,0.7139959432048681,1.0,1.0,4/15,17.10%,DGKG;ETNK2;PTDSS1;PI4KB
prerank,Small GTPase Mediated Signal Transduction (GO:0007264),0.2639653504395591,0.8338401322320247,0.689108910891089,1.0,1.0,4/15,13.04%,ARHGAP30;TNK2;ART4;DOK5
prerank,Mitochondrial ATP Synthesis Coupled Electron Transport (GO:0042775),0.2702505406546959,0.8329404575496014,0.692144373673036,1.0,1.0,3/14,12.31%,COX6C;NDUFS2;NDUFB5
prerank,Protein Polyubiquitination (GO:0000209),-0.2301810865191146,-0.8304173393403026,0.7354085603112841,0.8830274283170267,1.0,7/24,23.39%,KLHL42;BIRC2;RNF115;TNKS;MDM2;FBXL7;SMURF1
prerank,Regulation Of Phagocytosis (GO:0050764),0.2904619352750545,0.829869027828395,0.6859504132231405,1.0,1.0,5/11,24.38%,FCGR2B;TGM2;ADIPOQ;AHSG;CLEC7A
prerank,Response To Glucose (GO:0009749),-0.2698669825051423,-0.8297120137501889,0.7131782945736435,0.8816118487682562,1.0,3/15,7.75%,SOX4;GAS6;IRS2
prerank,Antigen Receptor-Mediated Signaling Pathway (GO:0050851),0.28962145387991356,0.8291383183643506,0.6761710794297352,1.0,1.0,2/11,5.82%,EIF2B5;LAX1
prerank,Defense Response To Bacterium (GO:0042742),0.18392164614370687,0.8282011980279037,0.7914110429447853,1.0,1.0,31/58,37.86%,EPPIN;PI3;SPRR2A;DEFB119;EHHADH;WFDC3;WFDC5;SEMG2;BPI;WFDC9;LCE3C;SHC1;WFDC10B;WFDC2;LCE3A;GSDMC;S100A9;SLAMF8;WFDC13;DEFA3;RPL30;IL6R;PGLYRP4;CEBPB;ZNFX1;PGLYRP3;S100A14;LCE3B;FCER1G;SLPI;GSDMD
prerank,Proteasomal Protein Catabolic Process (GO:0010498),-0.2136586356107811,-0.8251891985904997,0.7331932773109243,0.8874774642632658,1.0,11/30,26.85%,RNF122;KLHL42;PSMD8;BIRC2;NR1D1;SIRT2;MDM2;PSMC4;SMURF1;RNF139;CUL4A
prerank,RNA Metabolic Process (GO:0016070),0.29423135740200457,0.8238686110395373,0.7006651884700665,1.0,1.0,5/10,37.16%,ADAR;TP53RK;HNRNPU;HNRNPL;BICD1
prerank,Cellular Response To Organic Substance (GO:0071310),0.27647061992292726,0.8234741799805313,0.720682302771855,1.0,1.0,6/13,35.43%,HAX1;NCOA2;CYP11B2;NCOA3;GHR;TIPARP
prerank,Heart Development (GO:0007507),-0.24126402724868368,-0.8229471702516858,0.69375,0.8891465973208956,1.0,10/20,32.20%,TCAP;SOX4;GATA4;NCOA6;SOX17;PKP2;HDAC9;CDKN1B;GATA5;SGCZ
prerank,Negative Regulation Of Cell Adhesion (GO:0007162),0.2957822773460849,0.8161094379240681,0.7357001972386588,1.0,1.0,4/10,21.49%,ANGPT1;KNG1;PTPRO;PTK2
prerank,Positive Regulation Of Ubiquitin-Dependent Protein Catabolic Process (GO:2000060),-0.27204594418764244,-0.81492223873453,0.71875,0.9018681553641574,1.0,7/12,32.17%,SIRT2;MDM2;NKD2;SMURF1;RNF139;ANKIB1;DAB2
prerank,Actin Filament Organization (GO:0007015),-0.26567184472157357,-0.8137938898029787,0.7217898832684825,0.9013105498885615,1.0,6/14,27.71%,TCAP;BAIAP2L1;CLRN1;CASS4;PPP1R9A;MYO7A
prerank,Macromolecule Biosynthetic Process (GO:0009059),-0.214910119348783,-0.8106133142918818,0.7586206896551724,0.9042612756628287,1.0,6/29,15.10%,RPS21;TSFM;MRPS12;RPL19;MRPL36;RPL37
prerank,Positive Regulation Of Double-Strand Break Repair (GO:2000781),0.27576459858608826,0.8067319105316989,0.728,1.0,1.0,4/13,19.39%,VPS72;YEATS4;RAD51AP1;ACTL6A
prerank,Antimicrobial Humoral Response (GO:0019730),0.20981255014114136,0.8060343929054153,0.7866108786610879,1.0,1.0,9/31,19.56%,PI3;SPRR2A;GAPDH;WFDC3;WFDC5;SEMG2;WFDC9;WFDC10B;WFDC2
prerank,Anterograde Trans-Synaptic Signaling (GO:0098916),-0.2014718733014787,-0.8042159640083351,0.7900763358778626,0.9132876711875842,1.0,14/34,30.24%,OMP;CACNB1;CHRNA6;SLC12A7;KIF5A;SYT10;MPZ;SLC1A3;KCNQ2;NPTX2;CHRNB3;AKAP9;KCNMB4;KCNQ3
prerank,Generation Of Neurons (GO:0048699),-0.2639193858330121,-0.8036215891858673,0.7100591715976331,0.9116752500655764,1.0,3/14,15.40%,PTPRD;CDK6;MET
prerank,Organonitrogen Compound Biosynthetic Process (GO:1901566),-0.2728361694810303,-0.8035943340840721,0.7397260273972602,0.9090450045954919,1.0,3/13,15.44%,ACER3;BCAT1;ORMDL3
prerank,Apoptotic Process (GO:0006915),-0.21562070927262678,-0.802283096920609,0.7701149425287356,0.9086530367855136,1.0,3/27,2.99%,JAK2;IFNG;FADD
prerank,Macromolecule Modification (GO:0043412),-0.2971256620254301,-0.802042963700943,0.7009708737864078,0.9063902687666542,1.0,4/10,28.01%,MSRA;AKT2;PRKDC;PLAT
prerank,RNA Processing (GO:0006396),-0.2296687886641118,-0.8020145135926916,0.7729007633587787,0.9037857602357824,1.0,13/21,41.25%,CDK12;LSM1;CPSF6;FASTKD3;MAGOHB;PRPF3;CELF3;MBNL1;PRPF6;SCNM1;NCBP2;DDX47;SF3B4
prerank,Chemical Synaptic Transmission (GO:0007268),-0.19623529068181478,-0.7999810637925584,0.8093385214007782,0.9046637981122914,1.0,15/38,30.24%,OMP;CACNB1;CHRNA6;SLC12A7;KIF5A;SYT10;ERC1;MPZ;SLC1A3;KCNQ2;NPTX2;CHRNB3;AKAP9;KCNMB4;KCNQ3
prerank,Protein Localization To Nucleus (GO:0034504),-0.24202912077655403,-0.7979460241482175,0.73558648111332,0.9055535495762187,1.0,7/18,25.12%,IPO8;E2F3;STK4;PINX1;MDM2;NUP107;KPNA7
prerank,Response To Lipid (GO:0033993),-0.2523755490262628,-0.7968488067058029,0.740530303030303,0.9048254799234983,1.0,6/16,28.78%,JAK2;CYP27B1;RARA;RXRG;ASXL1;BGLAP
prerank,Regulation Of Macromolecule Metabolic Process (GO:0060255),-0.21798925619169945,-0.7964372073351498,0.7504798464491362,0.9029989571125493,1.0,6/25,17.53%,ZNF507;CDK6;NRG1;TSKU;CDK4;MDM2
prerank,Positive Regulation Of Response To External Stimulus (GO:0032103),-0.2502951637915001,-0.7964263852822567,0.7313131313131314,0.9004249560267815,1.0,3/17,10.08%,IFNG;FADD;NRG1
prerank,Regulation Of Translation (GO:0006417),0.21163566356528093,0.7958910360841978,0.7911646586345381,1.0,1.0,6/29,11.04%,EIF4G1;IGF2BP2;EIF4A2;MRPL13;GAPDH;EIF3E
prerank,Enzyme-Linked Receptor Protein Signaling Pathway (GO:0007167),0.20725869315640774,0.7949102837261991,0.7840172786177105,1.0,1.0,7/29,14.90%,SAMD12;PTK6;GUCY2C;ART4;DOK5;PTPRT;MPZL1
prerank,Mitotic Sister Chromatid Segregation (GO:0000070),-0.2768752944558904,-0.793065113412526,0.7475149105367793,0.9037211078206739,1.0,3/11,18.93%,KIF3B;PINX1;ARHGEF10
prerank,Positive Regulation Of DNA Biosynthetic Process (GO:2000573),0.27196599534926313,0.7928020352875624,0.7379454926624738,1.0,1.0,2/12,7.22%,GRHL2;RFC4
prerank,Peptidyl-Tyrosine Phosphorylation (GO:0018108),-0.23680640472119152,-0.7915749298854652,0.7579365079365079,0.9037436751457049,1.0,2/18,2.13%,JAK2;EGFR
prerank,Response To Insulin (GO:0032868),-0.25673441413389275,-0.7915235046909532,0.7474949899799599,0.901280392675298,1.0,6/14,27.88%,IRS2;RPS6KB1;AKT2;PRKDC;HDAC9;USF1
prerank,Ribosome Biogenesis (GO:0042254),-0.23513775933722658,-0.7908304063537442,0.7425742574257426,0.8999016235194913,1.0,4/20,16.57%,ZNF622;MRPS12;MRPL36;POP4
prerank,Positive Regulation Of Leukocyte Chemotaxis (GO:0002690),0.2866326249206592,0.7905788692285287,0.7353535353535353,1.0,1.0,2/10,6.29%,EDN3;DEFB124
prerank,Regulation Of NIK/NF-kappaB Signaling (GO:1901222),-0.2794117130705458,-0.7890883429353476,0.7200772200772201,0.9001688446290863,1.0,4/11,26.38%,EGFR;CPNE1;LIME1;HDAC9
prerank,Mitochondrial Gene Expression (GO:0140053),-0.2522070265122049,-0.7877871959613629,0.7683168316831683,0.8997467451015768,1.0,3/14,10.58%,MRPS12;MRPL21;MRPL36
prerank,Cellular Response To Reactive Oxygen Species (GO:0034614),0.276232679907928,0.7871163805505469,0.7702970297029703,1.0,1.0,5/10,28.98%,PEX2;PEX5;OSER1;MMP9;TRPA1
prerank,Regulation Of Cell Cycle G1/S Phase Transition (GO:1902806),0.25240844457680667,0.783284326536968,0.7841140529531568,1.0,1.0,4/15,19.39%,PEX2;METTL13;ATP2B4;ACTL6A
prerank,Modification-Dependent Protein Catabolic Process (GO:0019941),-0.22638962321212347,-0.7828595687847917,0.7942307692307692,0.9049854792963521,1.0,8/20,29.97%,TRPC4AP;MDM2;KCTD21;DCST1;FBXL7;SMURF1;ANKIB1;FBXL14
prerank,Protein Modification By Small Protein Conjugation (GO:0032446),0.18843377850793985,0.7818645545084475,0.8136645962732919,1.0,1.0,4/41,2.10%,MAGEF1;KLHL24;UBE2C;MOCS3
prerank,RNA Export From Nucleus (GO:0006405),-0.2874270761412633,-0.7787921167771166,0.75,0.908997875487778,1.0,4/10,29.94%,CASC3;NUP107;MAGOHB;RAE1
prerank,Positive Regulation Of Cysteine-Type Endopeptidase Activity (GO:2001056),0.2593831204428032,0.7744145960292763,0.7713717693836978,1.0,1.0,7/12,36.99%,GRIN2B;TNFSF10;IFI16;CLEC7A;AIM2;RIPK2;MYC
prerank,"mRNA Splicing, Via Spliceosome (GO:0000398)",0.21994197576019422,0.7730737190516148,0.8111587982832618,1.0,1.0,6/22,18.73%,PABPC1;TRA2B;SRSF6;SNRPE;RBM8A;CTNNBL1
prerank,Negative Regulation Of Cell Motility (GO:2000146),-0.24573080336800068,-0.7728007202538146,0.7650602409638554,0.9158945443918534,1.0,8/15,32.60%,SFRP1;SPINT2;ING1;ZMYND8;MAPK15;ARID4B;SULF1;EPPK1
prerank,Endosomal Transport (GO:0016197),-0.27593019358323184,-0.7699078462074734,0.7705882352941177,0.9179067875586834,1.0,3/11,17.27%,AGAP2;ANKRD27;ERC1
prerank,Positive Regulation Of Natural Killer Cell Mediated Immunity (GO:0002717),0.2767751398109347,0.7693872795222706,0.7869822485207101,1.0,1.0,3/10,15.74%,KLRK1;KLRC2;KLRD1
prerank,protein-RNA Complex Assembly (GO:0022618),0.21804483374495764,0.76768420165939,0.7894736842105263,1.0,1.0,4/22,13.84%,ADAR;SRSF6;EIF3E;SNRPE
prerank,Negative Regulation Of Amide Metabolic Process (GO:0034249),0.2601507229923361,0.7669538916959978,0.7733598409542743,1.0,1.0,3/13,10.05%,IGF2BP2;MRPL13;GAPDH
prerank,Negative Regulation Of Cellular Response To Growth Factor Stimulus (GO:0090288),-0.2881057571711776,-0.7662558482712791,0.7672064777327935,0.9211229850025066,1.0,2/10,8.05%,CAPN5;PTPN1
prerank,Regulation Of Neuron Projection Development (GO:0010975),0.22169224203145332,0.7650869729481429,0.784,1.0,1.0,6/20,19.19%,CSMD3;EPHB3;PTK6;SERPINI1;PTPRO;PRKCI
prerank,Glycoprotein Biosynthetic Process (GO:0009101),-0.2570901998715394,-0.7644599438161923,0.775,0.9213864500802846,1.0,2/13,9.55%,AQP11;FUT10
prerank,Cell-Cell Junction Assembly (GO:0007043),-0.23124036217629867,-0.7642496263215263,0.8063241106719368,0.9191392521710136,1.0,7/18,34.10%,CTNND2;GJD3;ZNF703;PKP2;CDH26;CDH12;CDH10
prerank,Negative Regulation Of Autophagy (GO:0010507),0.27823761068817815,0.763287597111238,0.7689161554192229,1.0,1.0,1/10,1.03%,EIF4G1
prerank,Organic Anion Transport (GO:0015711),0.23204952112875865,0.7631323782263632,0.8012422360248447,1.0,1.0,5/17,28.01%,ABCC5;SLC2A2;SLCO1B3;SLCO1C1;SLC2A10
prerank,Regulation Of Monoatomic Cation Transmembrane Transport (GO:1904062),0.27319016877995317,0.7618344187389058,0.76171875,1.0,1.0,3/10,17.93%,DLG1;GRIN2B;FGF12
prerank,Brain Development (GO:0007420),0.2292701330549785,0.7564445429955807,0.8104166666666667,1.0,1.0,4/17,17.76%,ZIC1;GRHL2;GRIN2B;B3GNT5
prerank,Supramolecular Fiber Organization (GO:0097435),0.2080008325464286,0.7563831476839928,0.8501026694045175,1.0,1.0,3/24,5.19%,KLHL24;DLG1;ELMO2
prerank,Protein Deubiquitination (GO:0016579),-0.2573333428933,-0.754573013997818,0.794,0.9314456718699513,1.0,4/12,25.62%,USP32;USP17L2;USP35;USP21
prerank,Negative Regulation Of Immune Response (GO:0050777),0.268345089957146,0.7529337938036833,0.7899159663865546,1.0,1.0,2/10,10.58%,FCGR2B;YWHAZ
prerank,Neuron Differentiation (GO:0030182),-0.2345442997763166,-0.75253448921585,0.8135922330097087,0.9319540121867408,1.0,6/17,27.71%,SOX4;PTPRD;MET;TENM4;ERBB2;MYO7A
prerank,Regulation Of Proteasomal Ubiquitin-Dependent Protein Catabolic Process (GO:0032434),-0.25768876862304596,-0.7523373979695915,0.8234126984126984,0.9296883401014127,1.0,6/12,36.83%,SIRT2;MDM2;NKD2;ANKIB1;DAB2;EIF3H
prerank,Monocarboxylic Acid Transport (GO:0015718),-0.23946240729341906,-0.746694930291258,0.8043052837573386,0.9352216809805843,1.0,5/15,22.19%,SLC27A3;SLC6A13;LYPLA1;SLCO1A2;FABP4
prerank,Cytoskeleton Organization (GO:0007010),-0.26979086484396575,-0.7445996698638764,0.7745302713987474,0.9355096238809237,1.0,4/10,25.68%,ANK1;SIPA1L3;FGD4;TNIK
prerank,Positive Regulation Of Leukocyte Mediated Cytotoxicity (GO:0001912),-0.2738464957865686,-0.743526410023943,0.7988165680473372,0.9345520344120045,1.0,5/10,30.27%,FADD;LAMP1;KLRC4;KLRC3;CD160
prerank,Regulation Of Interleukin-6 Production (GO:0032675),-0.23750323253880784,-0.7390945745467796,0.8392857142857143,0.9382193435153403,1.0,3/15,13.21%,IFNG;GAS6;TWIST1
prerank,Heart Morphogenesis (GO:0003007),0.25649454407772676,0.7390596202560027,0.8205128205128205,1.0,1.0,5/11,25.78%,CCM2L;HEY1;HES1;PTK2;MDM4
prerank,Golgi Organization (GO:0007030),-0.24202502358622915,-0.7385896247094853,0.8192090395480226,0.9363915823818539,1.0,3/13,15.74%,BCAS3;VMP1;ARHGEF7
prerank,Negative Regulation Of Canonical Wnt Signaling Pathway (GO:0090090),-0.23790381488328557,-0.738100676004542,0.8268482490272373,0.9345541156889126,1.0,5/15,21.26%,SFRP1;STK4;SOX17;NKD2;DKK4
prerank,Cellular Response To Peptide Hormone Stimulus (GO:0071375),-0.22386312762634075,-0.7307527192018051,0.8554913294797688,0.9419537351909553,1.0,8/18,31.10%,IRS2;RPS6KB1;AKT2;PRKDC;CYP11B1;HDAC9;USF1;SCNN1A
prerank,Regulation Of Natural Killer Cell Mediated Cytotoxicity (GO:0042269),-0.2558196063837799,-0.7289412926748957,0.8127490039840638,0.9418020638227705,1.0,6/12,30.27%,LAMP1;KLRC1;CLEC12B;KLRC4;KLRC3;CD160
prerank,Monoatomic Cation Transmembrane Transport (GO:0098655),-0.16676415404972705,-0.72583258978604,0.9036608863198459,0.9434929636532238,1.0,19/51,31.10%,TRPC6;CACNB1;GAS6;SLC12A7;SLC6A3;TRPC4AP;SLC6A13;SLC6A18;SLC1A3;KCNQ2;TPCN2;KCNS1;HCN1;SLC39A4;KCNK15;SLC6A19;CACNA2D4;KCNQ3;SCNN1A
prerank,Chromatin Remodeling (GO:0006338),-0.18659507832841754,-0.7253188442582915,0.8941176470588236,0.9416057840710057,1.0,8/31,24.02%,PAK1;RSF1;CHD1L;SIRT2;GATAD1;CHD4;PCID2;MECOM
prerank,Negative Regulation Of DNA-binding Transcription Factor Activity (GO:0043433),-0.20766864416155556,-0.7206797950696631,0.8557692307692307,0.9451858267386551,1.0,3/21,14.11%,GAS6;TFDP1;CDKN2A
prerank,Negative Regulation Of Supramolecular Fiber Organization (GO:1902904),-0.2630173564753004,-0.7206483484583038,0.8140495867768595,0.9426951620268993,1.0,10/10,73.82%,PFDN4;ARFGEF1;TPX2;ARHGEF2;STMN2;IAPP;PFN2;PFDN2;MAPRE1;PIK3CA
prerank,Negative Regulation Of Inflammatory Response (GO:0050728),-0.2036190645474505,-0.7175114408787708,0.8805668016194332,0.9439313419928355,1.0,3/23,10.05%,IL22;MFHAS1;NR1D1
prerank,Epithelium Development (GO:0060429),-0.2552805354477883,-0.7161682196000377,0.8238866396761133,0.9430445200782769,1.0,6/12,33.27%,JAK2;CPT1A;SOX17;MANSC4;FGF10;TAGLN2
prerank,Regulation Of Transcription Initiation By RNA Polymerase II (GO:0060260),-0.2517604483997239,-0.7141036678341406,0.8396436525612472,0.9431489834774952,1.0,3/10,23.05%,MED1;CDK4;PCID2
prerank,Regulation Of Protein-Containing Complex Assembly (GO:0043254),-0.23539125708455466,-0.7128811030854247,0.8389662027833003,0.9421849801249813,1.0,2/14,10.08%,IFNG;NRG1
prerank,Recombinational Repair (GO:0000725),0.23366664342819124,0.711750761708364,0.8590998043052838,1.0,1.0,3/14,18.80%,RAD52;RAD51AP1;NSMCE2
prerank,Second-Messenger-Mediated Signaling (GO:0019932),0.2481599119891775,0.7095140128278928,0.8320158102766798,1.0,1.0,1/11,1.60%,EDN3
prerank,Positive Regulation Of Developmental Process (GO:0051094),-0.18756607934174685,-0.7062860419163559,0.9005847953216374,0.9473238148805446,1.0,7/30,16.60%,BASP1;AGR2;DNM1L;NEUROD2;ING1;ARHGEF7;ENPP2
prerank,Positive Regulation Of Cysteine-Type Endopeptidase Activity Involved In Apoptotic Process (GO:0043280),-0.24969956730605428,-0.7048853556181763,0.8395061728395061,0.9465474248364303,1.0,1/11,0.13%,JAK2
prerank,Double-Strand Break Repair Via Homologous Recombination (GO:0000724),0.20874781861790564,0.7028528012497783,0.8621359223300971,1.0,1.0,4/18,18.80%,RAD52;MCMDC2;RAD51AP1;NSMCE2
prerank,Sensory Perception (GO:0007600),-0.24474123539232054,-0.6934502854758999,0.8248587570621468,0.9571312166595578,1.0,11/11,75.65%,CLRN1;GNAS;MYO7A;OR10J1;MME;PENK;CHRNA4;TRPA1;CHRNB2;OPRK1;OPRL1
prerank,Negative Regulation Of Tumor Necrosis Factor Production (GO:0032720),0.25472527569115844,0.69117909856028,0.8299595141700404,1.0,1.0,3/10,15.83%,EHHADH;BPI;GHSR
prerank,DNA Metabolic Process (GO:0006259),0.18252922945264727,0.6863605098417193,0.9024390243902439,1.0,1.0,8/28,22.82%,RAD52;RFC4;TERF1;RAD51AP1;ACTL6A;TOP1MT;RTEL1;TOP1
prerank,Regulation Of Telomere Maintenance Via Telomerase (GO:0032210),-0.23110715634858725,-0.6767602639951844,0.8624031007751938,0.9721399312273435,1.0,6/12,40.88%,TNKS;PINX1;MAPK15;FBXO4;CCT6A;CCT5
prerank,Regulation Of Organelle Organization (GO:0033043),-0.21283996291980845,-0.6741315260213365,0.8865384615384615,0.9722387188075071,1.0,6/15,30.31%,PARL;DNM1L;F11R;SYT11;AKAP9;MAPK15
prerank,Sensory Organ Development (GO:0007423),0.2340050302916953,0.6735979816183549,0.8923395445134575,1.0,1.0,5/11,33.10%,BHLHE22;MAFB;GDF3;SOX2;PBX1
prerank,Adherens Junction Organization (GO:0034332),0.22778891115564465,0.6684220470332574,0.8895833333333333,1.0,1.0,12/12,77.31%,CDH22;PAK2;CDH17;CDH4;MTSS1;CDH6;CDH9;CDH18;CDH10;CDH12;CDH26;ZNF703
prerank,rRNA Processing (GO:0006364),0.20333127438853738,0.6667019647840644,0.9338842975206612,1.0,1.0,2/17,8.68%,DCAF13;DDX27
prerank,Positive Regulation Of Catabolic Process (GO:0009896),0.24015556033659258,0.6650575180255539,0.9065040650406504,1.0,1.0,1/11,0.07%,MAGEF1
prerank,Calcium-Mediated Signaling (GO:0019722),0.22879091516366062,0.6648119676073656,0.9016736401673641,1.0,1.0,12/12,77.21%,PRKAA1;ATP1B1;AGTR1;CHRM3;PLCG1;FCGR3A;CACNA1C;NCALD;P2RY12;TPCN2;RYR2;PPP1R9A
prerank,Regulation Of Mitotic Cell Cycle (GO:0007346),-0.22373799815460493,-0.6633271938671771,0.8956692913385826,0.9798801954386008,1.0,5/14,29.17%,THAP1;RPS6KB1;MDM2;EIF4EBP1;CDKN1B
prerank,Response To Molecule Of Bacterial Origin (GO:0002237),-0.2153449228620391,-0.6603158188310976,0.9073359073359073,0.9803179920175323,1.0,2/14,6.42%,JAK2;CYP27B1
prerank,Organelle Assembly (GO:0070925),0.17811665213063366,0.6591587640349779,0.929718875502008,1.0,1.0,8/27,25.75%,TP53INP1;ASAP1;IFT52;YTHDF3;DUSP23;TBC1D31;CEP19;FXR1
prerank,Regulation Of mRNA Stability (GO:0043488),0.21747906257061594,0.6563022851276653,0.911522633744856,1.0,1.0,5/13,30.37%,PABPC1;YTHDF3;RBM38;FXR1;HNRNPU
prerank,Negative Regulation Of Defense Response (GO:0031348),-0.19048773202272928,-0.6517818963019217,0.9389763779527559,0.9850379785199546,1.0,3/20,10.05%,IL22;MFHAS1;NR1D1
prerank,Cell-Cell Adhesion Via Plasma-Membrane Adhesion Molecules (GO:0098742),-0.17441112767415226,-0.6500036244554687,0.9334677419354839,0.9840072235334959,1.0,11/28,34.36%,UNC5D;PTPRD;SDK1;EMB;MPZ;TENM4;GATA5;CDH26;CDH12;CDH10;LGALS7
prerank,Endoplasmic Reticulum To Golgi Vesicle-Mediated Transport (GO:0006888),-0.23995238676350206,-0.6485047775246432,0.8895348837209303,0.9827773637728167,1.0,3/10,18.80%,VAPB;YIF1B;COPA
prerank,Protein Modification By Small Protein Removal (GO:0070646),-0.21730861115290356,-0.6476254408258147,0.903921568627451,0.9810052047110299,1.0,4/12,25.62%,USP32;USP17L2;USP35;USP21
prerank,Protein Homooligomerization (GO:0051260),0.19328887878558265,0.6435700374990171,0.9300847457627118,1.0,1.0,3/18,10.11%,TMEM70;OTOL1;ALDH9A1
prerank,Cilium Assembly (GO:0060271),0.19053779461183712,0.6411668495832707,0.9156626506024096,1.0,1.0,7/19,26.91%,RP1;ASAP1;IFT52;DUSP23;TBC1D31;CEP19;CCDC39
prerank,T Cell Activation (GO:0042110),-0.21182759772803209,-0.6358715263033258,0.9153846153846154,0.9880082298475963,1.0,13/13,78.94%,SOX4;CD4;GPR89A;SLA2;GPR89B;SLAMF6;CHD7;SLAMF7;CD84;SLAMF9;LY9;CLEC7A;SCRIB
prerank,Gene Expression (GO:0010467),0.1514383521144367,0.6357065484987101,0.9747899159663865,1.0,1.0,13/41,31.27%,EIF4G1;ADAR;TGM2;MRPL13;COPS5;MRPL9;RBM8A;MRPL51;RPS27;RPL35A;HNRNPU;RPL30;HNRNPL
prerank,Positive Regulation Of DNA Metabolic Process (GO:0051054),-0.20411844429106735,-0.6348780374212191,0.9309664694280079,0.986268657581177,1.0,2/15,8.55%,EGFR;GINS4
prerank,Cell-Cell Junction Organization (GO:0045216),-0.20604259835112626,-0.6270637218632366,0.9296875,0.9898716922474623,1.0,8/14,42.05%,CTNND2;PKP2;CDH26;CDH12;CDH10;CDH18;CDH9;CDH6
prerank,Positive Regulation Of Apoptotic Signaling Pathway (GO:2001235),-0.22864273280067504,-0.6261208425046312,0.9273084479371316,0.9878610237611765,1.0,3/10,21.19%,FADD;DNM1L;CTSS
prerank,Negative Regulation Of Intracellular Signal Transduction (GO:1902532),-0.16524090304379507,-0.6244172647557139,0.9566074950690335,0.9865266098764851,1.0,8/31,26.38%,URI1;CPNE1;NR1D1;TWIST1;MDM2;SHANK2;DEPTOR;HDAC9
prerank,Lymphocyte Differentiation (GO:0030098),-0.22549793000544266,-0.6243181705527345,0.91,0.984140224279902,1.0,1/11,2.93%,SOX4
prerank,Inorganic Cation Transmembrane Transport (GO:0098662),0.14478463013776532,0.6225124885885243,0.9807692307692307,1.0,1.0,16/53,25.98%,HTR3E;HTR3D;KCNS2;KCNJ8;ATP1A4;TMCO1;ATP2B4;KCNG1;RHBG;KCNB2;SLC9A8;ATP1B1;LRRC52;KCNK9;KCNN3;SLC39A1
prerank,Regulation Of Nervous System Development (GO:0051960),-0.22774816238323803,-0.6205598980501841,0.9336016096579477,0.984267539090989,1.0,5/10,28.31%,YAP1;SIRT2;S100A10;TENM4;LGI4
prerank,Negative Regulation Of Cell Migration (GO:0030336),-0.18887962104829567,-0.6204963592166602,0.9457831325301205,0.9818878800468354,1.0,8/18,32.60%,SFRP1;PTPRR;ING1;ZMYND8;MAPK15;ARID4B;SULF1;EPPK1
prerank,Positive Regulation Of Translation (GO:0045727),-0.176082677122673,-0.6028490586452053,0.95703125,0.9908646391378142,1.0,8/20,29.44%,SOX4;RPS6KB1;YTHDF1;PAIP1;PRKDC;FASTKD3;ERBB2;IL6
prerank,Positive Regulation Of Cell Cycle Process (GO:0090068),-0.1853418641395937,-0.6011292211544356,0.9621928166351607,0.9893261325317158,1.0,10/17,37.39%,CDC6;SIRT2;PCID2;UBXN2B;DDX11;RAD21;SMC4;RRM2B;ECT2;RHNO1
prerank,Regulation Of Interleukin-8 Production (GO:0032677),-0.2147207733457015,-0.5982352271813283,0.9389763779527559,0.9887038065429952,1.0,5/10,32.77%,FADD;DEFA5;CD244;IL6;CRP
prerank,Protein Tetramerization (GO:0051262),0.21904890565493856,0.5980755961309095,0.9357601713062098,1.0,1.0,4/10,29.21%,ALDH9A1;GRIN2B;TRPA1;AQP10
prerank,Regulation Of Cell Development (GO:0060284),0.2185525154648043,0.592634686166787,0.9547244094488189,1.0,1.0,5/10,29.61%,HEY1;BHLHE41;HES1;FXR1;SLAMF8
prerank,Cellular Response To Ionizing Radiation (GO:0071479),-0.20710068539406762,-0.5917753206141598,0.9588477366255144,0.9897712418125071,1.0,2/11,17.53%,YAP1;MDM2
prerank,Positive Regulation Of DNA Repair (GO:0045739),-0.19996389025296246,-0.5882890222320448,0.9532520325203252,0.989204706122036,1.0,1/13,2.13%,EGFR
prerank,Mitochondrial Respiratory Chain Complex Assembly (GO:0033108),-0.21311954310492487,-0.5879679522910618,0.9632034632034632,0.9869268390186267,1.0,2/10,11.68%,NDUFC2;UQCRFS1
prerank,Phosphatidylinositol-Mediated Signaling (GO:0048015),-0.1926633832811946,-0.5867261944723232,0.9531914893617022,0.985206363687943,1.0,3/14,17.83%,GAB2;RPS6KB1;MYO16
prerank,Golgi Vesicle Transport (GO:0048193),-0.1827441333370187,-0.5836800720175542,0.9457364341085271,0.9841602446599269,1.0,4/16,20.63%,VAPB;YIF1B;COPA;NKD2
prerank,Kidney Development (GO:0001822),0.17772882804590184,0.5784129707809397,0.962,1.0,1.0,2/16,10.45%,SULF2;GDF6
prerank,Positive Regulation Of DNA-binding Transcription Factor Activity (GO:0051091),-0.15353051859536593,-0.5782913997463673,0.9847908745247148,0.9843092556535644,1.0,5/31,17.27%,IKBKB;TFDP1;CSF3;NEUROD2;ERC1
prerank,Negative Regulation Of Extrinsic Apoptotic Signaling Pathway (GO:2001237),0.20000000000000023,0.5717146205625003,0.9589322381930184,1.0,1.0,11/11,80.07%,EYA2;SIAH2;BCL2L1;GDNF;SNAI2;EYA1;SRC;ARHGEF2;MCL1;TERT;PEA15
prerank,Regulation Of Cysteine-Type Endopeptidase Activity Involved In Apoptotic Process (GO:0043281),0.19735877997412044,0.5686894063557694,0.9612244897959183,1.0,1.0,6/11,38.89%,TNFSF10;SIAH2;CLEC7A;SOX2;MYC;LAMP3
prerank,Epigenetic Regulation Of Gene Expression (GO:0040029),0.19014220789587563,0.5589094573506983,0.9771784232365145,1.0,1.0,1/12,0.60%,CTCFL
prerank,Regulation Of Vesicle-Mediated Transport (GO:0060627),-0.19510619370862092,-0.5454311284094253,0.9702380952380952,0.9950811294968817,1.0,3/11,26.21%,PTPN1;TPCN2;RNF139
prerank,Glucose Homeostasis (GO:0042593),-0.17813221517533803,-0.5443225212532602,0.9712092130518234,0.9929934543563889,1.0,5/14,29.44%,SOX4;NR1D1;CYP11B1;USF1;IL6
prerank,Regulation Of Cellular Response To Stress (GO:0080135),0.17694871345142762,0.5388283721441081,0.9693486590038314,1.0,1.0,1/13,1.03%,EIF4G1
prerank,Receptor-Mediated Endocytosis (GO:0006898),-0.17079878682386201,-0.5305692308836257,0.9858870967741935,0.9946890962793186,1.0,2/15,9.88%,ADRB3;CTTN
prerank,Phosphatidylinositol Biosynthetic Process (GO:0006661),0.17352402891550828,0.5267679281038514,0.9813278008298755,1.0,1.0,3/13,26.25%,PIGC;PI4KB;PIK3CA
prerank,Negative Regulation Of Response To External Stimulus (GO:0032102),-0.14692339762114676,-0.5239256708973205,0.9958677685950413,0.994040716332625,1.0,3/25,10.05%,IL22;MFHAS1;NR1D1
prerank,Positive Regulation Of Inflammatory Response (GO:0050729),-0.18006788114784,-0.5224561059434254,0.9691119691119691,0.9919496696266777,1.0,1/12,1.76%,IFNG
prerank,Positive Regulation Of NF-kappaB Transcription Factor Activity (GO:0051092),-0.15366588550385002,-0.5140197833189123,0.9866156787762906,0.9914615717288441,1.0,19/19,84.76%,IKBKB;ERC1;IL1RAP;IL6;S100A8;TFRC;CRNN;ARHGEF2;NTSR1;CD40;MTDH;S100A12;RIPK2;AIM2;S100A9;UBE2V1;CLEC7A;PRKCI;MAP3K13
prerank,Cellular Response To Salt (GO:1902075),-0.149406094242933,-0.5064377518655528,0.9888888888888889,0.9906091317375726,1.0,6/21,24.92%,CPNE1;SYT10;NEUROD2;CPNE8;SYT11;CYP11B1
prerank,Neuron Development (GO:0048666),0.12767905803432447,0.4515536450978151,0.997920997920998,1.0,1.0,8/22,34.03%,RP1;STMN3;LRP12;UHMK1;B4GALT5;VPS13B;PBX1;NLGN1
prerank,Plasma Membrane Bounded Cell Projection Organization (GO:0120036),0.12699293054345734,0.43363133250212466,1.0,1.0,1.0,4/20,21.52%,IQCG;STMN3;LRP12;UHMK1
prerank,Negative Regulation Of NF-kappaB Transcription Factor Activity (GO:0032088),0.1409015025041736,0.4007293736851105,0.9980657640232108,0.9996747765459076,1.0,11/11,85.96%,NFKBIB;PYDC2;AIM2;ITCH;PARP10;PTGIS;DAP;BMP7;LRRC14;COMMD7;CDKN2A
