gene,raw_identifier,n_masked,neural_r,knn_r,delta_r,neural_mse,knn_mse,delta_mse
GLIS3,GLIS3,90,0.49620667,-0.0829978,0.57920444,0.644688606262207,1.0324565172195435,0.3877679109573364
PIBF1,PIBF1,102,0.7518411,0.35169536,0.40014577,0.37506455183029175,0.7853630781173706,0.41029852628707886
CPT1A,CPT1A,85,0.45933002,0.14770569,0.31162435,0.7953268885612488,1.287489652633667,0.4921627640724182
C9orf53,C9orf53,111,0.3970885,0.08799222,0.30909628,1.098407506942749,1.4723082780838013,0.37390077114105225
ZNF569,ZNF569,94,0.81084865,0.5350738,0.27577484,0.33772414922714233,0.8168534636497498,0.4791293144226074
AAMDC,AAMDC,120,0.42020258,0.16553733,0.25466526,0.5215973258018494,0.6032134890556335,0.08161616325378418
MRPL21,MRPL21,82,0.5583031,0.30377692,0.2545262,1.1276240348815918,1.4142836332321167,0.2866595983505249
VMP1,VMP1,98,0.57443434,0.32291412,0.25152022,0.9139872193336487,1.1009495258331299,0.1869623064994812
RN7SL128P,RN7SL128P,94,0.52745706,0.28540242,0.24205464,2.108200788497925,2.510662317276001,0.40246152877807617
RGS9BP,RGS9BP,106,0.5973754,0.3853776,0.2119978,0.8879013061523438,1.1445512771606445,0.2566499710083008
FXYD7,FXYD7,100,0.8063252,0.6006513,0.20567387,0.5006040930747986,0.8321223258972168,0.3315182328224182
TRPC6,TRPC6,123,0.36959597,0.16887407,0.2007219,1.1966763734817505,1.3122031688690186,0.11552679538726807
COL4A1,COL4A1,113,0.62648755,0.450966,0.17552155,0.7072611451148987,0.9069975018501282,0.1997363567352295
FGFR1,FGFR1,102,0.65695363,0.48551813,0.1714355,0.446122407913208,0.5950824022293091,0.14895999431610107
FGF3,FGF3,96,0.47671443,0.30624864,0.1704658,0.88249272108078,1.063169240951538,0.18067651987075806
CAPZA2,CAPZA2,108,0.45618173,0.2857765,0.17040524,0.9526278972625732,1.2040077447891235,0.2513798475265503
MBOAT1,MBOAT1,113,0.39112103,0.22129571,0.16982532,1.4834940433502197,1.8376861810684204,0.3541921377182007
CARKD,CARKD,96,0.6859078,0.52477664,0.16113114,0.4023146629333496,0.5342888832092285,0.1319742202758789
PROZ,PROZ,97,0.7205512,0.56068283,0.15986836,0.7358371019363403,0.9439190626144409,0.20808196067810059
CPSF6,CPSF6,104,0.2468124,0.090011425,0.15680099,0.5170913338661194,0.5631707906723022,0.04607945680618286
CD274,CD274,92,0.23202632,0.08065482,0.15137151,0.6789082288742065,0.7642275094985962,0.08531928062438965
C11orf30,C11orf30,102,0.42398712,0.2801306,0.14385653,1.351508378982544,1.478704810142517,0.12719643115997314
LINC00340,LINC00340,118,0.36646143,0.2289317,0.13752973,0.8903266787528992,1.0688378810882568,0.17851120233535767
DPY19L3,DPY19L3,90,0.67915136,0.54871637,0.13043499,0.41696470975875854,0.5301605463027954,0.11319583654403687
RN7SL340P,RN7SL340P,99,0.48048338,0.35138422,0.12909916,0.3101647198200226,0.38180381059646606,0.07163909077644348
CNTNAP2,CNTNAP2,109,0.6275227,0.5024772,0.12504548,0.3957752287387848,0.5232273936271667,0.12745216488838196
SARS2,SARS2,107,0.7874559,0.6663263,0.12112963,0.1459600031375885,0.1985781490802765,0.05261814594268799
GDPD4,GDPD4,89,0.36106724,0.23997346,0.12109378,0.3463561534881592,0.36076629161834717,0.014410138130187988
GSDMB,GSDMB,119,0.8129408,0.69221437,0.12072641,0.8056865930557251,0.827248215675354,0.021561622619628906
RYR1,RYR1,103,0.6199561,0.4994891,0.12046698,0.24186593294143677,0.30464962124824524,0.06278368830680847
TMEM196,TMEM196,107,0.5344382,0.41760167,0.11683652,0.3906750977039337,0.4631798267364502,0.07250472903251648
LINC00676,LINC00676,97,0.59225947,0.47570527,0.1165542,0.6893401145935059,0.8082846999168396,0.11894458532333374
ARHGEF25,ARHGEF25,96,0.56526846,0.44948658,0.11578187,0.29172483086586,0.521229088306427,0.22950425744056702
E2F3,E2F3,100,0.30190638,0.18696906,0.11493732,0.6050026416778564,0.6559336185455322,0.05093097686767578
PDCD5,PDCD5,99,0.59647965,0.48221672,0.11426294,0.43070903420448303,0.4188767969608307,-0.011832237243652344
PLGRKT,PLGRKT,83,0.4664177,0.35552222,0.110895485,0.358998566865921,0.4321032166481018,0.07310464978218079
LPP,LPP,93,0.73750395,0.6288891,0.10861486,0.3624628186225891,0.43997180461883545,0.07750898599624634
snoU13,snoU13|ENSG00000238354.1,114,0.459067,0.35141778,0.10764921,0.8701896071434021,1.097278118133545,0.22708851099014282
ST7,ST7,104,0.42714652,0.32321492,0.103931606,1.0933507680892944,1.279824137687683,0.18647336959838867
DGKB,DGKB,93,0.6719196,0.5725545,0.099365056,0.5138304829597473,0.6291578412055969,0.11532735824584961
EID2B,EID2B,106,0.75946534,0.6605558,0.09890956,0.21392548084259033,0.2860017716884613,0.07207629084587097
TMEM123,TMEM123,125,0.31733787,0.22248328,0.09485459,0.49519041180610657,0.5504022240638733,0.055211812257766724
RNY1P8,RNY1P8,114,0.3437785,0.25706324,0.08671525,0.8305292129516602,0.9048188328742981,0.07428961992263794
MYEOV,MYEOV,100,0.47527108,0.39007843,0.08519265,1.231809139251709,1.3711313009262085,0.1393221616744995
KLF5,KLF5,118,0.47380945,0.38865116,0.08515829,0.9414321184158325,1.0203474760055542,0.07891535758972168
RPSAP52,RPSAP52,124,0.49010378,0.40782708,0.0822767,0.8997194766998291,0.9558507204055786,0.05613124370574951
WTAPP1,WTAPP1,114,0.32623476,0.24785332,0.078381434,0.40106943249702454,0.4344538748264313,0.03338444232940674
RPL19,RPL19,95,0.596754,0.5187037,0.078050315,1.3390538692474365,1.5720343589782715,0.23298048973083496
snoU13,snoU13|ENSG00000251709.1,85,0.79870117,0.72067404,0.07802713,1.0552645921707153,1.0383081436157227,-0.016956448554992676
CCT2,CCT2,109,0.57674456,0.5019433,0.074801266,0.22816845774650574,0.26082488894462585,0.03265643119812012
MIR4737,MIR4737,87,0.3849265,0.31048036,0.07444614,0.5357475280761719,0.5988786816596985,0.06313115358352661
BEST3,BEST3,109,0.77908295,0.71098197,0.06810099,0.30875131487846375,0.4111001491546631,0.10234883427619934
ENPP7P8,ENPP7P8,105,0.37240916,0.31050098,0.061908185,0.8425909280776978,0.9725257754325867,0.12993484735488892
SOX4,SOX4,117,0.41644204,0.35757187,0.058870167,1.1699192523956299,1.2681562900543213,0.0982370376586914
ZNF703,ZNF703,112,0.60053724,0.5425706,0.05796665,0.5891286134719849,0.6520415544509888,0.0629129409790039
ORMDL3,ORMDL3,115,0.35901496,0.3055064,0.05350855,0.5590223073959351,0.5834640264511108,0.02444171905517578
EIF4EBP1,EIF4EBP1,100,0.6768698,0.62360793,0.053261876,0.7142715454101562,0.8275659680366516,0.11329442262649536
TRHDE,TRHDE,106,0.7120379,0.6610274,0.05101055,1.4396212100982666,1.4903348684310913,0.05071365833282471
SNRPE,SNRPE,96,0.8154738,0.7650027,0.050471067,0.317355751991272,0.3815777599811554,0.06422200798988342
KLF12,KLF12,99,0.3770497,0.32752293,0.04952678,1.0020912885665894,1.0429307222366333,0.040839433670043945
ZNF780B,ZNF780B,101,0.64558214,0.5976129,0.047969222,0.29906678199768066,0.30651047825813293,0.0074436962604522705
PTPRR,PTPRR,107,0.4505993,0.40573233,0.04486698,0.6133654713630676,0.6485764980316162,0.035211026668548584
ZNF570,ZNF570,101,0.7848127,0.7418865,0.042926192,0.21436883509159088,0.25255489349365234,0.03818605840206146
ERBB2,ERBB2,122,0.65806264,0.61553305,0.042529583,0.614127516746521,0.690121054649353,0.07599353790283203
LINC00392,LINC00392,97,0.72981167,0.68779767,0.042014003,0.6062633991241455,0.5802883505821228,-0.025975048542022705
CDKN2B,CDKN2B,113,0.3172831,0.27729014,0.03999296,0.7087585926055908,0.763931930065155,0.05517333745956421
UBE2C,UBE2C,105,0.8665755,0.8279556,0.038619876,0.17916661500930786,0.24008528888225555,0.06091867387294769
RLN2,RLN2,102,0.25998396,0.22154559,0.038438365,0.8500780463218689,0.9151411652565002,0.06506311893463135
ZC3H11A,ZC3H11A,94,0.8008504,0.76303536,0.037815034,0.27958914637565613,0.3344642221927643,0.054875075817108154
PAPL,PAPL,115,0.539603,0.50256974,0.03703326,0.7209513783454895,0.7789059281349182,0.05795454978942871
BTG2,BTG2,113,0.75499177,0.7204263,0.03456545,0.3933514356613159,0.5206124782562256,0.12726104259490967
SHANK2,SHANK2,97,0.6607642,0.6270787,0.033685505,0.8415156602859497,0.8520457744598389,0.01053011417388916
FMOD,FMOD,93,0.6257167,0.5929617,0.032754958,0.9079254269599915,0.9933364987373352,0.08541107177734375
LASP1,LASP1,110,0.6953561,0.6634965,0.031859577,0.25528573989868164,0.26851150393486023,0.013225764036178589
KISS1,KISS1,118,0.7834077,0.7519557,0.031452,0.628546953201294,0.6965774297714233,0.0680304765701294
PLXDC1,PLXDC1,105,0.41439635,0.38327637,0.031119972,0.2807195484638214,0.28968536853790283,0.008965820074081421
TOMM7,TOMM7,103,0.46175283,0.43085492,0.030897915,1.0284178256988525,1.079602599143982,0.051184773445129395
WFDC2,WFDC2,93,0.8240132,0.7954617,0.02855146,0.37753430008888245,0.5001262426376343,0.12259194254875183
SEPT14,SEPT14,97,0.5712522,0.54345345,0.027798772,0.9488769769668579,0.9350653290748596,-0.013811647891998291
LINC00184,LINC00184,112,0.84178287,0.8140835,0.027699351,0.2541255056858063,0.29349565505981445,0.03937014937400818
PLD3,PLD3,109,0.52877593,0.50141644,0.027359486,0.7713832259178162,0.8094225525856018,0.038039326667785645
MIR499A,MIR499A,104,0.7126211,0.6859854,0.026635706,0.21195541322231293,0.27104559540748596,0.059090182185173035
TMEM207,TMEM207,102,0.88399553,0.85893375,0.025061786,0.28367677330970764,0.3088640570640564,0.025187283754348755
SNORD12C,SNORD12C,108,0.7997414,0.7754137,0.024327695,0.2937873303890228,0.32709407806396484,0.03330674767494202
LINC00604,LINC00604,105,0.763225,0.7392852,0.023939848,0.27924710512161255,0.2999958395957947,0.02074873447418213
DCAF6,DCAF6,110,0.8034105,0.77971923,0.023691237,0.3648967444896698,0.4023079574108124,0.03741121292114258
PRRX1,PRRX1,105,0.76525694,0.7420821,0.023174822,0.6260459423065186,0.6574309468269348,0.03138500452041626
MAP3K10,MAP3K10,118,0.5825845,0.56157625,0.021008253,0.49903973937034607,0.5279172658920288,0.02887752652168274
ITGB8,ITGB8,110,0.67322725,0.65245837,0.02076888,0.42527586221694946,0.4718300998210907,0.046554237604141235
KIAA1377,KIAA1377,99,0.4305092,0.41206917,0.018440038,0.6103676557540894,0.6134421825408936,0.0030745267868041992
DTX3,DTX3,116,0.3814077,0.36323395,0.018173754,0.4197227954864502,0.40853336453437805,-0.011189430952072144
SLCO1C1,SLCO1C1,92,0.71127295,0.69343376,0.017839193,0.17496873438358307,0.1725284457206726,-0.0024402886629104614
AHR,AHR,97,0.62163925,0.6042397,0.01739955,0.6141191720962524,0.6164968609809875,0.0023776888847351074
EMB,EMB,116,0.5609753,0.54505664,0.015918672,0.7047020196914673,0.7204210162162781,0.01571899652481079
ANGPT1,ANGPT1,92,0.9073481,0.8929971,0.01435101,0.29454270005226135,0.26444771885871887,-0.03009498119354248
FBXO17,FBXO17,95,0.7741876,0.7599107,0.014276922,0.22118082642555237,0.23672471940517426,0.015543892979621887
EIF3K,EIF3K,100,0.609916,0.59688187,0.013034105,0.7394100427627563,0.7269052267074585,-0.012504816055297852
LINC00293,LINC00293,95,0.77593344,0.76344764,0.012485802,0.26984095573425293,0.28544846177101135,0.015607506036758423
DNAH11,DNAH11,84,0.6903364,0.67794436,0.012392044,0.3090756833553314,0.30994912981987,0.0008734464645385742
WFDC5,WFDC5,126,0.8734177,0.86186343,0.011554241,0.365579754114151,0.4369928240776062,0.0714130699634552
MIR3194,MIR3194,109,0.8407449,0.830597,0.010147929,0.2665949761867523,0.26625001430511475,-0.00034496188163757324
PRMT8,PRMT8,96,0.49691296,0.48741272,0.009500235,0.8415221571922302,0.8797269463539124,0.03820478916168213
UBE2V1,UBE2V1,107,0.78585464,0.7770525,0.008802116,0.3634030222892761,0.3840580880641937,0.020655065774917603
LINC00942,LINC00942,99,0.40518144,0.39654994,0.008631498,0.4816450774669647,0.47469592094421387,-0.0069491565227508545
SOX13,SOX13,116,0.7777495,0.7693037,0.008445799,0.46348071098327637,0.4556715190410614,-0.007809191942214966
DCUN1D2,DCUN1D2,110,0.58200777,0.57517755,0.0068302155,0.32047978043556213,0.31544947624206543,-0.005030304193496704
REN,REN,91,0.7875884,0.78145546,0.0061329603,0.5023428797721863,0.5158835649490356,0.013540685176849365
SLC2A10,SLC2A10,79,0.90600395,0.90091825,0.0050857067,0.5195552110671997,0.47886472940444946,-0.040690481662750244
IFNL4,IFNL4,115,0.6986017,0.69371426,0.0048874617,0.8749529719352722,0.8302512764930725,-0.04470169544219971
PAIP1,PAIP1,93,0.6482795,0.64343673,0.004842758,0.8311155438423157,0.825307309627533,-0.005808234214782715
snoU13,snoU13|ENSG00000252679.1,114,0.3101849,0.30608425,0.0041006505,0.6152176856994629,0.616195023059845,0.00097733736038208
OPRL1,OPRL1,102,0.7937201,0.78988904,0.0038310885,0.36125078797340393,0.3895126283168793,0.028261840343475342
DDR2,DDR2,98,0.7086301,0.7048456,0.0037844777,0.28683918714523315,0.31876513361930847,0.03192594647407532
IFT80,IFT80,109,0.73653305,0.7329176,0.003615439,0.3772088289260864,0.38737812638282776,0.010169297456741333
GRIP1,GRIP1,94,0.3218388,0.318698,0.0031408072,1.1141592264175415,1.3816936016082764,0.26753437519073486
POM121L12,POM121L12,123,0.62003374,0.61763006,0.0024036765,0.6699908971786499,0.6756515502929688,0.005660653114318848
IL26,IL26,104,0.38110113,0.3788611,0.002240032,0.579464852809906,0.5846614241600037,0.005196571350097656
ATP9A,ATP9A,101,0.82480377,0.82349086,0.0013129115,0.49267813563346863,0.4600491225719452,-0.03262901306152344
TMEM55A,TMEM55A,96,0.8828604,0.881569,0.0012913942,0.41529133915901184,0.35870811343193054,-0.0565832257270813
RN7SKP134,RN7SKP134,100,0.7772685,0.7764319,0.0008366108,0.20046566426753998,0.20566445589065552,0.0051987916231155396
USP13,USP13,124,0.7695757,0.76895463,0.0006210804,0.5493042469024658,0.5763714909553528,0.027067244052886963
CLC,CLC,113,0.8001294,0.800477,-0.0003476143,0.3582645058631897,0.36430251598358154,0.006038010120391846
SNORA75,SNORA75|ENSG00000212533.1,98,0.69283617,0.6933943,-0.0005581379,0.8059829473495483,0.8072208762168884,0.0012379288673400879
ADIPOQ,ADIPOQ,116,0.8078951,0.8095018,-0.0016067028,0.2758721709251404,0.26380088925361633,-0.012071281671524048
THPO,THPO,103,0.8967111,0.89850897,-0.0017978549,0.2231164276599884,0.24509897828102112,0.021982550621032715
MED29,MED29,100,0.7250823,0.72693944,-0.0018571615,0.19359104335308075,0.1831151396036148,-0.010475903749465942
HSPA6,HSPA6,120,0.81342393,0.81538194,-0.0019580126,0.28173828125,0.25169694423675537,-0.03004133701324463
NAALADL2,NAALADL2,102,0.724637,0.72761077,-0.002973795,0.515548825263977,0.553248405456543,0.03769958019256592
PROSC,PROSC,113,0.4395775,0.4427769,-0.0031993985,0.8944461345672607,0.8478316068649292,-0.04661452770233154
ARL5C,ARL5C,98,0.67865974,0.6820539,-0.0033941865,0.25603196024894714,0.2515779137611389,-0.0044540464878082275
MALSU1,MALSU1,97,0.6248711,0.6284845,-0.0036134124,0.45895567536354065,0.47113245725631714,0.01217678189277649
SNORA26,SNORA26|ENSG00000252236.1,97,0.6415517,0.6455786,-0.0040269494,0.7751465439796448,0.773446798324585,-0.0016997456550598145
SNORA3,SNORA3|ENSG00000221093.1,108,0.8826131,0.8866727,-0.004059553,0.35501745343208313,0.302156001329422,-0.05286145210266113
TNFRSF1A,TNFRSF1A,103,0.613962,0.6193814,-0.005419433,0.16922150552272797,0.15656526386737823,-0.012656241655349731
C5orf28,C5orf28,97,0.82507634,0.83075166,-0.005675316,0.4081128239631653,0.35064780712127686,-0.05746501684188843
TIMM50,TIMM50,105,0.5773175,0.5833087,-0.0059912205,0.43564268946647644,0.44987374544143677,0.014231055974960327
WDR53,WDR53,120,0.73107964,0.7380342,-0.0069545507,0.44681060314178467,0.4234320819377899,-0.02337852120399475
LSG1,LSG1,107,0.8028983,0.81011724,-0.007218957,0.23411670327186584,0.21866971254348755,-0.015446990728378296
snoU13,snoU13|ENSG00000238436.1,102,0.73675275,0.7440124,-0.007259667,0.24618743360042572,0.35499337315559387,0.10880593955516815
SYCN,SYCN,111,0.6777789,0.6854736,-0.007694721,0.36443662643432617,0.3561820387840271,-0.008254587650299072
NUP155,NUP155,115,0.77627075,0.78405505,-0.007784307,0.3219728469848633,0.31526878476142883,-0.006704062223434448
RN7SL668P,RN7SL668P,108,0.6522374,0.66009575,-0.007858336,0.6326260566711426,0.6211764216423035,-0.011449635028839111
NME7,NME7,120,0.5790001,0.58712554,-0.008125424,1.009196162223816,1.023571491241455,0.01437532901763916
MIEN1,MIEN1,97,0.2913199,0.29958498,-0.008265078,0.2590164840221405,0.2047707438468933,-0.05424574017524719
ZNF669,ZNF669,114,0.8252727,0.83358914,-0.008316457,0.32834625244140625,0.3142324686050415,-0.014113783836364746
SAMD7,SAMD7,99,0.6594741,0.66797763,-0.008503556,0.6398118734359741,0.6396682262420654,-0.0001436471939086914
OXR1,OXR1,102,0.83879,0.8478502,-0.009060204,0.24351449310779572,0.23145343363285065,-0.012061059474945068
PLEC,PLEC,87,0.80559856,0.8149866,-0.00938803,0.3438988924026489,0.3238603472709656,-0.02003854513168335
MTAP,MTAP,96,0.40013492,0.40975717,-0.009622246,0.932041347026825,0.9258752465248108,-0.00616610050201416
DLL3,DLL3,98,0.6539929,0.6645852,-0.010592282,0.3365926146507263,0.30832844972610474,-0.028264164924621582
FAM60A,FAM60A,122,0.86119217,0.87235475,-0.011162579,0.2466544508934021,0.22871561348438263,-0.01793883740901947
CYP2AB1P,CYP2AB1P,100,0.8596093,0.87128234,-0.011673033,0.4953697919845581,0.4272620379924774,-0.06810775399208069
CCDC39,CCDC39,100,0.8494676,0.8616212,-0.0121536255,0.4720423221588135,0.5337966084480286,0.06175428628921509
TMEM130,TMEM130,99,0.4757612,0.488243,-0.012481809,0.4700983166694641,0.45117369294166565,-0.018924623727798462
RN7SL804P,RN7SL804P,87,0.40561754,0.41821933,-0.012601793,0.5712164044380188,0.5735620260238647,0.0023456215858459473
PAF1,PAF1,98,0.6522623,0.66534567,-0.013083398,0.7493517398834229,0.675202488899231,-0.0741492509841919
UNC93B6,UNC93B6,95,0.4175863,0.4307365,-0.013150215,0.8473166227340698,0.8222091794013977,-0.02510744333267212
PPFIBP1,PPFIBP1,100,0.8940051,0.9079609,-0.013955772,0.32795193791389465,0.28950726985931396,-0.03844466805458069
RBM48,RBM48,109,0.6840313,0.69799364,-0.013962328,0.47225284576416016,0.43049484491348267,-0.04175800085067749
ZIC1,ZIC1,98,0.8546805,0.86866736,-0.013986886,0.2183823138475418,0.18126311898231506,-0.037119194865226746
NDUFS2,NDUFS2,115,0.82863724,0.8427894,-0.014152169,0.2715202271938324,0.28836023807525635,0.01684001088142395
URI1,URI1,112,0.5317917,0.54648286,-0.014691174,1.1085307598114014,1.1644747257232666,0.055943965911865234
GRHL2,GRHL2,114,0.8515415,0.86633986,-0.014798343,0.2824968099594116,0.26472699642181396,-0.017769813537597656
ANKUB1,ANKUB1,102,0.8899916,0.9052565,-0.015264928,0.2731918692588806,0.24788855016231537,-0.025303319096565247
ZIC4,ZIC4,100,0.8060515,0.82137305,-0.015321553,0.31655076146125793,0.2902982532978058,-0.02625250816345215
RNA5SP63,RNA5SP63,126,0.7666302,0.78235006,-0.01571989,0.37468430399894714,0.3701188564300537,-0.004565447568893433
CDKN2A,CDKN2A,102,0.49741125,0.51359725,-0.016185999,0.6722536087036133,0.6881693005561829,0.01591569185256958
JAK2,JAK2,100,0.07282496,0.08906994,-0.016244978,1.6162347793579102,1.6454265117645264,0.02919173240661621
C1QTNF3,C1QTNF3,98,0.6046958,0.6213032,-0.016607404,0.309237003326416,0.3507249355316162,0.041487932205200195
MIR548K,MIR548K,95,0.38576046,0.402376,-0.01661554,0.9398535490036011,0.9516618251800537,0.011808276176452637
MYH16,MYH16,115,0.5222667,0.5389501,-0.0166834,0.42027395963668823,0.4101489782333374,-0.01012498140335083
SNORD112,SNORD112|ENSG00000252946.1,112,0.78100145,0.79780686,-0.01680541,0.3194982707500458,0.293261855840683,-0.026236414909362793
RNU6ATAC41P,RNU6ATAC41P,116,0.691402,0.7084692,-0.017067194,0.7223755121231079,0.7124127745628357,-0.009962737560272217
GP5,GP5,117,0.855803,0.8740801,-0.018277109,0.2578792870044708,0.2521423101425171,-0.005736976861953735
SNORA4,SNORA4|ENSG00000263776.1,120,0.858213,0.8766178,-0.018404782,0.27257269620895386,0.2639910578727722,-0.00858163833618164
snoU13,snoU13|ENSG00000238372.1,108,0.68038845,0.69911224,-0.018723786,0.3596076965332031,0.3415219485759735,-0.018085747957229614
DHCR7,DHCR7,96,0.41762948,0.4363587,-0.01872921,0.45485004782676697,0.45942673087120056,0.004576683044433594
IGF2BP2,IGF2BP2,107,0.85310286,0.87248236,-0.019379497,0.3002384305000305,0.250215083360672,-0.05002334713935852
ZNF536,ZNF536,118,0.26703614,0.28657547,-0.019539326,0.9353562593460083,0.8397547602653503,-0.09560149908065796
KIAA0226,KIAA0226,100,0.8246109,0.844632,-0.02002114,0.24261979758739471,0.2039259970188141,-0.03869380056858063
ORAOV1,ORAOV1,103,0.6366563,0.6567836,-0.020127296,0.7887915968894958,0.8469944000244141,0.05820280313491821
EDN3,EDN3,112,0.8496459,0.87013614,-0.02049023,0.20767603814601898,0.17497746646404266,-0.03269857168197632
BRI3,BRI3,116,0.5593001,0.5801309,-0.02083075,0.38030949234962463,0.36411935091018677,-0.016190141439437866
SLC20A2,SLC20A2,99,0.33348358,0.3545203,-0.021036714,1.6679929494857788,1.60369074344635,-0.06430220603942871
HRASLS,HRASLS,104,0.854765,0.8759583,-0.021193326,0.2736973166465759,0.2657712399959564,-0.007926076650619507
USP21,USP21,100,0.67394614,0.695259,-0.021312833,0.6838028430938721,0.6621933579444885,-0.021609485149383545
ITLN1,ITLN1,109,0.7167708,0.73815167,-0.021380842,0.6471503973007202,0.5878333449363708,-0.059317052364349365
C12orf5,C12orf5,85,0.61927986,0.6409256,-0.021645725,1.7578521966934204,1.631933569908142,-0.12591862678527832
SMIM19,SMIM19,104,0.5557894,0.5774719,-0.0216825,1.2878133058547974,1.1468565464019775,-0.14095675945281982
CPQ,CPQ,102,0.89598775,0.91774577,-0.02175802,0.19187165796756744,0.16234411299228668,-0.02952754497528076
SALL4,SALL4,110,0.88178724,0.90384585,-0.022058606,0.3925289809703827,0.30639392137527466,-0.08613505959510803
LINC00452,LINC00452,102,0.42359895,0.44568846,-0.022089511,0.5354326963424683,0.4794836640357971,-0.05594903230667114
CTCFL,CTCFL,99,0.8679893,0.890213,-0.022223711,0.15084345638751984,0.12245970964431763,-0.02838374674320221
HCN1,HCN1,109,0.70447856,0.7269713,-0.022492766,0.7557311654090881,0.6952653527259827,-0.06046581268310547
MIR663A,MIR663A,94,0.7010041,0.72356313,-0.022559047,0.39416491985321045,0.3699550926685333,-0.024209827184677124
CAND1,CAND1,87,0.2961032,0.31872502,-0.02262181,1.1135426759719849,1.1712087392807007,0.05766606330871582
BHLHE22,BHLHE22,108,0.86786735,0.8908528,-0.022985458,0.23639996349811554,0.20149965584278107,-0.03490030765533447
SIAH2,SIAH2,102,0.77016574,0.7931569,-0.02299118,0.31043490767478943,0.23146876692771912,-0.07896614074707031
TOMM34,TOMM34,112,0.71111226,0.73437285,-0.023260593,0.4487764537334442,0.4167627692222595,-0.03201368451118469
SMYD3,SMYD3,90,0.7993111,0.8228166,-0.023505509,0.45964452624320984,0.38553938269615173,-0.0741051435470581
TRIM59,TRIM59,115,0.8510334,0.87461025,-0.023576856,0.4453613758087158,0.3953343331813812,-0.050027042627334595
KCNAB1,KCNAB1,113,0.839154,0.8631272,-0.023973167,0.5184569954872131,0.47089895606040955,-0.04755803942680359
FGF4,FGF4,99,0.6695809,0.69360775,-0.02402687,0.5162141919136047,0.4523954689502716,-0.06381872296333313
CHRM3,CHRM3,102,0.79529077,0.81937456,-0.024083793,0.4683450758457184,0.42022421956062317,-0.048120856285095215
AHRR,AHRR,107,0.82517236,0.8493742,-0.02420181,0.2430524080991745,0.20912867784500122,-0.03392373025417328
SERPINI1,SERPINI1,97,0.8843256,0.9087523,-0.024426699,0.38697224855422974,0.25197967886924744,-0.1349925696849823
METTL20,METTL20,107,0.79002666,0.81450397,-0.024477303,0.4787246584892273,0.4316885471343994,-0.04703611135482788
PYGO2,PYGO2,104,0.79783666,0.8224835,-0.024646819,0.6060189604759216,0.534905195236206,-0.07111376523971558
GPC6,GPC6,88,0.35618064,0.38144067,-0.025260031,0.5446378588676453,0.49613773822784424,-0.048500120639801025
RN7SL148P,RN7SL148P,96,0.6735838,0.70024085,-0.026657045,0.3902897834777832,0.3832593262195587,-0.007030457258224487
GTSF1L,GTSF1L,100,0.8205917,0.8472542,-0.026662529,0.8403674364089966,0.7126210927963257,-0.1277463436126709
C3orf33,C3orf33,111,0.69535017,0.7224443,-0.027094126,0.28720325231552124,0.2568516135215759,-0.030351638793945312
GPR160,GPR160,98,0.8731787,0.90034264,-0.027163923,0.492031455039978,0.44182220101356506,-0.050209254026412964
TTLL9,TTLL9,118,0.7833343,0.8105799,-0.027245581,0.5558672547340393,0.46613800525665283,-0.08972924947738647
ZBBX,ZBBX,99,0.76353985,0.7919152,-0.028375328,0.31295984983444214,0.2652154564857483,-0.04774439334869385
LMNA,LMNA,96,0.88818526,0.9166062,-0.028420925,0.3758290708065033,0.29429128766059875,-0.08153778314590454
C11orf70,C11orf70,94,0.12759301,0.15644595,-0.02885294,0.5489839315414429,0.5397084355354309,-0.009275496006011963
TAS2R46,TAS2R46,122,0.8734181,0.9028342,-0.029416084,0.2630924582481384,0.2109673172235489,-0.05212514102458954
FXYD1,FXYD1,112,0.49655214,0.52606684,-0.0295147,0.4357779324054718,0.45952528715133667,0.023747354745864868
TNFSF10,TNFSF10,100,0.7683302,0.79800713,-0.029676914,0.25697433948516846,0.20849868655204773,-0.04847565293312073
SMURF1,SMURF1,95,0.6233977,0.6531671,-0.02976942,0.6210371851921082,0.5665897727012634,-0.05444741249084473
LRRN2,LRRN2,107,0.80406517,0.8340406,-0.029975414,0.3434281647205353,0.29949381947517395,-0.04393434524536133
RN7SKP97,RN7SKP97,103,0.81187284,0.84194446,-0.030071616,0.35291746258735657,0.2967171370983124,-0.05620032548904419
ARHGEF26,ARHGEF26,96,0.7621312,0.79228985,-0.030158639,0.29002174735069275,0.20065076649188995,-0.0893709808588028
ATP2B4,ATP2B4,124,0.80971783,0.83998394,-0.030266106,0.33067432045936584,0.2696891129016876,-0.06098520755767822
LRRC3C,LRRC3C,106,0.38194978,0.41267374,-0.03072396,0.7055234313011169,0.6808289289474487,-0.024694502353668213
GSG1,GSG1,98,0.857336,0.8882921,-0.03095609,0.20897960662841797,0.1590815931558609,-0.04989801347255707
KCNU1,KCNU1,125,0.5037514,0.5349714,-0.031220019,0.6437749266624451,0.6236029863357544,-0.020171940326690674
PRELP,PRELP,97,0.7438656,0.775406,-0.031540394,0.3261542320251465,0.29525765776634216,-0.03089657425880432
TAS2R10,TAS2R10,103,0.88311195,0.91483116,-0.031719208,0.5370007753372192,0.36536091566085815,-0.17163985967636108
MIR4756,MIR4756,120,0.8196009,0.8521295,-0.03252864,0.3506634831428528,0.3342968821525574,-0.01636660099029541
PPP1R9A,PPP1R9A,111,0.43153903,0.46423158,-0.03269255,0.47430312633514404,0.46680566668510437,-0.007497459650039673
RN7SL31P,RN7SL31P,105,0.92943317,0.96219254,-0.03275937,0.21547931432724,0.1334405541419983,-0.0820387601852417
RNA5SP263,RNA5SP263,92,0.3147621,0.34788352,-0.033121437,1.1019229888916016,1.0514652729034424,-0.05045771598815918
MIR296,MIR296,108,0.8133694,0.84661174,-0.033242345,0.6471113562583923,0.5946732759475708,-0.05243808031082153
DEFB121,DEFB121,114,0.79040104,0.82384014,-0.0334391,0.29009950160980225,0.23891274631023407,-0.051186755299568176
TARBP1,TARBP1,99,0.7794377,0.8130347,-0.033596992,0.3659766614437103,0.31511276960372925,-0.05086389183998108
SPAG4,SPAG4,101,0.8489581,0.882573,-0.033614933,0.3694208860397339,0.3115939199924469,-0.05782696604728699
XXYLT1,XXYLT1,101,0.88132834,0.9149942,-0.033665836,0.42935416102409363,0.3748263120651245,-0.054527848958969116
MME,MME,107,0.72794133,0.7617075,-0.03376615,0.4998679459095001,0.4376981854438782,-0.06216976046562195
PIK3C2B,PIK3C2B,96,0.8073841,0.8413903,-0.034006238,0.28415215015411377,0.23612664639949799,-0.048025503754615784
RNA5SP470,RNA5SP470,110,0.4973754,0.5315424,-0.03416702,1.2395156621932983,1.2330117225646973,-0.006503939628601074
ASAP1,ASAP1,115,0.8616614,0.8958799,-0.03421855,0.36511102318763733,0.28171709179878235,-0.08339393138885498
RN7SL637P,RN7SL637P,101,0.85188675,0.8861682,-0.034281433,0.2415541261434555,0.18835073709487915,-0.053203389048576355
H2AFJ,H2AFJ,94,0.91401833,0.94860655,-0.034588218,0.3426980674266815,0.21874617040157318,-0.12395189702510834
SIRT2,SIRT2,119,0.56459516,0.59979266,-0.035197496,0.6714344024658203,0.6322895288467407,-0.03914487361907959
FAM65C,FAM65C,96,0.7716204,0.8074917,-0.035871327,0.3845261037349701,0.35864925384521484,-0.02587684988975525
LINC00578,LINC00578,97,0.92322755,0.95931596,-0.036088407,0.35517627000808716,0.19471506774425507,-0.1604612022638321
NCOA5,NCOA5,104,0.8914059,0.9277375,-0.036331594,0.16974586248397827,0.12000751495361328,-0.04973834753036499
GHRH,GHRH,108,0.80955714,0.84590733,-0.03635019,0.8472554683685303,0.701081395149231,-0.14617407321929932
EHHADH,EHHADH,99,0.8597575,0.8963769,-0.036619425,0.30744799971580505,0.25369560718536377,-0.053752392530441284
SNORD88,SNORD88,140,0.70832735,0.745311,-0.03698367,0.33837488293647766,0.3139096200466156,-0.02446526288986206
MIR1208,MIR1208,100,0.59365535,0.6308875,-0.03723216,0.9277074933052063,0.9108014702796936,-0.016906023025512695
NELFCD,NELFCD,99,0.8261675,0.8634656,-0.037298083,0.28286677598953247,0.22606758773326874,-0.05679918825626373
MDM4,MDM4,111,0.8017488,0.8390588,-0.037310004,0.3837450444698334,0.3214816749095917,-0.0622633695602417
PLEKHA6,PLEKHA6,117,0.7560312,0.7933542,-0.037322998,0.34361910820007324,0.2909126281738281,-0.05270648002624512
MECOM,MECOM,109,0.6746631,0.71207225,-0.037409127,0.7143237590789795,0.652296781539917,-0.0620269775390625
PEX2,PEX2,96,0.92361975,0.9611927,-0.03757298,0.24850249290466309,0.11631149798631668,-0.1321909949183464
TBCCD1,TBCCD1,100,0.9111955,0.948983,-0.037787497,0.244991734623909,0.15353800356388092,-0.09145373106002808
OVCH1,OVCH1,94,0.7224323,0.7606636,-0.038231313,1.1584231853485107,0.9986152052879333,-0.1598079800605774
CHIT1,CHIT1,89,0.86268073,0.9010676,-0.03838688,0.3297436237335205,0.20921915769577026,-0.12052446603775024
MIR4279,MIR4279,93,0.7100117,0.749002,-0.03899026,0.4236152768135071,0.3738046884536743,-0.049810588359832764
LAX1,LAX1,97,0.8226189,0.86161524,-0.03899634,0.23135796189308167,0.17041100561618805,-0.060946956276893616
RN7SL69P,RN7SL69P,96,0.8826675,0.9218183,-0.039150834,0.3292073607444763,0.2332865446805954,-0.09592081606388092
CLEC6A,CLEC6A,91,0.90400743,0.9436114,-0.03960395,0.2618356943130493,0.15689285099506378,-0.10494284331798553
REM1,REM1,104,0.7730764,0.8128778,-0.03980136,0.6338329911231995,0.5100631713867188,-0.12376981973648071
U3,U3|ENSG00000253052.1,111,0.72690564,0.76684856,-0.03994292,0.8665892481803894,0.7451425790786743,-0.12144666910171509
NDUFB5,NDUFB5,104,0.8444906,0.88450915,-0.04001856,0.3473387360572815,0.26755720376968384,-0.07978153228759766
GAPDH,GAPDH,93,0.8843416,0.9244121,-0.040070474,0.3580096364021301,0.2590535879135132,-0.09895604848861694
PVRL4,PVRL4,96,0.63937986,0.6794871,-0.04010725,0.7003979682922363,0.655698299407959,-0.044699668884277344
THRA,THRA,97,0.5280892,0.5684397,-0.040350497,0.8494666218757629,0.8018016219139099,-0.04766499996185303
RN7SL773P,RN7SL773P,115,0.8697541,0.91048473,-0.040730655,0.40184250473976135,0.33326587080955505,-0.0685766339302063
YEATS4,YEATS4,107,0.7758409,0.8170602,-0.041219294,0.26230910420417786,0.1959582418203354,-0.06635086238384247
PPP4R1L,PPP4R1L,118,0.7944185,0.8356503,-0.04123181,0.9227530360221863,0.7881263494491577,-0.13462668657302856
MARCH9,MARCH9,134,0.66534275,0.7068162,-0.04147345,0.7108590006828308,0.5711659789085388,-0.139693021774292
snoU13,snoU13|ENSG00000252638.1,104,0.81890434,0.86067796,-0.041773617,0.4260890781879425,0.33447790145874023,-0.09161117672920227
THEG5,THEG5,87,0.45030257,0.4920852,-0.041782618,0.4739241898059845,0.4038974642753601,-0.07002672553062439
HDAC9,HDAC9,100,0.61698216,0.65901417,-0.042032003,0.5556938052177429,0.5094926357269287,-0.04620116949081421
SCCPDH,SCCPDH,94,0.84023243,0.8822907,-0.04205829,0.24787558615207672,0.17339259386062622,-0.0744829922914505
UGT3A1,UGT3A1,110,0.7936536,0.83589584,-0.04224223,0.40519335865974426,0.34794896841049194,-0.05724439024925232
CUL4A,CUL4A,129,0.60866386,0.65097296,-0.042309105,0.5374360680580139,0.4928377866744995,-0.044598281383514404
U3,U3|ENSG00000201368.1,104,0.73648494,0.77889997,-0.042415023,0.4596228003501892,0.3760167956352234,-0.08360600471496582
NIPAL2,NIPAL2,91,0.88977,0.93240356,-0.042633593,0.28895455598831177,0.1541358232498169,-0.13481873273849487
RP1,RP1,92,0.8458385,0.8885223,-0.04268384,0.3100299537181854,0.22599239647388458,-0.08403755724430084
SPAG1,SPAG1,93,0.8803713,0.9233192,-0.042947948,0.27480557560920715,0.1844254434108734,-0.09038013219833374
CLEC1A,CLEC1A,99,0.90555567,0.94856554,-0.043009877,0.3775767982006073,0.22430777549743652,-0.15326902270317078
MIR378D2,MIR378D2,91,0.8679208,0.9109722,-0.043051362,0.3860848844051361,0.25619611144065857,-0.12988877296447754
PCMTD1,PCMTD1,113,0.8737,0.91683495,-0.043134928,0.533640444278717,0.2642507255077362,-0.26938971877098083
ANO1,ANO1,107,0.62425935,0.6674418,-0.043182433,1.0351670980453491,0.9423115849494934,-0.09285551309585571
YWHAZ,YWHAZ,126,0.8221078,0.86557066,-0.043462873,0.2983473539352417,0.24685542285442352,-0.051491931080818176
LINC00494,LINC00494,115,0.8798106,0.9237026,-0.043892026,0.21193596720695496,0.15593282878398895,-0.056003138422966
ABCF3,ABCF3,104,0.8522819,0.8961935,-0.043911576,0.3595525324344635,0.29786017537117004,-0.06169235706329346
PYROXD1,PYROXD1,102,0.8946146,0.93872494,-0.044110358,0.16489264369010925,0.09819451719522476,-0.06669812649488449
SNORA63,SNORA63|ENSG00000199363.1,117,0.84555006,0.88992846,-0.0443784,0.2699160575866699,0.20706170797348022,-0.0628543496131897
COX6C,COX6C,94,0.8762285,0.9206612,-0.0444327,0.28257784247398376,0.2152864634990692,-0.06729137897491455
PRR4,PRR4,98,0.8985115,0.94300884,-0.04449731,0.26580774784088135,0.1836131513118744,-0.08219459652900696
RSRC1,RSRC1,94,0.7981665,0.84272563,-0.04455912,0.5226621627807617,0.4447856545448303,-0.0778765082359314
GPR124,GPR124,121,0.60292137,0.6475512,-0.044629812,0.8865016102790833,0.8019081354141235,-0.08459347486495972
BCHE,BCHE,91,0.900279,0.94501716,-0.044738173,0.31037506461143494,0.25229158997535706,-0.05808347463607788
ZFP64,ZFP64,101,0.83769387,0.8825828,-0.044888914,0.2137174904346466,0.16546526551246643,-0.048252224922180176
FABP12,FABP12,93,0.8242141,0.86915404,-0.044939935,0.6643452644348145,0.44675981998443604,-0.21758544445037842
KLHL6,KLHL6,103,0.89283293,0.93779767,-0.04496473,0.16987840831279755,0.1284058541059494,-0.041472554206848145
RN7SL486P,RN7SL486P,102,0.8905799,0.9359806,-0.04540074,0.3108249008655548,0.25651443004608154,-0.05431047081947327
MYO7A,MYO7A,105,0.19735606,0.2432608,-0.04590474,0.3997635543346405,0.37428200244903564,-0.02548155188560486
BPIFB1,BPIFB1,107,0.80006355,0.8461875,-0.046123922,0.35727205872535706,0.2717881500720978,-0.08548390865325928
RN7SKP265,RN7SKP265,119,0.8767296,0.9229566,-0.04622698,0.33131569623947144,0.23261447250843048,-0.09870122373104095
EIF3E,EIF3E,114,0.8753362,0.92212284,-0.046786606,0.36178258061408997,0.2338140457868576,-0.12796853482723236
RN7SL685P,RN7SL685P,102,0.8381869,0.88514215,-0.046955228,0.36013251543045044,0.25096720457077026,-0.10916531085968018
ANXA9,ANXA9,104,0.67985046,0.7268278,-0.04697734,0.6520561575889587,0.5541776418685913,-0.09787851572036743
EXOC3,EXOC3,92,0.7866207,0.8338428,-0.047222137,0.597938060760498,0.5118566751480103,-0.08608138561248779
STK3,STK3,100,0.82701135,0.8743035,-0.047292173,0.36545926332473755,0.31217440962791443,-0.05328485369682312
C1RL,C1RL,108,0.8586369,0.90597415,-0.047337234,0.376283198595047,0.161457359790802,-0.214825838804245
MTBP,MTBP,109,0.8985947,0.9459851,-0.0473904,0.23404733836650848,0.1311129629611969,-0.10293437540531158
ZNF695,ZNF695,103,0.76166874,0.8094162,-0.047747433,0.3976980447769165,0.3252546489238739,-0.0724433958530426
MRPS30,MRPS30,100,0.67952245,0.72731173,-0.047789276,0.30534911155700684,0.2614685297012329,-0.043880581855773926
CDK14,CDK14,106,0.5897238,0.6375217,-0.04779786,0.4276828467845917,0.35764575004577637,-0.07003709673881531
TMEM79,TMEM79,100,0.860087,0.9079099,-0.047822952,0.3020024001598358,0.22359584271907806,-0.07840655744075775
GUCY2C,GUCY2C,104,0.8630993,0.9110146,-0.04791534,0.335704505443573,0.23516017198562622,-0.10054433345794678
WFDC13,WFDC13,112,0.8476048,0.8955466,-0.047941804,0.49889498949050903,0.45432743430137634,-0.04456755518913269
GPR171,GPR171,103,0.9045722,0.9525579,-0.047985733,0.2808776795864105,0.1814408153295517,-0.09943686425685883
ARNTL2,ARNTL2,108,0.7896107,0.83776,-0.048149288,0.40644562244415283,0.3227936029434204,-0.08365201950073242
UTS2B,UTS2B,115,0.867643,0.9158834,-0.048240423,0.5360654592514038,0.386516273021698,-0.1495491862297058
DCAF13,DCAF13,94,0.9025726,0.95082784,-0.048255265,0.23672489821910858,0.1401631385087967,-0.09656175971031189
RNY4P16,RNY4P16,102,0.8585525,0.90692383,-0.048371315,0.32485273480415344,0.2122538536787033,-0.11259888112545013
MIR4326,MIR4326,106,0.6889584,0.73779744,-0.048839033,0.4914833605289459,0.4483124017715454,-0.04317095875740051
KCNQ3,KCNQ3,112,0.7163805,0.76534617,-0.048965693,0.7285725474357605,0.5901269316673279,-0.13844561576843262
DDX27,DDX27,101,0.8881109,0.9370817,-0.04897082,0.34247028827667236,0.23629696667194366,-0.1061733216047287
RPL30,RPL30,98,0.81083834,0.8599174,-0.04907906,0.4435330331325531,0.3233596384525299,-0.1201733946800232
MIR1537,MIR1537,94,0.75211143,0.8012653,-0.049153864,0.499498575925827,0.4078979194164276,-0.09160065650939941
CEP170,CEP170,99,0.7904765,0.83970344,-0.04922694,0.29163068532943726,0.23348703980445862,-0.05814364552497864
GPR19,GPR19,111,0.8378713,0.88742536,-0.04955405,0.3227228820323944,0.22921335697174072,-0.09350952506065369
RNA5SP264,RNA5SP264,114,0.5397602,0.5900685,-0.050308347,1.4057193994522095,1.258897304534912,-0.14682209491729736
SPO11,SPO11,100,0.81495756,0.8653034,-0.050345838,0.2971775531768799,0.22503438591957092,-0.07214316725730896
UQCRB,UQCRB,96,0.7768563,0.8275182,-0.05066192,0.5169574618339539,0.423491507768631,-0.09346595406532288
EGFEM1P,EGFEM1P,98,0.72307414,0.77375364,-0.050679505,0.2385430783033371,0.18026325106620789,-0.05827982723712921
RNA5SP145,RNA5SP145,109,0.85838664,0.9090759,-0.05068928,0.27949321269989014,0.18032167851924896,-0.09917153418064117
PIAS3,PIAS3,110,0.8005199,0.8513571,-0.05083722,0.3789657950401306,0.29985880851745605,-0.07910698652267456
PAK4,PAK4,103,0.6437404,0.6947233,-0.050982893,0.2453496754169464,0.20017115771770477,-0.04517851769924164
PABPC1,PABPC1,82,0.85262996,0.9037094,-0.051079452,0.24983133375644684,0.19198468327522278,-0.05784665048122406
LEPREL1,LEPREL1,106,0.7902605,0.8413427,-0.051082194,0.33766937255859375,0.22456562519073486,-0.11310374736785889
CT64,CT64,104,0.8022359,0.8533305,-0.05109459,0.2623206675052643,0.19740280508995056,-0.06491786241531372
FITM2,FITM2,103,0.9013445,0.95256203,-0.051217556,0.18556749820709229,0.1155334934592247,-0.07003400474786758
RN7SL447P,RN7SL447P,99,0.8467826,0.89841026,-0.051627636,0.22325372695922852,0.15127746760845184,-0.07197625935077667
ECE2,ECE2,89,0.89099133,0.94279414,-0.051802814,0.1744672656059265,0.09805464744567871,-0.0764126181602478
RNA5SP62,RNA5SP62,97,0.6715558,0.72347546,-0.05191964,0.3277257978916168,0.3346370756626129,0.006911277770996094
DPYS,DPYS,91,0.8432956,0.89539593,-0.05210036,0.257758229970932,0.19994144141674042,-0.05781678855419159
snoU13,snoU13|ENSG00000238791.1,92,0.9108111,0.96311677,-0.05230564,0.2230888456106186,0.10579181462526321,-0.11729703098535538
C3orf80,C3orf80,97,0.8009316,0.85332465,-0.05239308,0.41861486434936523,0.3736419975757599,-0.04497286677360535
TDRKH,TDRKH,98,0.8507951,0.9034079,-0.05261278,0.21937677264213562,0.13194426894187927,-0.08743250370025635
NOS1AP,NOS1AP,115,0.84664875,0.89961296,-0.05296421,0.17152898013591766,0.1172720342874527,-0.054256945848464966
EIF6,EIF6,116,0.81131345,0.8646193,-0.053305864,0.4897857904434204,0.38415807485580444,-0.10562771558761597
KIAA0947,KIAA0947,97,0.61831224,0.671622,-0.05330974,0.5039622783660889,0.4433640241622925,-0.06059825420379639
PHACTR3,PHACTR3,103,0.8629562,0.9162915,-0.05333525,0.24825337529182434,0.163798525929451,-0.08445484936237335
RN7SL237P,RN7SL237P,93,0.87362456,0.9270604,-0.053435862,0.2810916602611542,0.17299483716487885,-0.10809682309627533
SNORD77,SNORD77|ENSG00000212414.1,109,0.8579781,0.9114839,-0.05350578,0.24244502186775208,0.16433535516262054,-0.07810966670513153
R3HDML,R3HDML,105,0.8876522,0.9412913,-0.053639054,0.350067138671875,0.2895927131175995,-0.06047442555427551
TSPYL5,TSPYL5,105,0.8298963,0.88359106,-0.053694785,0.4853723347187042,0.3881053030490875,-0.0972670316696167
MB21D2,MB21D2,100,0.81915915,0.8728737,-0.053714573,0.2819243371486664,0.1644054651260376,-0.11751887202262878
GPNMB,GPNMB,108,0.40767398,0.46145457,-0.053780586,1.315361499786377,1.2418092489242554,-0.07355225086212158
TRHR,TRHR,98,0.8474316,0.9013196,-0.053888023,0.4540554881095886,0.30311572551727295,-0.15093976259231567
RN7SL64P,RN7SL64P,101,0.61195946,0.66598535,-0.05402589,0.35162365436553955,0.32348692417144775,-0.028136730194091797
ZNF496,ZNF496,96,0.73893493,0.7930689,-0.05413395,0.5766426920890808,0.45103201270103455,-0.12561067938804626
C20orf197,C20orf197,118,0.8037325,0.8578769,-0.054144382,0.5733586549758911,0.44016143679618835,-0.13319721817970276
PDZK1P1,PDZK1P1,99,0.77264583,0.82686836,-0.054222524,0.36445102095603943,0.26793017983436584,-0.09652084112167358
SAMD10,SAMD10,110,0.8207391,0.8750212,-0.05428213,0.43353497982025146,0.30746862292289734,-0.12606635689735413
MIR151A,MIR151A,122,0.8336087,0.88804644,-0.054437757,0.4406193792819977,0.3011878728866577,-0.13943150639533997
RGS7,RGS7,114,0.75188875,0.8063839,-0.054495156,0.4932011067867279,0.3967028856277466,-0.09649822115898132
SLCO1B7,SLCO1B7,94,0.8025548,0.8570506,-0.05449581,1.1459145545959473,0.927509605884552,-0.21840494871139526
TAS2R9,TAS2R9,91,0.7809245,0.8354735,-0.05454898,1.1098204851150513,0.9083738327026367,-0.20144665241241455
FBXO47,FBXO47,97,0.5726618,0.62741333,-0.054751515,0.41163772344589233,0.36799925565719604,-0.04363846778869629
ZNF335,ZNF335,101,0.7258305,0.78074276,-0.05491227,0.4310719072818756,0.33396604657173157,-0.09710586071014404
GPRC5D,GPRC5D,104,0.88219804,0.9372413,-0.05504328,0.3739795386791229,0.20776191353797913,-0.1662176251411438
MIR1257,MIR1257,119,0.8951203,0.9502287,-0.05510837,0.20818865299224854,0.11351529508829117,-0.09467335790395737
TOP1,TOP1,111,0.79431957,0.849497,-0.05517745,0.3520842492580414,0.2813761830329895,-0.07070806622505188
RN7SL151P,RN7SL151P,103,0.3464232,0.40163562,-0.05521241,1.1232631206512451,1.0991764068603516,-0.024086713790893555
AKAP9,AKAP9,118,0.57980424,0.63506633,-0.05526209,0.4822167456150055,0.4200114905834198,-0.06220525503158569
DEFA3,DEFA3,99,0.7604575,0.816022,-0.055564463,0.35723039507865906,0.28647705912590027,-0.07075333595275879
snoU13,snoU13|ENSG00000238491.1,100,0.7918831,0.84746844,-0.055585325,0.2544313371181488,0.17272759974002838,-0.08170373737812042
COX20,COX20,88,0.7380957,0.79380035,-0.055704653,0.6730470061302185,0.5561160445213318,-0.11693096160888672
MIR1224,MIR1224,105,0.8126562,0.868487,-0.055830777,0.1683732569217682,0.11577488481998444,-0.05259837210178375
ETNK2,ETNK2,97,0.82319134,0.879285,-0.056093633,0.32731619477272034,0.22710518538951874,-0.1002110093832016
KLHL24,KLHL24,94,0.9070554,0.9634093,-0.056353927,0.22671818733215332,0.1031542718410492,-0.12356391549110413
SNORA63,SNORA63|ENSG00000199473.1,96,0.5156658,0.57252336,-0.056857526,0.3342011272907257,0.29311174154281616,-0.041089385747909546
HTR7P1,HTR7P1,90,0.7120322,0.76897824,-0.05694604,0.3033822476863861,0.25240013003349304,-0.050982117652893066
TMEM71,TMEM71,103,0.86619604,0.9232048,-0.057008743,0.3182595372200012,0.2010165899991989,-0.11724294722080231
ZNF7,ZNF7,107,0.8967326,0.9539509,-0.057218254,0.2981962263584137,0.12984223663806915,-0.16835398972034454
RN7SKP100,RN7SKP100,104,0.8168419,0.87429863,-0.05745673,0.4584710896015167,0.2818983197212219,-0.1765727698802948
TERF1,TERF1,82,0.9033437,0.9609425,-0.05759883,0.3872264623641968,0.142985001206398,-0.24424146115779877
RN7SL636P,RN7SL636P,99,0.64984363,0.70755064,-0.05770701,0.6997315287590027,0.6083027124404907,-0.09142881631851196
MCCC1,MCCC1,106,0.82256204,0.8804263,-0.05786425,0.21687576174736023,0.18853513896465302,-0.028340622782707214
EIF2B5,EIF2B5,117,0.8348381,0.8928744,-0.058036327,0.17282451689243317,0.11999525129795074,-0.05282926559448242
TPCN2,TPCN2,110,0.48132813,0.53936964,-0.058041513,0.4663756489753723,0.43625199794769287,-0.030123651027679443
PSMD2,PSMD2,108,0.8569422,0.9150007,-0.0580585,0.19607900083065033,0.11926198750734329,-0.07681701332330704
PRH2,PRH2,99,0.85442454,0.9124935,-0.05806899,0.24425803124904633,0.15332601964473724,-0.09093201160430908
ATAD2,ATAD2,120,0.8763799,0.93464434,-0.058264434,0.3180887997150421,0.16463054716587067,-0.15345825254917145
MIR548A3,MIR548A3,88,0.90166277,0.9599286,-0.058265805,0.1881243735551834,0.08549579232931137,-0.10262858122587204
PI15,PI15,96,0.6994489,0.7578167,-0.05836779,0.3548823893070221,0.28957197070121765,-0.06531041860580444
SNORA18,SNORA18|ENSG00000200288.1,110,0.8297981,0.8881942,-0.0583961,0.1670873463153839,0.11415471136569977,-0.05293263494968414
GJD3,GJD3,112,0.36915794,0.42763552,-0.05847758,0.7773922085762024,0.7429803609848022,-0.034411847591400146
ZSWIM1,ZSWIM1,111,0.66890794,0.72739,-0.05848205,0.3950580954551697,0.27735981345176697,-0.11769828200340271
LINC00624,LINC00624,102,0.8242012,0.8827311,-0.058529854,0.27508193254470825,0.2141602635383606,-0.060921669006347656
ACOT8,ACOT8,113,0.81646895,0.8750074,-0.058538437,0.7057384848594666,0.52521151304245,-0.1805269718170166
TMCC2,TMCC2,107,0.71948546,0.7781051,-0.05861962,0.24647527933120728,0.19198741018772125,-0.05448786914348602
LGALS13,LGALS13,92,0.52863985,0.5873188,-0.058678925,0.1595238298177719,0.13984008133411407,-0.019683748483657837
SYBU,SYBU,87,0.8266072,0.8853914,-0.058784187,0.23912885785102844,0.174399271607399,-0.06472958624362946
XKR7,XKR7,105,0.8143783,0.87328357,-0.058905244,0.5787215232849121,0.43387356400489807,-0.14484795928001404
SCARNA4,SCARNA4|ENSG00000252808.1,103,0.7404294,0.799578,-0.05914861,0.8850172758102417,0.6959235072135925,-0.18909376859664917
C20orf85,C20orf85,94,0.8661982,0.9254867,-0.0592885,0.31798842549324036,0.18929336965084076,-0.1286950558423996
RAD52,RAD52,113,0.8987769,0.9587803,-0.0600034,0.20242750644683838,0.08480212837457657,-0.11762537807226181
TSNARE1,TSNARE1,112,0.8743554,0.9344636,-0.060108244,0.35106179118156433,0.19958028197288513,-0.1514815092086792
TMEM74,TMEM74,106,0.83939505,0.8996504,-0.06025535,0.4169430136680603,0.2725520730018616,-0.14439094066619873
ALG10B,ALG10B,106,0.7152988,0.7755893,-0.060290515,0.26503878831863403,0.21962599456310272,-0.04541279375553131
THRSP,THRSP,111,0.06873987,0.12907232,-0.060332455,0.38037940859794617,0.35868993401527405,-0.02168947458267212
C2CD5,C2CD5,115,0.8530185,0.91339034,-0.060371816,0.28988564014434814,0.18636451661586761,-0.10352112352848053
CSMD3,CSMD3,104,0.83487034,0.89532286,-0.06045252,0.22034138441085815,0.15281818807125092,-0.06752319633960724
TSPY26P,TSPY26P,105,0.7665273,0.8270593,-0.060532033,0.2327783703804016,0.18795935809612274,-0.04481901228427887
NOTCH2,NOTCH2,112,0.8578283,0.9184998,-0.06067151,0.2685280740261078,0.16203078627586365,-0.10649728775024414
MIR298,MIR298,91,0.84610826,0.9068501,-0.06074184,0.34269803762435913,0.25252601504325867,-0.09017202258110046
CDKAL1,CDKAL1,96,0.34866536,0.40945,-0.060784638,0.6999850869178772,0.6387855410575867,-0.06119954586029053
RNA5SP471,RNA5SP471,101,0.33400247,0.39478734,-0.060784876,0.6793311238288879,0.6105043292045593,-0.06882679462432861
SENP5,SENP5,108,0.80659884,0.8675128,-0.06091398,0.3531808853149414,0.2380375862121582,-0.1151432991027832
AKAP3,AKAP3,108,0.82752925,0.8884459,-0.060916662,0.18661506474018097,0.0784301906824112,-0.10818487405776978
DOK5,DOK5,97,0.7935082,0.854428,-0.06091982,0.26264774799346924,0.1390485316514969,-0.12359921634197235
FRG1B,FRG1B,120,0.7713658,0.83230925,-0.060943425,0.42161500453948975,0.323670893907547,-0.09794411063194275
CPNE8,CPNE8,100,0.5997912,0.6608212,-0.06102997,0.6723979711532593,0.5625852346420288,-0.10981273651123047
GBA,GBA,106,0.78986734,0.85096616,-0.061098814,0.48115500807762146,0.3907574415206909,-0.09039756655693054
EYA2,EYA2,116,0.776969,0.8382103,-0.06124127,0.30023184418678284,0.241418719291687,-0.058813124895095825
EIF2S3L,EIF2S3L,92,0.8090116,0.8703698,-0.061358213,0.39213940501213074,0.1828056424856186,-0.20933376252651215
TRMT12,TRMT12,107,0.86252505,0.9239464,-0.061421335,0.28188085556030273,0.16886427998542786,-0.11301657557487488
CACNA1C,CACNA1C,90,0.7976908,0.8591867,-0.0614959,0.7105557918548584,0.5750151872634888,-0.13554060459136963
RN7SL383P,RN7SL383P,90,0.6865222,0.74809,-0.061567843,0.48573964834213257,0.4018929898738861,-0.08384665846824646
MIR30B,MIR30B,107,0.82640535,0.8880791,-0.06167376,0.45846742391586304,0.3099663555622101,-0.14850106835365295
LENEP,LENEP,82,0.6318942,0.69358724,-0.061693072,1.0646388530731201,0.9527516961097717,-0.11188715696334839
MIR190B,MIR190B,96,0.8551531,0.9169338,-0.06178069,0.3481431007385254,0.25291815400123596,-0.09522494673728943
snoU13,snoU13|ENSG00000239134.1,90,0.8855369,0.94736797,-0.061831057,0.33490699529647827,0.14487992227077484,-0.19002707302570343
SPSB2,SPSB2,115,0.7486278,0.8106699,-0.062042117,0.3752685487270355,0.30312636494636536,-0.07214218378067017
IQCG,IQCG,102,0.8088928,0.8709693,-0.06207651,0.22789835929870605,0.1474383920431137,-0.08045996725559235
RN7SKP231,RN7SKP231,108,0.83177924,0.893869,-0.06208974,0.42309272289276123,0.2692786753177643,-0.15381404757499695
KCNJ8,KCNJ8,97,0.8744384,0.9369782,-0.062539816,0.31616711616516113,0.18006344139575958,-0.13610367476940155
TWISTNB,TWISTNB,90,0.6425947,0.70533127,-0.06273657,0.4522744417190552,0.38796573877334595,-0.06430870294570923
RN7SL46P,RN7SL46P,112,0.8432907,0.9060616,-0.0627709,0.31671062111854553,0.20197126269340515,-0.11473935842514038
OR2G3,OR2G3,120,0.7848774,0.8476546,-0.06277716,0.28760668635368347,0.21556790173053741,-0.07203878462314606
LYPD2,LYPD2,106,0.84413403,0.90700454,-0.0628705,0.250541090965271,0.16532886028289795,-0.08521223068237305
DERL1,DERL1,119,0.8656089,0.92849296,-0.06288409,0.4844950735569,0.31390833854675293,-0.1705867350101471
RN7SL816P,RN7SL816P,95,0.58219594,0.6451414,-0.062945485,0.7772828936576843,0.674144446849823,-0.10313844680786133
RNA5SP278,RNA5SP278,108,0.8237319,0.8867887,-0.06305683,0.43256500363349915,0.30475082993507385,-0.1278141736984253
C8orf46,C8orf46,114,0.7206781,0.78394896,-0.06327087,0.426541805267334,0.34285402297973633,-0.08368778228759766
LINC00967,LINC00967,85,0.8828196,0.9461871,-0.063367486,0.25674211978912354,0.11314944922924042,-0.14359267055988312
RCSD1,RCSD1,88,0.8529785,0.91654736,-0.06356883,0.35468360781669617,0.21999436616897583,-0.13468924164772034
POP1,POP1,110,0.8808092,0.94439095,-0.063581765,0.20738646388053894,0.1051817461848259,-0.10220471769571304
snoU13,snoU13|ENSG00000239096.1,83,0.5286346,0.5923112,-0.063676596,0.5277253985404968,0.4898907244205475,-0.03783467411994934
RNA5SP147,RNA5SP147,114,0.8902751,0.9540724,-0.063797295,0.313719779253006,0.18982750177383423,-0.12389227747917175
MIR645,MIR645,121,0.7810523,0.84490967,-0.06385738,0.5251868367195129,0.3656832277774811,-0.15950360894203186
ABCC5,ABCC5,99,0.8858285,0.94974387,-0.06391537,0.4283806383609772,0.2580486536026001,-0.17033198475837708
SNX31,SNX31,111,0.887649,0.95199096,-0.06434196,0.23812925815582275,0.12950624525547028,-0.10862301290035248
KLRB1,KLRB1,115,0.8465699,0.9110346,-0.06446469,0.4519238770008087,0.21667250990867615,-0.23525136709213257
RN7SKP298,RN7SKP298,105,0.85238796,0.91696393,-0.06457597,0.34502705931663513,0.1948363184928894,-0.15019074082374573
ATP6V1C1,ATP6V1C1,111,0.8065191,0.8711809,-0.0646618,0.4735219180583954,0.3451555669307709,-0.1283663511276245
RNA5SP486,RNA5SP486,96,0.7948541,0.85955346,-0.06469935,0.3138425350189209,0.22487330436706543,-0.08896923065185547
UBQLN4,UBQLN4,104,0.7697395,0.83450943,-0.06476992,0.5198234915733337,0.37090620398521423,-0.1489172875881195
LMX1A,LMX1A,108,0.81474876,0.8796221,-0.06487334,0.3027074337005615,0.20415113866329193,-0.09855629503726959
LAMA5,LAMA5,91,0.8249686,0.8898763,-0.06490773,0.4956238269805908,0.3301399350166321,-0.16548389196395874
DENND5B,DENND5B,112,0.79923624,0.8643306,-0.06509435,0.3725378215312958,0.2716517448425293,-0.10088607668876648
SERINC3,SERINC3,90,0.8450612,0.9103137,-0.06525254,0.23155038058757782,0.11734231561422348,-0.11420806497335434
SST,SST,102,0.8352896,0.9007991,-0.0655095,0.39946895837783813,0.25993776321411133,-0.1395311951637268
MIR4532,MIR4532,115,0.8556863,0.921196,-0.06550968,0.25762009620666504,0.15464948117733002,-0.10297061502933502
CLEC2D,CLEC2D,114,0.871239,0.9367887,-0.06554967,0.28794270753860474,0.120746910572052,-0.16719579696655273
POLR3C,POLR3C,89,0.8395774,0.90518147,-0.06560409,0.3881042003631592,0.26625126600265503,-0.12185293436050415
IMPA1P,IMPA1P,104,0.85324425,0.91898364,-0.06573939,0.28811442852020264,0.1693364530801773,-0.11877797544002533
CLK2,CLK2,119,0.82581127,0.891655,-0.06584376,0.29357969760894775,0.18616575002670288,-0.10741394758224487
AHCY,AHCY,104,0.87390226,0.9398346,-0.06593233,0.3275943994522095,0.1999783217906952,-0.12761607766151428
FCGR3A,FCGR3A,108,0.76974213,0.8356983,-0.065956175,0.5505551695823669,0.4497165083885193,-0.10083866119384766
BCAS4,BCAS4,101,0.7508278,0.81679034,-0.06596255,0.9650179147720337,0.7638598680496216,-0.2011580467224121
BHLHE41,BHLHE41,107,0.8217957,0.88783747,-0.06604177,0.29031214118003845,0.1645144373178482,-0.12579770386219025
snoU13,snoU13|ENSG00000238459.1,92,0.5757922,0.6418582,-0.06606603,0.5007631182670593,0.41086408495903015,-0.08989903330802917
LINC00028,LINC00028,113,0.60523427,0.6715139,-0.06627965,0.7699334621429443,0.6771761178970337,-0.09275734424591064
LPAR5,LPAR5,99,0.76744014,0.8337936,-0.06635344,0.4358290135860443,0.2842727303504944,-0.15155628323554993
STX16,STX16,110,0.75854015,0.82498163,-0.06644148,0.4892071783542633,0.39771127700805664,-0.09149590134620667
PTHLH,PTHLH,113,0.82328343,0.8897655,-0.06648207,0.36141732335090637,0.17861953377723694,-0.18279778957366943
FAM49B,FAM49B,109,0.7759664,0.84245414,-0.06648773,0.7477485537528992,0.5609053373336792,-0.18684321641921997
MED30,MED30,120,0.8777831,0.94427747,-0.066494346,0.2857608497142792,0.14904449880123138,-0.1367163509130478
FAM157A,FAM157A,101,0.8393176,0.9058735,-0.06655586,0.30119144916534424,0.1650090515613556,-0.13618239760398865
GSS,GSS,107,0.83558756,0.9021467,-0.066559136,0.2487257421016693,0.1446613371372223,-0.10406440496444702
UBXN7,UBXN7,115,0.8874083,0.95421535,-0.06680703,0.45700281858444214,0.1872067004442215,-0.26979611814022064
MIR3919,MIR3919,82,0.8903397,0.9573136,-0.066973925,0.3994261920452118,0.13451872766017914,-0.26490746438503265
UBAP2L,UBAP2L,99,0.8816249,0.948675,-0.0670501,0.27968835830688477,0.13326509296894073,-0.14642326533794403
PLD5,PLD5,107,0.71665186,0.7837268,-0.067074955,0.6993206143379211,0.5367469191551208,-0.1625736951828003
FAM150A,FAM150A,109,0.8394752,0.90656525,-0.067090034,0.39812976121902466,0.23672783374786377,-0.1614019274711609
CNGB3,CNGB3,112,0.7501255,0.817381,-0.0672555,0.7296128869056702,0.561177134513855,-0.16843575239181519
LY96,LY96,104,0.8809711,0.9483877,-0.06741661,0.3915954828262329,0.15725629031658173,-0.23433919250965118
MC3R,MC3R,100,0.821234,0.8887546,-0.06752062,0.18487659096717834,0.11947499215602875,-0.0654015988111496
snoU13,snoU13|ENSG00000238398.1,111,0.8176082,0.8851428,-0.067534626,0.16574032604694366,0.09380314499139786,-0.0719371810555458
TRIB1,TRIB1,103,0.8254511,0.89300317,-0.06755209,0.42154455184936523,0.28264865279197693,-0.1388958990573883
NDUFB9,NDUFB9,107,0.821982,0.88959885,-0.06761682,0.5039926171302795,0.3374241590499878,-0.16656845808029175
ESRP1,ESRP1,103,0.8908027,0.9585888,-0.0677861,0.2775627374649048,0.11123878508806229,-0.1663239523768425
DCAF4L2,DCAF4L2,105,0.8637012,0.9315332,-0.06783199,0.3725125193595886,0.2344016283750534,-0.13811089098453522
SAMD12,SAMD12,93,0.84879893,0.9166309,-0.06783199,0.2493990808725357,0.12658363580703735,-0.12281544506549835
SETDB1,SETDB1,98,0.8497462,0.91778606,-0.068039834,0.2383291870355606,0.1591608077287674,-0.07916837930679321
MIR133A2,MIR133A2,120,0.8069847,0.87521225,-0.06822753,0.8317899107933044,0.48908117413520813,-0.3427087366580963
RMDN1,RMDN1,79,0.64314115,0.71153015,-0.068389,0.9847828149795532,0.8110784292221069,-0.1737043857574463
LRRC6,LRRC6,103,0.8225915,0.8910438,-0.0684523,0.37441888451576233,0.2579023540019989,-0.11651653051376343
MIR920,MIR920,98,0.7549011,0.82335466,-0.06845355,0.7097371220588684,0.5363809466362,-0.17335617542266846
ADA,ADA,105,0.8301488,0.8986039,-0.0684551,0.23139487206935883,0.14014661312103271,-0.09124825894832611
MAPRE1,MAPRE1,98,0.7961755,0.864669,-0.068493545,0.3794959783554077,0.25130516290664673,-0.128190815448761
B3GNT5,B3GNT5,94,0.8803192,0.9489012,-0.068582,0.4199061691761017,0.2899780571460724,-0.1299281120300293
LINC00393,LINC00393,121,0.44311804,0.51174796,-0.06862992,0.4974909722805023,0.47504958510398865,-0.022441387176513672
TAS2R19,TAS2R19,110,0.9080578,0.97669107,-0.06863326,0.2930566668510437,0.1186554878950119,-0.1744011789560318
snoU13,snoU13|ENSG00000238450.1,95,0.7853941,0.8541291,-0.068735,0.4461900293827057,0.3023850917816162,-0.14380493760108948
OTOL1,OTOL1,122,0.82254237,0.8913253,-0.068782926,0.25546419620513916,0.17961961030960083,-0.07584458589553833
TG,TG,105,0.8652045,0.9340044,-0.06879991,0.27044519782066345,0.1514606922864914,-0.11898450553417206
LOH12CR2,LOH12CR2,89,0.8210285,0.88985026,-0.06882179,0.35919204354286194,0.23159287869930267,-0.12759916484355927
U3,U3|ENSG00000251800.1,109,0.81409955,0.88316125,-0.0690617,0.5434720516204834,0.35173091292381287,-0.19174113869667053
REXO1L1,REXO1L1,79,0.74606365,0.81527215,-0.0692085,0.3294832110404968,0.2536895275115967,-0.07579368352890015
OPA1,OPA1,107,0.88098335,0.9502226,-0.06923926,0.29173675179481506,0.1483260840177536,-0.14341066777706146
VHLL,VHLL,101,0.7672039,0.8364501,-0.06924617,0.5617162585258484,0.40137284994125366,-0.16034340858459473
ACSS2,ACSS2,88,0.8266777,0.89595044,-0.06927276,0.2434895634651184,0.15690559148788452,-0.08658397197723389
TMEM249,TMEM249,108,0.8302456,0.8997106,-0.06946498,0.4494260847568512,0.2738795578479767,-0.1755465269088745
TNNC2,TNNC2,91,0.8377192,0.90733165,-0.06961244,0.228195920586586,0.13815103471279144,-0.09004488587379456
LRRD1,LRRD1,95,0.63424057,0.7039329,-0.06969231,0.3081483244895935,0.24893569946289062,-0.05921262502670288
EIF4G1,EIF4G1,91,0.8681067,0.9379317,-0.06982499,0.21554802358150482,0.11497259885072708,-0.10057542473077774
ERGIC2,ERGIC2,120,0.84423715,0.9142503,-0.070013165,0.25162771344184875,0.15153643488883972,-0.10009127855300903
LINC00937,LINC00937,94,0.8735402,0.9435817,-0.07004148,0.37635859847068787,0.17762421071529388,-0.19873438775539398
CLEC4E,CLEC4E,104,0.8624944,0.9325476,-0.07005322,0.2322610765695572,0.11052823066711426,-0.12173284590244293
ZC2HC1A,ZC2HC1A,101,0.8614656,0.93156797,-0.07010239,0.22399823367595673,0.12013876438140869,-0.10385946929454803
LEMD1,LEMD1,103,0.6985638,0.76875013,-0.07018632,0.5803321003913879,0.45631298422813416,-0.12401911616325378
ELMO2,ELMO2,99,0.8176586,0.88785446,-0.07019585,0.15286611020565033,0.09142132848501205,-0.061444781720638275
PIK3C2G,PIK3C2G,83,0.7518405,0.8222426,-0.070402145,0.30708277225494385,0.1735132485628128,-0.13356952369213104
EFNA1,EFNA1,94,0.79953724,0.8700535,-0.07051629,0.593227207660675,0.43496689200401306,-0.158260315656662
NID1,NID1,103,0.81871384,0.88924056,-0.07052672,0.48424744606018066,0.29192569851875305,-0.1923217475414276
WNK1,WNK1,104,0.7469103,0.8176127,-0.07070243,0.7318865656852722,0.5396332144737244,-0.19225335121154785
snoU13,snoU13|ENSG00000238294.1,95,0.70503,0.7758798,-0.070849776,0.362869530916214,0.27320125699043274,-0.08966827392578125
RN7SKP153,RN7SKP153,109,0.8170795,0.88796324,-0.07088375,0.2951527237892151,0.2043125480413437,-0.0908401757478714
SNORA63,SNORA63|ENSG00000200418.1,106,0.80645376,0.87740666,-0.07095289,0.31577980518341064,0.22639159858226776,-0.08938820660114288
TBCE,TBCE,89,0.7907045,0.8616934,-0.07098889,0.4387551546096802,0.2980444133281708,-0.1407107412815094
PLEKHF1,PLEKHF1,114,0.4636785,0.5346891,-0.07101062,0.35890600085258484,0.3161926865577698,-0.042713314294815063
PABPC1L,PABPC1L,97,0.8793105,0.9503745,-0.071063995,0.15373504161834717,0.06530739367008209,-0.08842764794826508
MIR599,MIR599,137,0.8780027,0.9491372,-0.07113451,0.2526050806045532,0.1202363595366478,-0.13236872106790543
NFKBIB,NFKBIB,93,0.7884864,0.8598049,-0.07131851,0.2522906959056854,0.18852679431438446,-0.06376390159130096
HTR3D,HTR3D,96,0.8744606,0.9458566,-0.07139599,0.29867154359817505,0.2052384614944458,-0.09343308210372925
ZNF607,ZNF607,110,0.66379577,0.7354438,-0.071648,0.25901415944099426,0.17883335053920746,-0.0801808089017868
RN7SL709P,RN7SL709P,104,0.42815208,0.50009376,-0.071941674,0.5035415291786194,0.4491803050041199,-0.05436122417449951
TSC22D2,TSC22D2,99,0.83912396,0.91136456,-0.07224059,0.4093622863292694,0.1807200163602829,-0.2286422699689865
KDM5A,KDM5A,115,0.7515858,0.8238558,-0.072270036,0.5784270167350769,0.43106183409690857,-0.14736518263816833
GMNC,GMNC,122,0.7973725,0.86965966,-0.07228714,0.3242849111557007,0.20483620464801788,-0.1194487065076828
IL7,IL7,94,0.8322682,0.9046186,-0.07235044,0.4302557408809662,0.21223971247673035,-0.21801602840423584
EPPIN,EPPIN,117,0.8836415,0.95601547,-0.072373986,0.2627273499965668,0.13292351365089417,-0.1298038363456726
SOX18,SOX18,118,0.85189134,0.9243058,-0.07241446,0.2716447412967682,0.14429761469364166,-0.12734712660312653
ZNF252P,ZNF252P,96,0.87748486,0.94994146,-0.0724566,0.26161274313926697,0.12522335350513458,-0.13638938963413239
SLMO2,SLMO2,97,0.79253024,0.8651292,-0.072598934,0.7817727327346802,0.5766327977180481,-0.20513993501663208
LELP1,LELP1,95,0.8624548,0.9352955,-0.07284075,0.23804190754890442,0.10824628919363022,-0.1297956183552742
DUSP26,DUSP26,88,0.69316006,0.76605856,-0.07289851,0.4780403971672058,0.37641632556915283,-0.10162407159805298
CD163,CD163,106,0.8800757,0.9530251,-0.07294941,0.2649064362049103,0.11218976974487305,-0.15271666646003723
PIGX,PIGX,92,0.79579353,0.8688471,-0.07305354,0.28187239170074463,0.200807586312294,-0.08106480538845062
FGD4,FGD4,86,0.67586315,0.7489288,-0.07306564,0.7453823685646057,0.6258032321929932,-0.11957913637161255
RN7SKP262,RN7SKP262,94,0.83963233,0.9127837,-0.07315135,0.2032008320093155,0.10387810319662094,-0.09932272881269455
ARMC1,ARMC1,108,0.85105276,0.92422235,-0.07316959,0.44785207509994507,0.21670986711978912,-0.23114220798015594
PHC3,PHC3,102,0.82895607,0.9022449,-0.07328886,0.2161521315574646,0.14459192752838135,-0.07156020402908325
YTHDF3,YTHDF3,92,0.87660706,0.9501283,-0.07352126,0.4201381206512451,0.16310568153858185,-0.25703243911266327
RN7SL197P,RN7SL197P,115,0.8122542,0.8860078,-0.073753595,0.4778984487056732,0.3614531457424164,-0.11644530296325684
CYP24A1,CYP24A1,85,0.7531695,0.82698554,-0.07381606,0.41128993034362793,0.32185739278793335,-0.08943253755569458
RLN1,RLN1,99,0.06391809,0.13774335,-0.07382526,0.9173360466957092,0.9208752512931824,0.0035392045974731445
ERO1LB,ERO1LB,105,0.8123094,0.8861464,-0.07383704,0.3480411469936371,0.22168020904064178,-0.1263609379529953
HIST2H3C,HIST2H3C,101,0.75945306,0.8332937,-0.07384062,0.2696884870529175,0.19350117444992065,-0.07618731260299683
PRR9,PRR9,89,0.84137076,0.91524374,-0.07387298,0.3273758292198181,0.17290671169757843,-0.15446911752223969
RN7SL350P,RN7SL350P,88,0.86389285,0.9377938,-0.07390094,0.22170914709568024,0.1253974884748459,-0.09631165862083435
RARRES1,RARRES1,98,0.78474444,0.85865426,-0.07390982,0.6007466316223145,0.39590656757354736,-0.2048400640487671
HNRNPL,HNRNPL,122,0.67346996,0.7474818,-0.07401186,0.23743408918380737,0.1677432358264923,-0.06969085335731506
CA13,CA13,113,0.7195711,0.7937109,-0.074139774,0.7497658133506775,0.5525854825973511,-0.19718033075332642
C1orf100,C1orf100,91,0.8226133,0.8967577,-0.07414442,0.38860607147216797,0.22798405587673187,-0.1606220155954361
SNHG6,SNHG6,98,0.8841994,0.95848626,-0.07428688,0.3978385031223297,0.12342875450849533,-0.2744097486138344
KLF10,KLF10,117,0.8183667,0.8928029,-0.07443619,0.21362540125846863,0.13794991374015808,-0.07567548751831055
ASH2L,ASH2L,101,0.4696398,0.54407907,-0.07443926,0.7555986642837524,0.6564218401908875,-0.09917682409286499
VAMP4,VAMP4,99,0.85182023,0.9264499,-0.074629664,0.23444035649299622,0.11691099405288696,-0.11752936244010925
HEATR6,HEATR6,120,0.28050596,0.35513687,-0.074630916,0.9186967611312866,0.8725209832191467,-0.04617577791213989
PDE6H,PDE6H,95,0.89921916,0.9739626,-0.07474345,0.4517108201980591,0.13997206091880798,-0.3117387592792511
CLDN16,CLDN16,83,0.8036749,0.87849027,-0.07481539,0.39216792583465576,0.2760445475578308,-0.11612337827682495
MEX3A,MEX3A,104,0.73860335,0.8134218,-0.07481843,0.5194231271743774,0.3729763627052307,-0.14644676446914673
MAP3K13,MAP3K13,87,0.83014095,0.9050459,-0.07490498,0.3581082820892334,0.22156397998332977,-0.13654430210590363
snoU13,snoU13|ENSG00000238902.1,108,0.8282151,0.9031295,-0.074914396,0.2372988909482956,0.15061767399311066,-0.08668121695518494
NSMAF,NSMAF,90,0.8108311,0.8858498,-0.075018644,0.29771509766578674,0.18748730421066284,-0.1102277934551239
TAS2R31,TAS2R31,101,0.8692431,0.9442837,-0.07504064,0.3283828794956207,0.15086384117603302,-0.1775190383195877
CEP250,CEP250,88,0.69144213,0.7664876,-0.07504547,0.6021344661712646,0.4789993166923523,-0.12313514947891235
HEATR1,HEATR1,104,0.76643616,0.8415235,-0.07508737,0.47530466318130493,0.3349684476852417,-0.14033621549606323
SNORA14B,SNORA14B,105,0.6816073,0.7568107,-0.07520342,0.780965268611908,0.6236127614974976,-0.1573525071144104
C8orf56,C8orf56,103,0.8671437,0.94234735,-0.07520366,0.28180620074272156,0.13992716372013092,-0.14187903702259064
BCAS1,BCAS1,104,0.873137,0.948539,-0.07540202,0.21626710891723633,0.09244752675294876,-0.12381958216428757
MIR3617,MIR3617,113,0.87452704,0.9499593,-0.07543224,0.32198366522789,0.15816116333007812,-0.1638225018978119
CRYGS,CRYGS,108,0.8606462,0.9363071,-0.075660884,0.5433263182640076,0.27860599756240845,-0.2647203207015991
NCEH1,NCEH1,108,0.83221817,0.90799296,-0.07577479,0.41475996375083923,0.2643854320049286,-0.15037453174591064
SMCO1,SMCO1,102,0.85653126,0.9323097,-0.075778425,0.23844413459300995,0.11886973679065704,-0.1195743978023529
S100A13,S100A13,121,0.8201568,0.8959638,-0.075806975,0.37759026885032654,0.24137915670871735,-0.1362111121416092
HTR3E,HTR3E,102,0.8701665,0.9461998,-0.076033294,0.1163165345788002,0.0530749149620533,-0.0632416196167469
P2RY14,P2RY14,110,0.82603884,0.9021288,-0.07608998,0.44153672456741333,0.31162044405937195,-0.12991628050804138
RBM12,RBM12,118,0.76294196,0.83906746,-0.0761255,0.35705599188804626,0.2598664164543152,-0.09718957543373108
DEFB124,DEFB124,94,0.86940557,0.9455969,-0.076191306,0.3018651604652405,0.12104035168886185,-0.18082480877637863
OPRK1,OPRK1,100,0.75916487,0.83537275,-0.076207876,0.3114836812019348,0.22795678675174713,-0.08352689445018768
NOTCH2NL,NOTCH2NL,84,0.6878549,0.7640993,-0.076244414,0.38066360354423523,0.2866346538066864,-0.09402894973754883
RN7SL308P,RN7SL308P,80,0.83097905,0.9072705,-0.07629144,0.31601300835609436,0.18859036266803741,-0.12742264568805695
NFATC2,NFATC2,97,0.74999505,0.826295,-0.076299965,0.5326611995697021,0.3413655757904053,-0.19129562377929688
TUBGCP3,TUBGCP3,102,0.5763578,0.652702,-0.07634419,0.5495230555534363,0.47024592757225037,-0.07927712798118591
RNF19A,RNF19A,106,0.7543903,0.83075243,-0.07636213,0.5458833575248718,0.42583632469177246,-0.12004703283309937
CTTN,CTTN,117,0.5568391,0.63324,-0.076400876,0.9871597290039062,0.8662107586860657,-0.12094897031784058
CTDSP2,CTDSP2,106,0.8205061,0.89692205,-0.076415956,0.3099450170993805,0.16481851041316986,-0.14512650668621063
RNA5SP82,RNA5SP82,106,0.83270794,0.909138,-0.07643008,0.3611309826374054,0.20089580118656158,-0.1602351814508438
LRRC10,LRRC10,101,0.3647647,0.4412098,-0.0764451,0.7126199007034302,0.7018189430236816,-0.010800957679748535
CHD7,CHD7,97,0.7603682,0.83683366,-0.07646543,0.43823254108428955,0.31185102462768555,-0.126381516456604
RBM8A,RBM8A,77,0.77752036,0.8540074,-0.076487064,0.2862643599510193,0.18105308711528778,-0.1052112728357315
FAM83A,FAM83A,100,0.81617504,0.8927164,-0.076541364,0.30146604776382446,0.1920643299818039,-0.10940171778202057
TSACC,TSACC,95,0.8373116,0.91390026,-0.07658863,0.3994556665420532,0.2277032732963562,-0.17175239324569702
PLAGL2,PLAGL2,128,0.75356007,0.8301952,-0.07663512,0.30536702275276184,0.21133850514888763,-0.0940285176038742
ARFGEF1,ARFGEF1,101,0.7468878,0.8237159,-0.07682812,0.7528892159461975,0.5505029559135437,-0.2023862600326538
NDRG3,NDRG3,106,0.7994573,0.8762988,-0.07684147,0.36182594299316406,0.23269221186637878,-0.12913373112678528
RNA5SP353,RNA5SP353,92,0.6908909,0.7677405,-0.07684958,0.24486981332302094,0.19708049297332764,-0.0477893203496933
KLRF2,KLRF2,103,0.87045836,0.9473277,-0.07686931,0.35385945439338684,0.1610162854194641,-0.19284316897392273
CCT3,CCT3,111,0.7478072,0.824756,-0.07694882,0.4894532263278961,0.3549151122570038,-0.13453811407089233
IGSF10,IGSF10,95,0.7883263,0.8654003,-0.07707399,0.295519083738327,0.17305465042591095,-0.12246443331241608
MIR4662B,MIR4662B,106,0.69136065,0.7685296,-0.07716894,0.9223812818527222,0.7637728452682495,-0.15860843658447266
RASA3,RASA3,97,0.527315,0.60464925,-0.077334225,0.5747773051261902,0.5077584385871887,-0.06701886653900146
RPL39L,RPL39L,103,0.85777235,0.93580776,-0.078035414,0.33036285638809204,0.16509446501731873,-0.16526839137077332
TNFRSF11B,TNFRSF11B,108,0.8463102,0.9245969,-0.07828671,0.3738366961479187,0.2021777480840683,-0.1716589480638504
RIMS2,RIMS2,114,0.8315871,0.90993595,-0.078348875,0.3548707664012909,0.20532086491584778,-0.14954990148544312
DGKG,DGKG,102,0.8485518,0.92703116,-0.07847935,0.30400705337524414,0.15010084211826324,-0.1539062112569809
PIP4K2B,PIP4K2B,111,0.54662573,0.6252602,-0.07863444,2.2543158531188965,2.0205109119415283,-0.23380494117736816
TCF24,TCF24,107,0.8110116,0.88972485,-0.07871324,0.6293236017227173,0.36916583776474,-0.2601577639579773
GID8,GID8,94,0.8209787,0.89973897,-0.07876027,0.27738142013549805,0.15445367991924286,-0.12292774021625519
SNAI1,SNAI1,110,0.8260066,0.9047905,-0.07878393,0.6528870463371277,0.381230890750885,-0.2716561555862427
MIR3146,MIR3146,106,0.6619488,0.740851,-0.078902185,0.4753914177417755,0.36876142024993896,-0.10662999749183655
IFT52,IFT52,118,0.8256287,0.90462494,-0.07899624,0.3559722900390625,0.20088152587413788,-0.15509076416492462
RNA5SP148,RNA5SP148,80,0.8584995,0.9375556,-0.079056084,0.4092838764190674,0.22834840416908264,-0.18093547224998474
LGALS17A,LGALS17A,104,0.48238257,0.5618585,-0.07947591,0.6936009526252747,0.6240835785865784,-0.06951737403869629
IRX4,IRX4,97,0.6116222,0.69123894,-0.079616725,0.3779096007347107,0.29544514417648315,-0.08246445655822754
TIPARP,TIPARP,89,0.7740759,0.8536968,-0.0796209,0.4119705855846405,0.2711309492588043,-0.14083963632583618
ANKRD18DP,ANKRD18DP,111,0.78478587,0.8645581,-0.079772234,0.23844940960407257,0.15536077320575714,-0.08308863639831543
C1orf111,C1orf111,101,0.79852915,0.87840766,-0.07987851,0.25859951972961426,0.16814300417900085,-0.0904565155506134
MSRB3,MSRB3,93,0.6335548,0.7134834,-0.07992858,0.6156649589538574,0.474567174911499,-0.1410977840423584
GRIN2B,GRIN2B,96,0.8589877,0.93896985,-0.07998216,0.3709166944026947,0.15409229695796967,-0.21682439744472504
MAGEF1,MAGEF1,113,0.8907305,0.97071916,-0.07998866,0.1589341163635254,0.046719495207071304,-0.11221462115645409
TSPAN8,TSPAN8,101,0.64984316,0.729886,-0.08004284,0.893486499786377,0.6763350963592529,-0.21715140342712402
SDCCAG8,SDCCAG8,98,0.7963258,0.8763759,-0.08005011,0.35857072472572327,0.2137119174003601,-0.14485880732536316
TM7SF3,TM7SF3,105,0.70913213,0.7892304,-0.08009827,0.777169942855835,0.6124818921089172,-0.16468805074691772
C20orf201,C20orf201,99,0.79468274,0.87482285,-0.080140114,0.30890315771102905,0.19642090797424316,-0.11248224973678589
NDUFAF6,NDUFAF6,97,0.87072587,0.95092237,-0.0801965,0.4177108705043793,0.15265651047229767,-0.2650543600320816
COMMD5,COMMD5,111,0.8118177,0.89210534,-0.080287635,0.3963761627674103,0.24481169879436493,-0.15156446397304535
ADAMTSL4,ADAMTSL4,116,0.69480777,0.77512723,-0.080319464,0.445541650056839,0.3473052978515625,-0.09823635220527649
MYC,MYC,112,0.7130454,0.7934166,-0.0803712,0.3404470980167389,0.2549062967300415,-0.08554080128669739
MIR944,MIR944,101,0.84109133,0.921469,-0.08037764,0.2724221348762512,0.14380669593811035,-0.12861543893814087
LEKR1,LEKR1,114,0.8504428,0.9308216,-0.08037877,0.3830474019050598,0.151613250374794,-0.2314341515302658
LYRM5,LYRM5,106,0.6702782,0.75066817,-0.08038998,0.5509333610534668,0.4164513349533081,-0.1344820261001587
ZDHHC19,ZDHHC19,116,0.8693121,0.9497433,-0.08043116,0.6347236037254333,0.27230027318000793,-0.3624233305454254
PLTP,PLTP,112,0.8548036,0.93527013,-0.08046651,0.13567304611206055,0.06714234501123428,-0.06853070110082626
SCARNA7,SCARNA7,105,0.82484823,0.9053764,-0.08052814,0.2591590881347656,0.148017019033432,-0.11114206910133362
SLC25A32,SLC25A32,117,0.8548979,0.93545884,-0.08056092,0.19338181614875793,0.09786572307348251,-0.09551609307527542
RTFDC1,RTFDC1,92,0.78081334,0.861604,-0.08079064,0.69981849193573,0.4768292009830475,-0.2229892909526825
PPP1R1B,PPP1R1B,102,0.47925508,0.56006354,-0.08080846,1.226675033569336,1.0939218997955322,-0.1327531337738037
GCNT7,GCNT7,116,0.83893275,0.91976184,-0.080829084,0.37912246584892273,0.21991895139217377,-0.15920351445674896
IFLTD1,IFLTD1,108,0.8725787,0.9534538,-0.0808751,0.21807308495044708,0.07811290770769119,-0.1399601772427559
SNORD112,SNORD112|ENSG00000252359.1,85,0.86797845,0.9488672,-0.08088875,0.21856418251991272,0.08855639398097992,-0.1300077885389328
ILDR2,ILDR2,101,0.8376465,0.9185504,-0.08090389,0.18373876810073853,0.09304957836866379,-0.09068918973207474
DEFB119,DEFB119,106,0.82471555,0.90570366,-0.08098811,0.24917888641357422,0.12572669982910156,-0.12345218658447266
FAM83D,FAM83D,94,0.8011362,0.8821852,-0.081049025,0.5126705169677734,0.23308494687080383,-0.2795855700969696
ATP8B2,ATP8B2,107,0.6904375,0.771513,-0.08107549,0.5381390452384949,0.4407781660556793,-0.09736087918281555
PTPN1,PTPN1,118,0.5661773,0.6472535,-0.081076205,1.192649245262146,1.0154393911361694,-0.17720985412597656
ZNF713,ZNF713,107,0.54644334,0.6275498,-0.081106484,0.2781381905078888,0.22124232351779938,-0.056895866990089417
MIR4471,MIR4471,91,0.76621395,0.84752834,-0.081314385,0.5754092931747437,0.40253135561943054,-0.1728779375553131
ERP27,ERP27,95,0.8736435,0.95496446,-0.08132094,0.34475764632225037,0.13871729373931885,-0.20604035258293152
BMP7,BMP7,94,0.77552736,0.8568744,-0.08134705,0.6864593029022217,0.4858124554157257,-0.20064684748649597
MIR613,MIR613,97,0.8451045,0.92676586,-0.08166134,0.4610537588596344,0.22591783106327057,-0.23513592779636383
snoU13,snoU13|ENSG00000239146.1,103,0.8558321,0.9375374,-0.08170527,0.3378415107727051,0.1605689823627472,-0.17727252840995789
U3,U3|ENSG00000212538.1,97,0.56251293,0.64423394,-0.08172101,0.9513229727745056,0.8145025372505188,-0.13682043552398682
RNF114,RNF114,86,0.85170454,0.9335012,-0.081796646,0.2995258569717407,0.14030632376670837,-0.15921953320503235
MAL2,MAL2,115,0.8292833,0.9110906,-0.081807315,0.3926776349544525,0.26477766036987305,-0.12789997458457947
ST3GAL1,ST3GAL1,99,0.73199177,0.81390375,-0.08191198,0.518498420715332,0.3865361511707306,-0.13196226954460144
SLC9A8,SLC9A8,112,0.7525972,0.83451873,-0.08192152,0.2904617190361023,0.20300345122814178,-0.08745826780796051
DPY19L4,DPY19L4,108,0.8484038,0.93036205,-0.081958234,0.424725741147995,0.20782631635665894,-0.21689942479133606
FNTA,FNTA,111,0.69832265,0.7803082,-0.08198553,0.6768113970756531,0.5203680992126465,-0.1564432978630066
snoU13,snoU13|ENSG00000238433.1,95,0.80644095,0.8884285,-0.08198756,0.30538561940193176,0.18877024948596954,-0.11661536991596222
KIAA0196,KIAA0196,93,0.8301265,0.9121173,-0.08199078,0.42218145728111267,0.330570787191391,-0.09161067008972168
LRRC31,LRRC31,107,0.82415175,0.90615135,-0.0819996,0.4651000201702118,0.32208412885665894,-0.14301589131355286
RPL22L1,RPL22L1,100,0.6135479,0.69567245,-0.08212453,0.3103410601615906,0.2686845064163208,-0.041656553745269775
RPS6KB1,RPS6KB1,121,0.5098307,0.5920223,-0.08219159,0.8943086266517639,0.789629340171814,-0.10467928647994995
RNU6ATAC8P,RNU6ATAC8P,106,0.84772265,0.92995185,-0.0822292,0.35465481877326965,0.2327853888273239,-0.12186942994594574
WFDC3,WFDC3,106,0.80667204,0.8889165,-0.082244456,0.2613276243209839,0.18776077032089233,-0.07356685400009155
CTSK,CTSK,105,0.75769186,0.83996356,-0.082271695,0.8934665322303772,0.7198313474655151,-0.17363518476486206
CTNNBL1,CTNNBL1,113,0.79032135,0.8726848,-0.08236343,0.3137863874435425,0.1999378204345703,-0.11384856700897217
PSKH2,PSKH2,95,0.72660947,0.8089731,-0.082363605,0.8927943110466003,0.644878089427948,-0.24791622161865234
HIST2H3D,HIST2H3D,97,0.7949129,0.87730074,-0.082387865,0.36969953775405884,0.2672846019268036,-0.10241493582725525
NHLH1,NHLH1,99,0.8876924,0.9700967,-0.082404315,0.24441707134246826,0.08809280395507812,-0.15632426738739014
ANKIB1,ANKIB1,104,0.6094753,0.6920114,-0.0825361,0.5069817900657654,0.3896108865737915,-0.11737090349197388
GRTP1,GRTP1,100,0.667828,0.7503801,-0.082552075,0.7344818711280823,0.5125493407249451,-0.2219325304031372
TRPC4AP,TRPC4AP,97,0.62887263,0.7115422,-0.082669556,1.1401969194412231,1.0181442499160767,-0.12205266952514648
TM4SF4,TM4SF4,109,0.8472542,0.9299551,-0.08270091,0.562673807144165,0.25830554962158203,-0.304368257522583
TPI1,TPI1,96,0.86013424,0.942852,-0.08271778,0.47923198342323303,0.1608402132987976,-0.3183917701244354
C8orf37,C8orf37,88,0.87389547,0.95664144,-0.08274597,0.3576323390007019,0.1385185867547989,-0.21911375224590302
DDX47,DDX47,110,0.80731726,0.89010173,-0.082784474,0.9722485542297363,0.5737711787223816,-0.39847737550735474
TAS2R42,TAS2R42,99,0.7833145,0.866138,-0.082823455,0.20156091451644897,0.132523775100708,-0.06903713941574097
RNA5SP58,RNA5SP58,108,0.6468081,0.7296322,-0.08282411,0.4708092212677002,0.23996318876743317,-0.23084603250026703
RN7SKP185,RN7SKP185,103,0.86072034,0.94357836,-0.082858026,0.4194084405899048,0.19465766847133636,-0.22475077211856842
CNTN2,CNTN2,107,0.8309367,0.91382647,-0.082889795,0.2683716416358948,0.1478775143623352,-0.12049412727355957
ARID4B,ARID4B,99,0.7230663,0.80595756,-0.082891285,0.7512280344963074,0.5525050163269043,-0.19872301816940308
NBPF9,NBPF9,88,0.67151725,0.7544531,-0.08293587,0.3682191073894501,0.28846269845962524,-0.07975640892982483
7SK,7SK|ENSG00000254144.2,114,0.8425197,0.9254708,-0.08295113,0.4982050061225891,0.23769892752170563,-0.2605060786008835
CP,CP,113,0.81905794,0.90202856,-0.08297062,0.3163665533065796,0.1742524355649948,-0.14211411774158478
MRPL51,MRPL51,114,0.83038914,0.9134296,-0.083040476,0.4368433952331543,0.2390046864748001,-0.1978387087583542
SNORA25,SNORA25|ENSG00000252204.1,105,0.7293614,0.8124054,-0.08304399,0.7673130631446838,0.5724936127662659,-0.19481945037841797
TMEM75,TMEM75,89,0.57457966,0.6576399,-0.083060265,0.8828390836715698,0.7899220585823059,-0.09291702508926392
ANXA2R,ANXA2R,95,0.7574325,0.8405867,-0.0831542,0.2586820423603058,0.174619659781456,-0.08406238257884979
MRPL13,MRPL13,91,0.8861106,0.9693276,-0.083217025,0.3461068868637085,0.12807734310626984,-0.21802954375743866
RBM39,RBM39,108,0.75799334,0.8412116,-0.08321828,0.5521160960197449,0.4176974892616272,-0.13441860675811768
ALDH9A1,ALDH9A1,114,0.8288811,0.91222733,-0.08334625,0.3083338141441345,0.16336707770824432,-0.1449667364358902
FABP4,FABP4,100,0.6383526,0.72176063,-0.08340806,0.6771451830863953,0.5385968685150146,-0.13854831457138062
MOS,MOS,108,0.704038,0.7875785,-0.0835405,0.4866478741168976,0.36877715587615967,-0.11787071824073792
PSMA7,PSMA7,120,0.82331765,0.9068737,-0.083556056,0.2705440819263458,0.14834530651569366,-0.12219877541065216
ZFAS1,ZFAS1,87,0.6648533,0.74842775,-0.083574474,1.1840784549713135,0.868327796459198,-0.3157506585121155
CCM2L,CCM2L,102,0.86347103,0.9470527,-0.083581686,0.23083610832691193,0.11223733425140381,-0.11859877407550812
MIR548AQ,MIR548AQ,93,0.82014304,0.9037328,-0.08358973,0.25740504264831543,0.14169718325138092,-0.11570785939693451
SELV,SELV,119,0.594061,0.67772424,-0.083663225,0.21864444017410278,0.13703589141368866,-0.08160854876041412
SYS1,SYS1,108,0.8551614,0.93898404,-0.08382261,0.3127351403236389,0.1890941858291626,-0.12364095449447632
NINJ2,NINJ2,104,0.7648498,0.84891796,-0.08406818,0.5233067274093628,0.35544219613075256,-0.16786453127861023
TMEM41A,TMEM41A,93,0.84647524,0.93084896,-0.08437371,0.2859261631965637,0.1399940848350525,-0.14593207836151123
MIR548AG2,MIR548AG2,99,0.7938754,0.87830406,-0.08442867,0.38113078474998474,0.23591868579387665,-0.1452120989561081
LIPH,LIPH,93,0.7941705,0.8786093,-0.0844388,0.34656012058258057,0.22873203456401825,-0.11782808601856232
AVL9,AVL9,92,0.64877534,0.73328125,-0.084505916,0.945529580116272,0.8075574636459351,-0.13797211647033691
LAMP1,LAMP1,108,0.51445866,0.5992747,-0.08481604,0.9146007895469666,0.8209540247917175,-0.09364676475524902
POFUT1,POFUT1,98,0.852998,0.93785083,-0.084852815,0.32568782567977905,0.142374187707901,-0.18331363797187805
C5orf55,C5orf55,122,0.7575332,0.8424284,-0.08489519,0.48223286867141724,0.38523241877555847,-0.09700044989585876
ETNK1,ETNK1,110,0.64481515,0.72972053,-0.084905386,0.8589324951171875,0.7053324580192566,-0.1536000370979309
LINC00565,LINC00565,104,0.5693025,0.6542118,-0.08490932,0.5308385491371155,0.4148101806640625,-0.11602836847305298
DNMT3B,DNMT3B,102,0.8336056,0.91852623,-0.084920645,0.24390585720539093,0.12247798591852188,-0.12142787128686905
SLA,SLA,107,0.80878764,0.8937918,-0.08500415,0.48746782541275024,0.283349871635437,-0.20411795377731323
RNA5SP269,RNA5SP269,105,0.8192086,0.90429217,-0.085083544,0.687670111656189,0.330698698759079,-0.35697141289711
MIR1263,MIR1263,99,0.7551334,0.8403208,-0.085187435,0.3583318591117859,0.2637776732444763,-0.09455418586730957
SLC51A,SLC51A,112,0.7747224,0.8599572,-0.08523482,0.25964784622192383,0.13611486554145813,-0.1235329806804657
KCNMB2,KCNMB2,107,0.8756372,0.96088827,-0.08525109,0.24539518356323242,0.10611443966627121,-0.1392807438969612
PDP1,PDP1,118,0.80435246,0.8896783,-0.08532584,0.5351455211639404,0.35154685378074646,-0.18359866738319397
FABP9,FABP9,104,0.82917905,0.91452914,-0.085350096,0.36007773876190186,0.1799180805683136,-0.18015965819358826
ARHGAP40,ARHGAP40,110,0.804722,0.8902265,-0.08550447,0.3294435739517212,0.18378733098506927,-0.14565624296665192
MACROD2,MACROD2,97,0.36704236,0.45256475,-0.08552238,0.7542890310287476,0.6807705760002136,-0.07351845502853394
ARC,ARC,108,0.85201573,0.93754405,-0.085528314,0.3298191726207733,0.1528109759092331,-0.17700819671154022
MIR3649,MIR3649,104,0.8466848,0.9322596,-0.085574806,0.2605728209018707,0.12276113033294678,-0.13781169056892395
CLEC7A,CLEC7A,92,0.8588371,0.9444293,-0.08559215,0.46027663350105286,0.19331322610378265,-0.2669634073972702
GORAB,GORAB,111,0.6829475,0.7685516,-0.08560407,0.5285032391548157,0.4027402698993683,-0.1257629692554474
PTDSS1,PTDSS1,105,0.87441325,0.96010303,-0.08568978,0.3957637846469879,0.1392185539007187,-0.2565452307462692
GCSAML,GCSAML,79,0.70679307,0.7925717,-0.08577865,0.43998298048973083,0.3306363821029663,-0.10934659838676453
snoU13,snoU13|ENSG00000239089.1,119,0.7090002,0.794954,-0.08595383,0.394787073135376,0.2797238826751709,-0.11506319046020508
NCAPD2,NCAPD2,120,0.71088785,0.7968882,-0.08600032,0.2568175196647644,0.1864532083272934,-0.07036431133747101
VWA5B2,VWA5B2,110,0.8545421,0.9405531,-0.08601105,0.23272112011909485,0.1229238361120224,-0.10979728400707245
MIR551B,MIR551B,106,0.7942629,0.8803077,-0.08604479,0.32830899953842163,0.2046288698911667,-0.12368012964725494
SNORD2,SNORD2|ENSG00000238942.1,105,0.7129094,0.79903585,-0.08612645,0.2564951777458191,0.15967950224876404,-0.09681567549705505
TMEM189,TMEM189,88,0.77456164,0.8607711,-0.086209476,0.45261088013648987,0.2919061481952667,-0.16070473194122314
SDCBP,SDCBP,105,0.81663746,0.9028611,-0.08622366,0.531843364238739,0.2844695746898651,-0.2473737895488739
RN7SL703P,RN7SL703P,124,0.87139815,0.95777917,-0.08638102,0.3927290439605713,0.15809184312820435,-0.23463720083236694
LINC00567,LINC00567,102,0.57347876,0.65992296,-0.0864442,0.8938712477684021,0.8005679845809937,-0.09330326318740845
MIR875,MIR875,117,0.8385658,0.92508465,-0.086518824,0.3284625709056854,0.1686238795518875,-0.1598386913537979
ARL14,ARL14,102,0.82629067,0.9129673,-0.08667666,0.30520954728126526,0.1508527249097824,-0.15435682237148285
HCK,HCK,116,0.7439543,0.83067256,-0.08671826,0.7408802509307861,0.6013738512992859,-0.13950639963150024
BRF2,BRF2,96,0.4163467,0.5031123,-0.08676562,0.4430047273635864,0.368983656167984,-0.07402107119560242
RN7SKP296,RN7SKP296,105,0.76057005,0.8476547,-0.08708465,0.26827484369277954,0.1659676432609558,-0.10230720043182373
DSN1,DSN1,108,0.85086286,0.9380576,-0.08719474,0.3654794991016388,0.18954579532146454,-0.17593370378017426
LINC00968,LINC00968,135,0.7749319,0.8621591,-0.087227166,0.39423868060112,0.255016565322876,-0.13922211527824402
C8orf31,C8orf31,95,0.7116578,0.79907525,-0.08741742,0.38169869780540466,0.2562255561351776,-0.12547314167022705
MIR4325,MIR4325,109,0.83224565,0.9196856,-0.087439954,0.3340403735637665,0.17358887195587158,-0.1604515016078949
TNK2,TNK2,108,0.8257073,0.9132103,-0.08750296,0.25291961431503296,0.12197700142860413,-0.13094261288642883
WFDC8,WFDC8,114,0.7684477,0.85600376,-0.087556064,0.495207279920578,0.38400161266326904,-0.11120566725730896
PLEKHF2,PLEKHF2,92,0.87930655,0.966885,-0.087578416,0.22201263904571533,0.07339364290237427,-0.14861899614334106
ZNF706,ZNF706,108,0.7974419,0.8851005,-0.087658584,0.5327826142311096,0.34854766726493835,-0.18423494696617126
NBPF18P,NBPF18P,97,0.8366233,0.9243752,-0.087751865,0.26894623041152954,0.1456596702337265,-0.12328656017780304
RN7SKP52,RN7SKP52,114,0.7075569,0.7953829,-0.08782601,0.5755615830421448,0.44166839122772217,-0.1338931918144226
SCRIB,SCRIB,116,0.7255894,0.8135064,-0.08791703,0.21126648783683777,0.14369457960128784,-0.06757190823554993
LCE1A,LCE1A,93,0.78687745,0.87496245,-0.088084996,0.46445679664611816,0.2850532829761505,-0.17940351366996765
KLRK1,KLRK1,127,0.83841634,0.926531,-0.08811468,0.28077763319015503,0.13187403976917267,-0.14890359342098236
SNORA72,SNORA72|ENSG00000207067.1,109,0.85162,0.9398134,-0.08819336,0.2313188910484314,0.09816555678844452,-0.13315333425998688
ANKRD27,ANKRD27,108,0.4904432,0.57864064,-0.08819744,0.8724220991134644,0.7675723433494568,-0.10484975576400757
FETUB,FETUB,88,0.86360687,0.95191646,-0.088309586,0.33371567726135254,0.12386875599622726,-0.20984692126512527
U3,U3|ENSG00000221461.1,92,0.85339725,0.9419597,-0.08856243,0.2239975929260254,0.10028214752674103,-0.12371544539928436
TATDN1,TATDN1,95,0.80505556,0.89371413,-0.08865857,0.44184204936027527,0.3180915415287018,-0.12375050783157349
CRH,CRH,95,0.87938035,0.9680724,-0.08869207,0.2960999011993408,0.0739472359418869,-0.22215266525745392
SGK2,SGK2,106,0.85498184,0.9437346,-0.08875275,0.36994367837905884,0.16416627168655396,-0.20577740669250488
MAFB,MAFB,106,0.83268285,0.92144746,-0.08876461,0.3402911424636841,0.17251558601856232,-0.16777555644512177
ZFR,ZFR,99,0.74854225,0.83742636,-0.088884115,0.2820051610469818,0.17709213495254517,-0.10491302609443665
snoU13,snoU13|ENSG00000239157.1,102,0.85316414,0.9420893,-0.08892518,0.2748786509037018,0.12387331575155258,-0.1510053351521492
KCNA6,KCNA6,97,0.6580609,0.7471088,-0.08904791,0.2259082794189453,0.1583113670349121,-0.0675969123840332
SEC62,SEC62,120,0.6227077,0.7117849,-0.089077175,0.5174544453620911,0.4239712953567505,-0.09348315000534058
PEX5,PEX5,106,0.78535,0.8745405,-0.08919048,0.2682986259460449,0.1758420169353485,-0.09245660901069641
MMP9,MMP9,96,0.8665091,0.9557055,-0.08919644,0.44829273223876953,0.1903320699930191,-0.2579606622457504
C8orf59,C8orf59,89,0.85153216,0.94077724,-0.08924508,0.4078746438026428,0.1650627702474594,-0.2428118735551834
GPT,GPT,99,0.77496463,0.864263,-0.08929837,0.27579331398010254,0.16109628975391388,-0.11469702422618866
CASC9,CASC9,93,0.80568784,0.895398,-0.089710176,0.3254273235797882,0.18582168221473694,-0.13960564136505127
HAX1,HAX1,102,0.84079885,0.93052876,-0.089729905,0.2748435139656067,0.12541016936302185,-0.14943334460258484
MIR5680,MIR5680,90,0.7423359,0.8320732,-0.089737296,0.5976890921592712,0.5115498304367065,-0.0861392617225647
FOXS1,FOXS1,120,0.7447209,0.83454883,-0.089827955,0.4670448899269104,0.3445582389831543,-0.1224866509437561
NMD3,NMD3,101,0.7272158,0.81712466,-0.08990884,0.7576484084129333,0.5704561471939087,-0.18719226121902466
PPP1R15B,PPP1R15B,95,0.51727784,0.6072286,-0.08995074,1.04319429397583,0.9018533229827881,-0.141340970993042
RALYL,RALYL,107,0.8256754,0.91564244,-0.08996701,0.4103408455848694,0.19649364054203033,-0.21384720504283905
USF1,USF1,114,0.67494965,0.76497895,-0.0900293,0.6410549283027649,0.4998164176940918,-0.1412385106086731
GPA33,GPA33,116,0.8638284,0.9538628,-0.090034366,0.27270346879959106,0.09965211153030396,-0.1730513572692871
CDH22,CDH22,107,0.86767584,0.9577529,-0.09007704,0.38855618238449097,0.14524902403354645,-0.24330715835094452
TRA2B,TRA2B,103,0.8385996,0.92867756,-0.09007794,0.29239875078201294,0.16433104872703552,-0.12806770205497742
KLRC2,KLRC2,99,0.8521191,0.9422705,-0.09015143,0.3760140836238861,0.15485596656799316,-0.22115811705589294
NCOA2,NCOA2,95,0.8694625,0.95963687,-0.09017438,0.41881969571113586,0.13436482846736908,-0.2844548672437668
HIST4H4,HIST4H4,111,0.80302674,0.8932105,-0.090183735,0.31551095843315125,0.19496029615402222,-0.12055066227912903
ETV5,ETV5,124,0.82637864,0.91663426,-0.09025562,0.23319275677204132,0.11457102000713348,-0.11862173676490784
MIR4755,MIR4755,110,0.77715904,0.86743706,-0.09027803,0.44404837489128113,0.23681849241256714,-0.207229882478714
SLC50A1,SLC50A1,111,0.8088297,0.8991623,-0.09033257,0.46660274267196655,0.26833009719848633,-0.19827264547348022
DCST1,DCST1,104,0.69864744,0.7891305,-0.09048307,1.3169159889221191,1.0634973049163818,-0.2534186840057373
PARP11,PARP11,104,0.8241808,0.9147435,-0.0905627,0.47336211800575256,0.24917633831501007,-0.2241857796907425
U3,U3|ENSG00000207215.1,110,0.8308287,0.9214106,-0.090581894,0.3162603974342346,0.16727212071418762,-0.148988276720047
SNORD112,SNORD112|ENSG00000238966.1,95,0.5542729,0.6450227,-0.0907498,0.4375658631324768,0.3698365390300751,-0.06772932410240173
DLG1,DLG1,101,0.8370765,0.927853,-0.0907765,0.24758359789848328,0.11337367445230484,-0.13420992344617844
PTK6,PTK6,95,0.8264046,0.91719556,-0.09079099,0.2640410363674164,0.12936998903751373,-0.13467104732990265
SMCP,SMCP,89,0.8438163,0.9346394,-0.090823114,0.2910623848438263,0.14428281784057617,-0.14677956700325012
XKR9,XKR9,95,0.8000918,0.8909402,-0.09084839,0.3269810080528259,0.18733400106430054,-0.1396470069885254
LRP12,LRP12,111,0.7739518,0.8648607,-0.090908885,0.2795507609844208,0.17884139716625214,-0.10070936381816864
TSTD1,TSTD1,122,0.8465887,0.9375645,-0.09097582,0.2305193543434143,0.10936366021633148,-0.12115569412708282
COPA,COPA,104,0.7026353,0.7939345,-0.091299236,1.6425703763961792,1.3271406888961792,-0.3154296875
ABRA,ABRA,101,0.84806603,0.9393725,-0.09130645,0.3091738224029541,0.14013434946537018,-0.16903947293758392
WIPF2,WIPF2,108,0.48576435,0.5771046,-0.09134027,0.3148554563522339,0.26792824268341064,-0.04692721366882324
POU5F1B,POU5F1B,115,0.71317804,0.8045412,-0.09136313,0.3448117673397064,0.26752910017967224,-0.07728266716003418
ZNF831,ZNF831,88,0.8087836,0.90021414,-0.091430545,0.4525242745876312,0.3608083426952362,-0.09171593189239502
SPRR2D,SPRR2D,105,0.8717566,0.96323097,-0.091474354,0.27089232206344604,0.09243568032979965,-0.1784566417336464
PDCD10,PDCD10,101,0.7549892,0.84652334,-0.09153414,0.30555495619773865,0.2112143337726593,-0.09434062242507935
GGH,GGH,97,0.7981217,0.88969755,-0.09157586,0.3743060827255249,0.1927557736635208,-0.1815503090620041
AHCTF1,AHCTF1,111,0.7513571,0.8430094,-0.091652334,0.37434786558151245,0.2449946403503418,-0.12935322523117065
MIR214,MIR214,100,0.820724,0.91249293,-0.09176892,0.21442994475364685,0.10785660892724991,-0.10657333582639694
C8orf34,C8orf34,95,0.77772737,0.8697216,-0.091994226,0.759903609752655,0.4580290615558624,-0.3018745481967926
TOMM20,TOMM20,120,0.68387055,0.7759219,-0.09205133,0.3626488745212555,0.2614332437515259,-0.10121563076972961
RNA5SP274,RNA5SP274,112,0.82959944,0.9217519,-0.09215248,0.4249661862850189,0.23588208854198456,-0.18908409774303436
OTUD6B,OTUD6B,98,0.8631996,0.95541817,-0.09221858,0.3108457326889038,0.11687090992927551,-0.1939748227596283
MIR3650,MIR3650,106,0.6727845,0.7650356,-0.09225112,0.307840496301651,0.2341947704553604,-0.07364572584629059
ADNP,ADNP,101,0.84163064,0.9341077,-0.09247708,0.42338165640830994,0.21578724682331085,-0.20759440958499908
snoU13,snoU13|ENSG00000238526.1,103,0.78711975,0.87971663,-0.09259689,0.3494534194469452,0.23984526097774506,-0.10960815846920013
RN7SKP29,RN7SKP29,107,0.81864935,0.9113365,-0.09268713,0.4752334952354431,0.23811325430870056,-0.23712024092674255
GSDMC,GSDMC,88,0.79589534,0.88861656,-0.092721224,0.37806424498558044,0.22835277020931244,-0.149711474776268
MOCS3,MOCS3,93,0.84140027,0.9341431,-0.09274286,0.20659059286117554,0.10139059275388718,-0.10520000010728836
SCAMP3,SCAMP3,95,0.7754774,0.8683105,-0.0928331,0.3968718647956848,0.2721022367477417,-0.12476962804794312
RTP2,RTP2,104,0.84706575,0.9399071,-0.09284133,0.2290637344121933,0.09425432980060577,-0.13480940461158752
SNORA31,SNORA31|ENSG00000252852.1,112,0.80985296,0.9028139,-0.09296095,0.47467491030693054,0.2671225070953369,-0.20755240321159363
MIR1205,MIR1205,129,0.8339286,0.92690706,-0.09297848,0.23970220983028412,0.12317031621932983,-0.11653189361095428
EPB41L1,EPB41L1,108,0.8443172,0.9373698,-0.093052626,0.6457858085632324,0.2631588876247406,-0.3826269209384918
COL9A3,COL9A3,111,0.7870623,0.8801734,-0.0931111,0.6590480804443359,0.40115490555763245,-0.2578931748867035
RN7SL798P,RN7SL798P,118,0.80676645,0.89994144,-0.093174994,0.2727515995502472,0.14869306981563568,-0.12405852973461151
RGS22,RGS22,101,0.82495105,0.9183194,-0.09336835,0.3964262008666992,0.20094697177410126,-0.19547922909259796
DIDO1,DIDO1,111,0.7465666,0.8399722,-0.093405604,0.6689624190330505,0.45052042603492737,-0.21844199299812317
S100A6,S100A6,102,0.781469,0.87492293,-0.093453944,0.28630906343460083,0.14596088230609894,-0.1403481811285019
PFN2,PFN2,90,0.8410047,0.934513,-0.09350824,0.6075451374053955,0.3063802719116211,-0.3011648654937744
SNORA44,SNORA44,94,0.8484333,0.9420655,-0.09363216,0.24326319992542267,0.10235200822353363,-0.14091119170188904
C8orf4,C8orf4,106,0.31044245,0.40432435,-0.093881905,0.8043025732040405,0.72868412733078,-0.0756184458732605
ZHX1,ZHX1,111,0.7968506,0.8907778,-0.093927205,0.352098286151886,0.21512028574943542,-0.13697800040245056
TWIST1,TWIST1,117,0.5994051,0.69339615,-0.09399104,0.9314882755279541,0.7478569149971008,-0.18363136053085327
APOLD1,APOLD1,98,0.8703656,0.96441215,-0.09404653,0.25272148847579956,0.07674403488636017,-0.1759774535894394
RNA5SP149,RNA5SP149,113,0.8232266,0.9173207,-0.09409416,0.21423210203647614,0.11554676294326782,-0.09868533909320831
RFC4,RFC4,95,0.84239244,0.93662554,-0.094233096,0.287872314453125,0.15480884909629822,-0.13306346535682678
RAP2B,RAP2B,105,0.748819,0.84311396,-0.094294965,0.45809417963027954,0.30138030648231506,-0.15671387314796448
SLC10A5,SLC10A5,111,0.8699836,0.96429235,-0.094308734,0.483089417219162,0.15160316228866577,-0.3314862549304962
MGC4294,MGC4294,99,0.8223631,0.916689,-0.0943259,0.48527970910072327,0.2651037871837616,-0.22017592191696167
SHARPIN,SHARPIN,89,0.77339065,0.8677253,-0.09433466,0.47766736149787903,0.2920486032962799,-0.18561875820159912
RN7SL19P,RN7SL19P,102,0.872999,0.9673466,-0.094347596,0.28654903173446655,0.08477446436882019,-0.20177456736564636
C1orf105,C1orf105,87,0.80587214,0.900254,-0.09438187,0.29750970005989075,0.17095671594142914,-0.1265529841184616
RN7SKP10,RN7SKP10,121,0.26007235,0.35465342,-0.09458107,1.141942024230957,1.0500298738479614,-0.0919121503829956
GLI4,GLI4,95,0.8267806,0.9213621,-0.094581485,0.38409751653671265,0.19133777916431427,-0.19275973737239838
TENM4,TENM4,97,0.4351623,0.5298671,-0.09470481,0.4402133822441101,0.3904847502708435,-0.0497286319732666
KRTCAP2,KRTCAP2,106,0.77242,0.86717904,-0.09475905,0.4897814691066742,0.30178457498550415,-0.18799689412117004
IGF2BP3,IGF2BP3,130,0.67243016,0.76733685,-0.09490669,0.43654096126556396,0.3263069987297058,-0.11023396253585815
TRIQK,TRIQK,89,0.86339045,0.9583026,-0.09491217,0.2796124815940857,0.09598696976900101,-0.1836255118250847
SPATA25,SPATA25,114,0.81216687,0.9071542,-0.09498733,0.29349634051322937,0.16797487437725067,-0.1255214661359787
RALGAPB,RALGAPB,115,0.7910066,0.8859989,-0.09499228,0.3697577714920044,0.17259983718395233,-0.19715793430805206
TSHZ2,TSHZ2,95,0.7829541,0.8780307,-0.09507662,0.42328277230262756,0.29798421263694763,-0.12529855966567993
TCTEX1D2,TCTEX1D2,95,0.8301802,0.9252592,-0.095078945,0.256470263004303,0.10657045245170593,-0.14989981055259705
MCF2L,MCF2L,92,0.6317203,0.7269102,-0.09518987,1.168976068496704,1.0931304693222046,-0.07584559917449951
C13orf35,C13orf35,105,0.52737343,0.6225803,-0.09520686,0.6890365481376648,0.6146093606948853,-0.07442718744277954
HNF4G,HNF4G,94,0.86430687,0.95960784,-0.09530097,0.3285938501358032,0.08870438486337662,-0.2398894652724266
SYCP2,SYCP2,107,0.76407343,0.8594684,-0.09539497,0.3680085241794586,0.22956733405590057,-0.13844119012355804
DSCC1,DSCC1,107,0.7565825,0.85203403,-0.095451534,0.3692261278629303,0.24826855957508087,-0.12095756828784943
ZFAND1,ZFAND1,97,0.87140024,0.9669488,-0.09554857,0.2733088731765747,0.06799398362636566,-0.20531488955020905
OSBPL2,OSBPL2,97,0.7034372,0.7991505,-0.09571332,0.42348378896713257,0.30477502942085266,-0.11870875954627991
DLGAP4,DLGAP4,117,0.8378294,0.9336019,-0.095772505,0.4188216030597687,0.1891712248325348,-0.2296503782272339
C12orf57,C12orf57,111,0.8442471,0.9400417,-0.09579462,0.25991755723953247,0.09722400456666946,-0.162693552672863
SNORA25,SNORA25|ENSG00000251744.1,107,0.81363034,0.90946347,-0.09583312,0.33948540687561035,0.17522788047790527,-0.16425752639770508
RN7SL116P,RN7SL116P,101,0.8185005,0.9143532,-0.09585267,0.2730298340320587,0.1461411565542221,-0.1268886774778366
EFCAB1,EFCAB1,97,0.8443606,0.94024193,-0.09588134,0.2635386288166046,0.10139431059360504,-0.16214431822299957
CCNE2,CCNE2,118,0.846955,0.9428852,-0.09593022,0.2669908106327057,0.11172112822532654,-0.15526968240737915
MIR5708,MIR5708,97,0.8014264,0.8973619,-0.095935464,0.36973506212234497,0.20291656255722046,-0.1668184995651245
ZBTB10,ZBTB10,102,0.8507258,0.94670266,-0.09597683,0.4499666094779968,0.181204155087471,-0.2687624543905258
MIR554,MIR554,100,0.7355171,0.8315012,-0.0959841,0.47626736760139465,0.3411591053009033,-0.13510826230049133
DEFB115,DEFB115,92,0.7262449,0.8224242,-0.09617925,0.3847625255584717,0.2049718052148819,-0.17979072034358978
ACTL6A,ACTL6A,112,0.7756997,0.8719349,-0.096235216,0.2941412031650543,0.17559920251369476,-0.11854200065135956
LINC00354,LINC00354,87,0.52437735,0.620682,-0.096304655,0.3838943541049957,0.3021577298641205,-0.08173662424087524
SNORD64,SNORD64|ENSG00000212161.1,104,0.8526922,0.9490862,-0.096394,0.2568128705024719,0.09208174794912338,-0.16473112255334854
FER1L6,FER1L6,113,0.80500424,0.9015438,-0.09653956,0.39144498109817505,0.22020834684371948,-0.17123663425445557
AGXT2,AGXT2,96,0.7741747,0.8707868,-0.096612096,0.33341631293296814,0.18222586810588837,-0.15119044482707977
CNTD2,CNTD2,84,0.5905167,0.6871426,-0.096625924,0.2577213644981384,0.21036234498023987,-0.04735901951789856
PKHD1L1,PKHD1L1,114,0.8661276,0.9627722,-0.09664458,0.3649608790874481,0.11627518385648727,-0.24868569523096085
PRKCI,PRKCI,96,0.7365594,0.83322823,-0.09666884,0.20997639000415802,0.1302570253610611,-0.07971936464309692
BAALC,BAALC,106,0.8416214,0.93834066,-0.096719265,0.3077811896800995,0.13767331838607788,-0.1701078712940216
LAPTM4B,LAPTM4B,104,0.8149576,0.9116954,-0.0967378,0.3998248279094696,0.22152218222618103,-0.17830264568328857
P2RY1,P2RY1,106,0.7685967,0.865377,-0.0967803,0.3628438413143158,0.2336883544921875,-0.1291554868221283
C20orf62,C20orf62,106,0.8085489,0.90532976,-0.09678084,0.31508737802505493,0.16504839062690735,-0.15003898739814758
FAM138D,FAM138D,130,0.8414271,0.9383613,-0.0969342,0.35928621888160706,0.16965043544769287,-0.18963578343391418
NPBWR1,NPBWR1,108,0.8490933,0.94604677,-0.09695345,0.4347204566001892,0.15608149766921997,-0.27863895893096924
FAM203B,FAM203B,103,0.8171667,0.9141319,-0.096965194,0.22382691502571106,0.11328636854887009,-0.11054054647684097
MIR4661,MIR4661,102,0.81605536,0.9130817,-0.09702635,0.8228131532669067,0.4096185266971588,-0.4131946265697479
ZNF704,ZNF704,104,0.85948557,0.95665205,-0.09716648,0.2947216033935547,0.09453586488962173,-0.20018573850393295
TFB2M,TFB2M,99,0.76566035,0.862955,-0.09729463,0.3824000954627991,0.24410544335842133,-0.13829465210437775
RN7SL826P,RN7SL826P,111,0.8302016,0.9275004,-0.0972988,0.3881986439228058,0.18729230761528015,-0.20090633630752563
ZFHX4,ZFHX4,99,0.8629114,0.9602808,-0.09736937,0.30890125036239624,0.10098741203546524,-0.207913838326931
ATP13A5,ATP13A5,106,0.80666965,0.9041911,-0.097521424,0.2136315256357193,0.11333797872066498,-0.10029354691505432
BICD1,BICD1,115,0.5966865,0.6942532,-0.097566724,0.18673233687877655,0.13314750790596008,-0.05358482897281647
TMEM70,TMEM70,86,0.86275035,0.9604278,-0.09767747,0.2551785707473755,0.07865254580974579,-0.1765260249376297
LOR,LOR,102,0.8109844,0.90869457,-0.09771019,0.25649842619895935,0.12953834235668182,-0.12696008384227753
TMEM64,TMEM64,100,0.807083,0.90485114,-0.09776813,0.4468567669391632,0.22895562648773193,-0.21790114045143127
RN7SKP184,RN7SKP184,119,0.8103691,0.90814054,-0.097771466,0.4045203924179077,0.21388718485832214,-0.19063320755958557
KLRD1,KLRD1,98,0.8165757,0.9144558,-0.097880065,0.3366917669773102,0.18167957663536072,-0.15501219034194946
SPRR4,SPRR4,115,0.8472792,0.945165,-0.09788579,0.4117164611816406,0.2373719960451126,-0.17434446513652802
BCL2L1,BCL2L1,92,0.7575268,0.8554394,-0.09791261,0.4300391972064972,0.28871995210647583,-0.14131924510002136
GPR149,GPR149,132,0.7357386,0.833788,-0.0980494,0.3655105233192444,0.21956221759319305,-0.14594830572605133
FZD6,FZD6,109,0.8138155,0.9120144,-0.09819895,0.2515977621078491,0.125533789396286,-0.1260639727115631
NSMCE2,NSMCE2,91,0.7640644,0.8623894,-0.098325014,0.2706880271434784,0.18099845945835114,-0.08968956768512726
MIR1825,MIR1825,102,0.7693015,0.86763924,-0.09833777,0.23185424506664276,0.12626881897449493,-0.10558542609214783
DHX35,DHX35,106,0.8044414,0.90291214,-0.09847075,0.42705342173576355,0.2272786796092987,-0.19977474212646484
B4GALNT1,B4GALNT1,93,0.5076739,0.60631764,-0.09864372,0.3356194794178009,0.30285075306892395,-0.03276872634887695
F11R,F11R,106,0.620743,0.71941024,-0.098667264,1.0755199193954468,0.8694903254508972,-0.20602959394454956
LTBR,LTBR,91,0.85738283,0.9561398,-0.09875697,0.3612135946750641,0.11150486767292023,-0.24970872700214386
CYP11B2,CYP11B2,107,0.8110141,0.90983474,-0.09882063,0.3487803339958191,0.18231183290481567,-0.16646850109100342
RB1CC1,RB1CC1,111,0.7897248,0.8885463,-0.09882146,0.4523116648197174,0.24307942390441895,-0.20923224091529846
FXR1,FXR1,104,0.7409616,0.83979243,-0.09883082,0.2883019745349884,0.19714714586734772,-0.09115482866764069
C20orf112,C20orf112,100,0.7566208,0.8555105,-0.09888965,0.5844185948371887,0.3756781816482544,-0.20874041318893433
AARD,AARD,98,0.7347845,0.833731,-0.09894651,0.5220580697059631,0.3743748962879181,-0.14768317341804504
SENP2,SENP2,93,0.81191814,0.9109085,-0.09899038,0.25066351890563965,0.14146174490451813,-0.10920177400112152
MIR4533,MIR4533,98,0.8255398,0.92458314,-0.09904331,0.7506535649299622,0.4048211872577667,-0.34583237767219543
TGM2,TGM2,88,0.83562106,0.9346754,-0.09905434,0.27999165654182434,0.121565081179142,-0.15842657536268234
RNF13,RNF13,83,0.77642244,0.8754909,-0.09906846,0.3584594130516052,0.13080264627933502,-0.2276567667722702
NECAB1,NECAB1,107,0.79396003,0.8930317,-0.09907168,0.31866589188575745,0.1912652552127838,-0.12740063667297363
RN7SL459P,RN7SL459P,105,0.679676,0.77878517,-0.09910917,0.37202024459838867,0.2708643078804016,-0.10115593671798706
SLC7A13,SLC7A13,113,0.8324417,0.9315974,-0.099155724,0.3276878297328949,0.1589905172586441,-0.1686973124742508
CCAT1,CCAT1,97,0.7103188,0.80950844,-0.09918964,0.479610413312912,0.3555275499820709,-0.12408286333084106
FAM217B,FAM217B,91,0.7964868,0.8956829,-0.09919608,0.4008796513080597,0.22961314022541046,-0.17126651108264923
MIR661,MIR661,115,0.8022412,0.9015238,-0.09928262,0.4102463722229004,0.21398435533046722,-0.19626201689243317
LCE3D,LCE3D,102,0.82134354,0.92069644,-0.099352896,0.23482052981853485,0.10797057300806046,-0.1268499568104744
MIR200C,MIR200C,101,0.79749715,0.89702314,-0.09952599,0.27841174602508545,0.1506560891866684,-0.12775565683841705
NPR1,NPR1,106,0.77763885,0.8771801,-0.09954125,0.5625293254852295,0.3303166627883911,-0.23221266269683838
IMMP2L,IMMP2L,102,0.6467177,0.74630934,-0.09959161,0.5324645638465881,0.4153500497341156,-0.11711451411247253
SCARNA10,SCARNA10,107,0.8329834,0.9326939,-0.099710524,0.40542566776275635,0.22109806537628174,-0.1843276023864746
MIR4663,MIR4663,122,0.8277309,0.9274949,-0.09976399,0.3301628828048706,0.1520862877368927,-0.1780765950679779
MFN1,MFN1,122,0.8635731,0.9634115,-0.099838436,0.32371586561203003,0.11220889538526535,-0.21150697022676468
ZNF217,ZNF217,107,0.81900215,0.91895646,-0.09995431,0.37445297837257385,0.21913811564445496,-0.1553148627281189
SPRR1A,SPRR1A,114,0.8296018,0.92966115,-0.10005933,0.35233253240585327,0.17154334485530853,-0.18078918755054474
RNA5SP484,RNA5SP484,100,0.7994823,0.8996533,-0.10017103,0.4318481683731079,0.2514381408691406,-0.18041002750396729
FAM86FP,FAM86FP,103,0.83475065,0.93496597,-0.100215316,0.6339571475982666,0.25342273712158203,-0.38053441047668457
snoU13,snoU13|ENSG00000238661.1,108,0.6210629,0.72131836,-0.10025549,0.35066768527030945,0.2693397104740143,-0.08132797479629517
RNU6ATAC24P,RNU6ATAC24P,106,0.74602675,0.84628975,-0.100263,0.32478946447372437,0.19372454285621643,-0.13106492161750793
THBS3,THBS3,107,0.8177296,0.91800714,-0.10027754,0.43856391310691833,0.205921471118927,-0.23264244198799133
RTP1,RTP1,101,0.81933475,0.9196562,-0.10032147,0.25027379393577576,0.11776423454284668,-0.13250955939292908
PRH1,PRH1,102,0.6310288,0.731402,-0.10037321,0.9678753614425659,0.805173397064209,-0.16270196437835693
EMC2,EMC2,89,0.8191948,0.9197298,-0.100535035,0.25068899989128113,0.12029263377189636,-0.13039636611938477
TOX2,TOX2,108,0.7498375,0.85042787,-0.10059035,1.0390573740005493,0.7271292209625244,-0.3119281530380249
ARFRP1,ARFRP1,136,0.7329787,0.83357435,-0.10059565,0.5330332517623901,0.3454931974411011,-0.18754005432128906
MET,MET,110,0.52972233,0.6303616,-0.10063928,0.6803735494613647,0.5674312114715576,-0.11294233798980713
ZBTB18,ZBTB18,103,0.77821404,0.878874,-0.10065997,0.45711609721183777,0.266461044549942,-0.19065505266189575
MYT1,MYT1,113,0.8241783,0.92494607,-0.10076779,0.3217587172985077,0.14453737437725067,-0.17722134292125702
LRRC15,LRRC15,104,0.7939278,0.8947038,-0.10077602,0.45798736810684204,0.25101587176322937,-0.20697149634361267
snoU13,snoU13|ENSG00000238549.1,111,0.77318627,0.87399113,-0.100804865,0.502761960029602,0.34502071142196655,-0.1577412486076355
RN7SKP234,RN7SKP234,103,0.8158355,0.91672015,-0.100884676,0.2944715619087219,0.1471949815750122,-0.14727658033370972
DLGAP2,DLGAP2,109,0.6478751,0.74876726,-0.100892186,0.4460665285587311,0.33696669340133667,-0.10909983515739441
POGK,POGK,93,0.8291676,0.9300695,-0.1009019,0.26332035660743713,0.11928806453943253,-0.1440322920680046
ZNF479,ZNF479,88,0.6228919,0.7237967,-0.10090482,0.5399278998374939,0.445711612701416,-0.09421628713607788
PREX2,PREX2,84,0.8249779,0.92591864,-0.100940764,1.0453546047210693,0.4271194040775299,-0.6182352006435394
SPINT4,SPINT4,105,0.7923047,0.8932895,-0.10098481,0.38626375794410706,0.21303245425224304,-0.173231303691864
DARC,DARC,85,0.8293251,0.9303234,-0.10099834,0.25096601247787476,0.10539621114730835,-0.1455698013305664
FAM131A,FAM131A,101,0.85789865,0.9589223,-0.101023674,0.44993481040000916,0.16178224980831146,-0.2881525605916977
CACNB1,CACNB1,107,0.47961494,0.5806791,-0.101064175,1.4012067317962646,1.1130764484405518,-0.2881302833557129
SNORA72,SNORA72|ENSG00000252158.1,99,0.7182478,0.81933695,-0.10108918,0.7335519790649414,0.5480265617370605,-0.18552541732788086
ATP13A4,ATP13A4,103,0.83160067,0.9328245,-0.10122383,0.2945936918258667,0.12449561804533005,-0.17009807378053665
U3,U3|ENSG00000252669.1,127,0.8482083,0.9495745,-0.10136616,0.24209824204444885,0.08634476363658905,-0.1557534784078598
MIR4671,MIR4671,108,0.7990151,0.9004165,-0.10140139,0.33221709728240967,0.17498697340488434,-0.15723012387752533
PLEKHA5,PLEKHA5,94,0.60717565,0.70862186,-0.10144621,1.0669918060302734,0.8380575776100159,-0.22893422842025757
WFDC12,WFDC12,96,0.68063104,0.78217876,-0.10154772,0.7952461838722229,0.6146499514579773,-0.1805962324142456
EIF5A2,EIF5A2,99,0.83180547,0.93336,-0.10155451,0.24538643658161163,0.11996161192655563,-0.125424824655056
FAM188B2,FAM188B2,92,0.804761,0.9063949,-0.10163391,0.377885639667511,0.19098986685276031,-0.18689577281475067
MCMDC2,MCMDC2,89,0.80866426,0.91033435,-0.10167009,0.31018394231796265,0.1821928173303604,-0.12799112498760223
RBM34,RBM34,85,0.77402794,0.87571007,-0.10168213,0.484169602394104,0.28052765130996704,-0.20364195108413696
CCNE1,CCNE1,96,0.2922037,0.39400446,-0.10180077,1.1120738983154297,1.03201162815094,-0.08006227016448975
PCAT2,PCAT2,105,0.8619265,0.963862,-0.101935506,0.2533394694328308,0.09265261143445969,-0.16068685799837112
EDARADD,EDARADD,92,0.77247715,0.87441796,-0.10194081,0.26822423934936523,0.15830381214618683,-0.1099204272031784
KNG1,KNG1,109,0.8201533,0.9221771,-0.10202378,0.33605095744132996,0.1424056589603424,-0.19364529848098755
LRTM2,LRTM2,109,0.8155449,0.91757786,-0.10203296,0.3554126024246216,0.1640956699848175,-0.19131693243980408
ZNF384,ZNF384,110,0.8336702,0.93576354,-0.10209334,0.3651355803012848,0.1728506237268448,-0.19228495657444
ZNF251,ZNF251,103,0.81551534,0.9176205,-0.10210514,0.36417555809020996,0.16420814394950867,-0.1999674141407013
SLC26A10,SLC26A10,103,0.46552336,0.5679024,-0.102379024,0.26716092228889465,0.22006294131278992,-0.047097980976104736
SHC1,SHC1,125,0.81428105,0.9166864,-0.10240537,0.3327194154262543,0.16323938965797424,-0.16948002576828003
RN7SKP55,RN7SKP55,114,0.6606749,0.76311624,-0.10244131,0.5007930397987366,0.3798733949661255,-0.12091964483261108
ISPD,ISPD,113,0.5167278,0.6191808,-0.10245299,1.0594154596328735,0.8868595957756042,-0.1725558638572693
KIAA1432,KIAA1432,105,0.22914405,0.331639,-0.10249494,0.9938808679580688,0.9628359079360962,-0.031044960021972656
LINC00051,LINC00051,113,0.8342085,0.9368019,-0.10259342,0.36784201860427856,0.13837364315986633,-0.22946837544441223
MIR4448,MIR4448,83,0.8692169,0.97183466,-0.10261774,0.16202828288078308,0.05427130311727524,-0.10775697976350784
FLAD1,FLAD1,95,0.8572765,0.95992583,-0.10264933,0.23090599477291107,0.06727401912212372,-0.16363197565078735
RN7SL229P,RN7SL229P,92,0.86269975,0.9653547,-0.102654934,0.18595190346240997,0.04886828735470772,-0.13708361610770226
CTHRC1,CTHRC1,109,0.78194183,0.8847534,-0.102811575,0.46171998977661133,0.27513256669044495,-0.18658742308616638
PAG1,PAG1,111,0.8286706,0.9315341,-0.10286349,0.33211374282836914,0.14594581723213196,-0.18616792559623718
U4,U4|ENSG00000272359.1,102,0.75676775,0.8596486,-0.102880836,0.5111786723136902,0.3097745180130005,-0.2014041543006897
RAD54B,RAD54B,102,0.79690325,0.8998621,-0.10295886,0.4382494390010834,0.24887783825397491,-0.18937160074710846
ART4,ART4,101,0.8251125,0.928117,-0.103004456,0.325388640165329,0.1383020132780075,-0.18708662688732147
JPH2,JPH2,103,0.7187034,0.8217321,-0.103028715,0.7543911933898926,0.5654386878013611,-0.1889525055885315
RN7SL323P,RN7SL323P,112,0.81871593,0.92176723,-0.103051305,0.46704283356666565,0.20521743595600128,-0.26182539761066437
NPTX2,NPTX2,98,0.6047274,0.70778805,-0.10306066,0.5509496927261353,0.42812448740005493,-0.12282520532608032
MYNN,MYNN,108,0.83930886,0.9424438,-0.10313493,0.25436457991600037,0.12215971201658249,-0.13220486789941788
HMGCS1,HMGCS1,116,0.7588927,0.8622332,-0.10334051,0.5148798823356628,0.3464263081550598,-0.16845357418060303
DNAJC19,DNAJC19,96,0.7764329,0.879778,-0.103345156,0.6983224749565125,0.412805438041687,-0.28551703691482544
MAK16,MAK16,97,0.5896669,0.69307107,-0.103404164,0.6608120799064636,0.5453920960426331,-0.11541998386383057
EIF4A2,EIF4A2,97,0.84389967,0.9473526,-0.10345292,0.29459741711616516,0.12157939374446869,-0.17301802337169647
NUDCD1,NUDCD1,99,0.85325974,0.95673823,-0.10347849,0.2561246454715729,0.08924165368080139,-0.16688299179077148
NPEPL1,NPEPL1,102,0.7532795,0.8567654,-0.10348588,0.2832818627357483,0.18516965210437775,-0.09811221063137054
STMN2,STMN2,115,0.77041733,0.87391466,-0.10349733,0.5575851202011108,0.33398503065109253,-0.2236000895500183
KRAS,KRAS,99,0.6998049,0.80348486,-0.103679955,0.6047652363777161,0.46184825897216797,-0.1429169774055481
C19orf47,C19orf47,118,0.55627733,0.6599581,-0.10368079,0.37989580631256104,0.2826680541038513,-0.09722775220870972
GABPB2,GABPB2,109,0.83103395,0.93475646,-0.10372251,0.6846155524253845,0.342070609331131,-0.34254494309425354
RN7SL243P,RN7SL243P,110,0.83655816,0.9403135,-0.103755355,0.27747008204460144,0.1297844499349594,-0.14768563210964203
LRRC23,LRRC23,111,0.83596784,0.9397992,-0.10383135,0.3340327739715576,0.1304602473974228,-0.20357252657413483
RN7SL675P,RN7SL675P,122,0.75390804,0.85775304,-0.103845,0.3087799549102783,0.20513227581977844,-0.10364767909049988
CDH10,CDH10,104,0.7357417,0.83960515,-0.10386348,0.6934124231338501,0.4876059293746948,-0.20580649375915527
S100A16,S100A16,107,0.7726098,0.87651473,-0.10390496,0.4025086462497711,0.23268215358257294,-0.16982649266719818
RN7SKP40,RN7SKP40,119,0.83807623,0.94208336,-0.104007125,0.36925625801086426,0.17022952437400818,-0.19902673363685608
RBM38,RBM38,109,0.819376,0.9234375,-0.104061484,0.4158623516559601,0.18565286695957184,-0.23020948469638824
LINC00303,LINC00303,108,0.7807122,0.88479245,-0.10408026,0.29489266872406006,0.16568519175052643,-0.12920747697353363
RN7SL431P,RN7SL431P,105,0.74435014,0.84850687,-0.10415673,0.3947584927082062,0.26090750098228455,-0.13385099172592163
AURKA,AURKA,98,0.8236501,0.9278988,-0.1042487,0.34270137548446655,0.1487801969051361,-0.19392117857933044
DNTTIP1,DNTTIP1,91,0.8203052,0.92457604,-0.104270816,0.3006923496723175,0.13012239336967468,-0.17056995630264282
CAPZA3,CAPZA3,109,0.5926692,0.697121,-0.104451835,1.0519860982894897,0.8483532071113586,-0.2036328911781311
LINC00940,LINC00940,106,0.8199551,0.9244195,-0.10446441,0.1786077320575714,0.07218986749649048,-0.10641786456108093
POU2F1,POU2F1,111,0.7021095,0.8066108,-0.10450131,0.24740658700466156,0.15835963189601898,-0.08904695510864258
FAM86B2,FAM86B2,114,0.7299699,0.83456385,-0.10459393,0.7129309177398682,0.5218720436096191,-0.19105887413024902
LCE2A,LCE2A,119,0.80705386,0.9116692,-0.10461533,0.4335334897041321,0.2446274310350418,-0.18890605866909027
GOLPH3L,GOLPH3L,104,0.7893738,0.89405525,-0.10468143,0.3678109347820282,0.20767608284950256,-0.16013485193252563
SNORD38,SNORD38|ENSG00000207199.1,122,0.44063756,0.5455216,-0.10488406,0.7621381878852844,0.6573694348335266,-0.10476875305175781
DUSP27,DUSP27,110,0.8493482,0.9542667,-0.10491854,0.24845680594444275,0.099957674741745,-0.14849913120269775
NUP107,NUP107,111,0.503745,0.6086649,-0.10491985,0.49924564361572266,0.4260183870792389,-0.07322725653648376
FAM210B,FAM210B,111,0.81865346,0.923583,-0.10492951,0.31301969289779663,0.1395729035139084,-0.17344678938388824
MIR135B,MIR135B,105,0.6393486,0.7443437,-0.10499507,0.7222554087638855,0.5228874087333679,-0.19936800003051758
LRRCC1,LRRCC1,116,0.82897997,0.93403614,-0.10505617,0.5921108722686768,0.2179340273141861,-0.37417684495449066
TMOD4,TMOD4,93,0.78697795,0.89205426,-0.10507631,0.48461002111434937,0.28908929228782654,-0.19552072882652283
ARHGAP30,ARHGAP30,107,0.8367197,0.94182664,-0.10510695,0.2337203174829483,0.09087777137756348,-0.14284254610538483
LRP6,LRP6,105,0.8006529,0.9058384,-0.10518545,0.4610408544540405,0.24572336673736572,-0.2153174877166748
SNHG11,SNHG11,112,0.8394459,0.9446449,-0.10519904,0.40532106161117554,0.16221019625663757,-0.24311086535453796
LINC00884,LINC00884,87,0.8179251,0.923296,-0.10537088,0.43114352226257324,0.19355103373527527,-0.23759248852729797
FCRLA,FCRLA,107,0.8214818,0.9269538,-0.10547197,0.3063053488731384,0.13717253506183624,-0.16913281381130219
RN7SL434P,RN7SL434P,114,0.8127326,0.9182517,-0.105519116,0.4818733036518097,0.236357182264328,-0.2455161213874817
MIR548O2,MIR548O2,97,0.7626844,0.86824423,-0.105559826,0.4029138386249542,0.2417568862438202,-0.16115695238113403
SDHC,SDHC,105,0.6290762,0.73464113,-0.10556495,0.4721583425998688,0.3561181426048279,-0.1160401999950409
RNA5SP265,RNA5SP265,120,0.82243776,0.92820585,-0.105768085,0.5315200686454773,0.1974542886018753,-0.334065780043602
TFAP2C,TFAP2C,95,0.7437155,0.849507,-0.10579145,0.3597707152366638,0.22631078958511353,-0.1334599256515503
ODF1,ODF1,96,0.7619611,0.8678084,-0.1058473,0.6303414702415466,0.4621495306491852,-0.16819193959236145
SLAMF8,SLAMF8,98,0.8089502,0.91481936,-0.105869174,0.42571109533309937,0.2129458636045456,-0.21276523172855377
KLRC1,KLRC1,101,0.62450224,0.7303844,-0.10588217,1.0204952955245972,0.8216317296028137,-0.19886356592178345
NUP210L,NUP210L,126,0.8086359,0.914593,-0.10595709,0.2766174376010895,0.1297706514596939,-0.14684678614139557
BDH1,BDH1,106,0.796373,0.90238047,-0.10600746,0.5110923647880554,0.2832479774951935,-0.22784438729286194
TUBB1,TUBB1,105,0.6911889,0.7972766,-0.106087744,0.6284149289131165,0.4297037124633789,-0.19871121644973755
HAR1B,HAR1B,94,0.7647231,0.8708788,-0.10615569,0.342896044254303,0.19623228907585144,-0.14666375517845154
IVL,IVL,95,0.8324014,0.9386525,-0.10625112,0.2503358721733093,0.09736405313014984,-0.15297181904315948
DVL3,DVL3,108,0.85577935,0.9620409,-0.10626155,0.26640141010284424,0.1025376170873642,-0.16386379301548004
PPOX,PPOX,101,0.54709166,0.6533537,-0.10626203,1.1063886880874634,0.9501987099647522,-0.15618997812271118
MIR30D,MIR30D,110,0.8276063,0.9339401,-0.10633379,0.42300766706466675,0.17505434155464172,-0.24795332551002502
ROPN1L,ROPN1L,95,0.6418245,0.74830586,-0.10648137,0.31096142530441284,0.2199142426252365,-0.09104718267917633
RNU4ATAC7P,RNU4ATAC7P,109,0.74119574,0.8476872,-0.10649145,0.6774969100952148,0.4233151972293854,-0.25418171286582947
LRRIQ4,LRRIQ4,93,0.8276922,0.9342183,-0.10652608,0.32133349776268005,0.17241942882537842,-0.14891406893730164
SNORA71A,SNORA71A,105,0.83787507,0.9445348,-0.10665971,0.27256667613983154,0.11241713911294937,-0.16014953702688217
SNORD66,SNORD66|ENSG00000212158.1,114,0.8152542,0.92196447,-0.106710255,0.3661942780017853,0.21404343843460083,-0.15215083956718445
RN7SKP155,RN7SKP155,99,0.80067945,0.9076485,-0.10696906,0.3624870181083679,0.20261500775814056,-0.15987201035022736
ACP6,ACP6,105,0.717137,0.8242963,-0.10715932,0.7715818881988525,0.5372504591941833,-0.2343314290046692
A2MP1,A2MP1,104,0.8258436,0.9331024,-0.10725886,0.4091801345348358,0.19544681906700134,-0.21373331546783447
CLCN2,CLCN2,107,0.8003623,0.9076579,-0.10729563,0.20393460988998413,0.09629663079977036,-0.10763797909021378
ALG10,ALG10,94,0.7253591,0.83266807,-0.107308984,0.2798183858394623,0.18134404718875885,-0.09847433865070343
RPRD1B,RPRD1B,95,0.7785323,0.88590145,-0.107369125,0.2369258850812912,0.12073351442813873,-0.11619237065315247
SEMG2,SEMG2,96,0.8079416,0.91535723,-0.10741562,0.2990264594554901,0.15031850337982178,-0.14870795607566833
MIR1234,MIR1234,96,0.8365185,0.9439379,-0.10741937,0.4007909297943115,0.1687210202217102,-0.23206990957260132
SLC33A1,SLC33A1,89,0.8346146,0.9421072,-0.107492626,0.3115982413291931,0.13989287614822388,-0.17170536518096924
SNORA40,SNORA40|ENSG00000212134.1,122,0.80244726,0.9100224,-0.10757512,0.26651453971862793,0.13468977808952332,-0.13182476162910461
C1orf101,C1orf101,102,0.76237005,0.8700191,-0.10764903,0.5175032019615173,0.2970898747444153,-0.22041332721710205
ARHGDIB,ARHGDIB,120,0.8000178,0.9077057,-0.10768795,0.6173703074455261,0.34364476799964905,-0.2737255394458771
WISP2,WISP2,105,0.7348401,0.84255856,-0.10771847,0.22184380888938904,0.12818199396133423,-0.09366181492805481
TNFRSF6B,TNFRSF6B,107,0.8072562,0.915035,-0.10777879,0.6062153577804565,0.28285714983940125,-0.3233582079410553
LRRC52,LRRC52,117,0.82148165,0.92928314,-0.1078015,0.4076767563819885,0.17651858925819397,-0.23115816712379456
NFS1,NFS1,104,0.7721139,0.8799768,-0.10786289,0.8585138916969299,0.4850764572620392,-0.37343743443489075
RN7SL563P,RN7SL563P,120,0.74150646,0.8493989,-0.10789245,0.6933525800704956,0.4595396816730499,-0.23381289839744568
DENND4B,DENND4B,94,0.63399005,0.7418992,-0.10790914,0.5649421811103821,0.40351516008377075,-0.16142702102661133
PHC1,PHC1,113,0.7713674,0.87935156,-0.107984185,0.4194827377796173,0.2071942239999771,-0.2122885137796402
PEX11B,PEX11B,110,0.74973327,0.85777414,-0.10804087,0.34449657797813416,0.21683982014656067,-0.1276567578315735
TGIF2,TGIF2,113,0.6510151,0.7590853,-0.108070195,1.29457426071167,0.9596160650253296,-0.33495819568634033
HPYR1,HPYR1,114,0.82928306,0.93736535,-0.108082294,0.38320380449295044,0.1544586420059204,-0.22874516248703003
LCE1D,LCE1D,97,0.8176131,0.92570245,-0.10808933,0.48770397901535034,0.2464851289987564,-0.24121885001659393
CLVS1,CLVS1,104,0.7940046,0.9021396,-0.108134985,0.5717666149139404,0.29947319626808167,-0.27229341864585876
DAP3,DAP3,100,0.8279246,0.9362888,-0.108364165,0.35379886627197266,0.1500691920518875,-0.20372967422008514
C5orf51,C5orf51,96,0.78925556,0.8978398,-0.108584225,0.26827552914619446,0.13513004779815674,-0.13314548134803772
CHMP4C,CHMP4C,96,0.779647,0.88834924,-0.10870224,0.6614624857902527,0.41043952107429504,-0.25102296471595764
COPS5,COPS5,91,0.8113297,0.9201444,-0.10881466,0.3116447329521179,0.14224252104759216,-0.16940221190452576
MIR3151,MIR3151,108,0.8270949,0.93591255,-0.10881764,0.22209621965885162,0.09009149670600891,-0.1320047229528427
MMP24,MMP24,117,0.8056817,0.9145588,-0.10887712,0.522746741771698,0.3212346136569977,-0.20151212811470032
PHF20L1,PHF20L1,111,0.8370055,0.94593215,-0.108926654,0.3716960549354553,0.14153650403022766,-0.23015955090522766
WWP1,WWP1,115,0.8205413,0.9295588,-0.10901749,0.28192761540412903,0.11992431432008743,-0.1620033010840416
RNA5SP270,RNA5SP270,107,0.81721616,0.9262552,-0.10903907,0.2793009877204895,0.12176475673913956,-0.15753623098134995
PCIF1,PCIF1,116,0.75702035,0.866073,-0.10905266,0.6073005795478821,0.42720702290534973,-0.18009355664253235
LINC00977,LINC00977,92,0.7464796,0.85554224,-0.10906267,0.7560325860977173,0.5441721677780151,-0.21186041831970215
CA3,CA3,109,0.85303736,0.96214473,-0.109107375,0.29812970757484436,0.08232447504997253,-0.21580523252487183
MGST3,MGST3,119,0.7461403,0.85525066,-0.109110355,0.47350695729255676,0.28681617975234985,-0.1866907775402069
CALB1,CALB1,112,0.8185801,0.92779434,-0.109214246,0.5115151405334473,0.2116163820028305,-0.29989875853061676
CEBPB,CEBPB,102,0.7429872,0.85227776,-0.10929054,0.3502708077430725,0.20835594832897186,-0.14191485941410065
FERD3L,FERD3L,89,0.5438122,0.6531508,-0.10933858,0.7794409990310669,0.6410581469535828,-0.13838285207748413
TTPAL,TTPAL,91,0.65098405,0.7603419,-0.109357834,0.393410325050354,0.2606562077999115,-0.1327541172504425
FBXO45,FBXO45,84,0.78316164,0.8927435,-0.10958189,0.6737016439437866,0.3654925525188446,-0.308209091424942
MIR922,MIR922,109,0.8048799,0.9144928,-0.10961288,0.24249233305454254,0.09968458116054535,-0.1428077518939972
LGR5,LGR5,84,0.4574519,0.56708425,-0.10963234,0.8423524498939514,0.7475234270095825,-0.0948290228843689
OSER1,OSER1,119,0.8417549,0.9513884,-0.109633505,0.38773462176322937,0.16422505676746368,-0.22350956499576569
snoU13,snoU13|ENSG00000238595.1,106,0.6856285,0.79529756,-0.10966909,0.5712732672691345,0.39444708824157715,-0.17682617902755737
SLC2A2,SLC2A2,108,0.8389073,0.9485829,-0.109675586,0.40719661116600037,0.19999516010284424,-0.20720145106315613
KIAA1429,KIAA1429,101,0.8139681,0.92368543,-0.10971731,0.41757383942604065,0.18500399589538574,-0.2325698435306549
CLDN1,CLDN1,117,0.8398388,0.94955766,-0.10971886,0.5809410214424133,0.22596195340156555,-0.3549790680408478
UBR5,UBR5,89,0.8392798,0.9490329,-0.10975313,0.2516157627105713,0.09577959030866623,-0.15583617240190506
STYK1,STYK1,108,0.8370464,0.9468286,-0.10978222,0.4244478940963745,0.18068648874759674,-0.24376140534877777
APH1A,APH1A,95,0.8480068,0.9578315,-0.10982472,0.24383226037025452,0.0772489458322525,-0.16658331453800201
LINC00346,LINC00346,103,0.5477801,0.657611,-0.109830916,0.5616537928581238,0.4826919436454773,-0.07896184921264648
PPP1R3D,PPP1R3D,102,0.7804245,0.890496,-0.11007154,0.6029118299484253,0.34378987550735474,-0.25912195444107056
IRF2BP2,IRF2BP2,94,0.78287417,0.8929864,-0.11011225,0.3256276249885559,0.1746046394109726,-0.1510229855775833
DNM3OS,DNM3OS,100,0.81104827,0.92122364,-0.11017537,0.5297940373420715,0.28698599338531494,-0.2428080439567566
GPRC5A,GPRC5A,97,0.74581194,0.8559952,-0.11018324,0.3973098695278168,0.24356193840503693,-0.15374793112277985
EFCAB8,EFCAB8,113,0.73094785,0.8411411,-0.11019325,0.6238541603088379,0.4171220362186432,-0.2067321240901947
C20ORF135,C20ORF135,92,0.82162815,0.9318464,-0.11021823,0.6649956107139587,0.33257272839546204,-0.3324228823184967
IQCJ,IQCJ,101,0.82090926,0.9311629,-0.11025363,0.39427411556243896,0.15942348539829254,-0.23485063016414642
MIR4677,MIR4677,94,0.7189965,0.8293221,-0.110325575,0.44803473353385925,0.28918761014938354,-0.1588471233844757
LINC00888,LINC00888,106,0.85312504,0.9636567,-0.11053169,0.41296666860580444,0.1667725294828415,-0.24619413912296295
TAS2R43,TAS2R43,111,0.8330982,0.9437034,-0.11060524,0.3762665390968323,0.13571296632289886,-0.2405535727739334
FABP5,FABP5,94,0.7525534,0.86316895,-0.11061555,0.3062026798725128,0.18997076153755188,-0.11623191833496094
MLF1,MLF1,93,0.72546864,0.83615285,-0.110684216,0.7053332328796387,0.5499239563941956,-0.15540927648544312
RN7SKP226,RN7SKP226,114,0.7637039,0.87444514,-0.11074126,0.32192307710647583,0.18629992008209229,-0.13562315702438354
MMP16,MMP16,99,0.8383148,0.9490923,-0.11077756,0.4551760256290436,0.1822926104068756,-0.27288341522216797
AQP10,AQP10,95,0.79257405,0.9034863,-0.11091226,0.3902861773967743,0.22465485334396362,-0.16563132405281067
FYB,FYB,83,0.65635806,0.76729196,-0.1109339,0.997173547744751,0.8012924194335938,-0.19588112831115723
RNY4P8,RNY4P8,101,0.46412444,0.57507455,-0.11095011,0.39150524139404297,0.32427099347114563,-0.06723424792289734
S100A11,S100A11,113,0.7539166,0.86494887,-0.11103225,0.3334309458732605,0.15360334515571594,-0.17982760071754456
PRKAA1,PRKAA1,101,0.72999096,0.8410269,-0.11103594,0.2333013266324997,0.14261682331562042,-0.09068450331687927
SLCO1B3,SLCO1B3,101,0.82574874,0.93683046,-0.11108172,0.39393559098243713,0.1643051654100418,-0.22963042557239532
TULP3,TULP3,92,0.70331985,0.8144981,-0.11117828,0.41136711835861206,0.26744604110717773,-0.14392107725143433
COMMD2,COMMD2,113,0.82888776,0.9401093,-0.11122155,0.4154353141784668,0.1687312126159668,-0.2467041015625
PIGC,PIGC,113,0.7767813,0.8880675,-0.11128616,0.2560132145881653,0.1365489810705185,-0.11946423351764679
NRROS,NRROS,96,0.79347867,0.904873,-0.111394346,0.24562592804431915,0.12907171249389648,-0.11655421555042267
L3MBTL1,L3MBTL1,112,0.7856604,0.8971036,-0.11144322,0.3779385983943939,0.19514665007591248,-0.18279194831848145
POLR2K,POLR2K,110,0.805888,0.9173472,-0.111459196,0.22933945059776306,0.11515070497989655,-0.11418874561786652
MIR1207,MIR1207,106,0.8251847,0.9366495,-0.1114648,0.31879764795303345,0.12446718662977219,-0.19433046132326126
EXT1,EXT1,107,0.81879115,0.93035734,-0.111566186,0.45537129044532776,0.2149876356124878,-0.24038365483283997
SNORA81,SNORA81|ENSG00000221420.2,113,0.82339,0.934979,-0.111589015,0.2309219390153885,0.10009487718343735,-0.13082706183195114
RAB3IP,RAB3IP,118,0.27329898,0.38489288,-0.1115939,0.25182846188545227,0.19626615941524506,-0.055562302470207214
CCDC132,CCDC132,106,0.61560625,0.7272023,-0.11159605,0.957531213760376,0.7285008430480957,-0.22903037071228027
snoU13,snoU13|ENSG00000243321.2,92,0.7816088,0.8932373,-0.11162847,0.28766173124313354,0.13866420090198517,-0.14899753034114838
ADCY10,ADCY10,99,0.75390536,0.86564153,-0.11173618,0.19579902291297913,0.11193498969078064,-0.08386403322219849
DPPA3,DPPA3,115,0.7802952,0.89208484,-0.111789644,0.8749692440032959,0.491328626871109,-0.3836406171321869
GPR20,GPR20,102,0.84536105,0.9571677,-0.11180663,0.3710649609565735,0.10769153386354446,-0.263373427093029
IL7R,IL7R,129,0.77024853,0.8820584,-0.11180985,0.3466843366622925,0.22932100296020508,-0.1173633337020874
SLC35F3,SLC35F3,99,0.7911502,0.9032532,-0.112102985,0.38590753078460693,0.20728600025177002,-0.17862153053283691
RNU105C,RNU105C,97,0.8274755,0.93971074,-0.11223525,0.5189275741577148,0.17021745443344116,-0.3487101197242737
RNA5SP267,RNA5SP267,113,0.80384785,0.91608584,-0.11223799,0.3933744430541992,0.17612086236476898,-0.21725358068943024
NACAP1,NACAP1,101,0.8362561,0.94852275,-0.11226666,0.41246163845062256,0.14306282997131348,-0.2693988084793091
CMAS,CMAS,108,0.6346226,0.7469023,-0.11227971,0.6637869477272034,0.4360765814781189,-0.22771036624908447
ZFP30,ZFP30,97,0.72399116,0.8362777,-0.11228657,0.8129486441612244,0.5292996168136597,-0.2836490273475647
VPS28,VPS28,114,0.8234642,0.9358061,-0.11234188,0.5009241700172424,0.1997336894273758,-0.30119048058986664
U8,U8|ENSG00000200191.1,104,0.77662504,0.8889843,-0.112359285,0.4529319107532501,0.27163809537887573,-0.1812938153743744
MIR2053,MIR2053,106,0.80601895,0.91842234,-0.11240339,0.3810768723487854,0.17186038196086884,-0.20921649038791656
FIP1L1,FIP1L1,113,0.052194502,0.16464917,-0.11245467,0.39465487003326416,0.4025682508945465,0.007913380861282349
RN7SL425P,RN7SL425P,111,0.8043304,0.91680306,-0.11247265,0.26248082518577576,0.11903572082519531,-0.14344510436058044
SEMG1,SEMG1,120,0.73469925,0.84724873,-0.112549484,0.7858943939208984,0.5641978979110718,-0.22169649600982666
RPRD2,RPRD2,88,0.65335715,0.7660012,-0.11264408,1.063586711883545,0.8146215677261353,-0.24896514415740967
COA6,COA6,101,0.6228214,0.73550916,-0.11268777,0.45836079120635986,0.36377277970314026,-0.0945880115032196
snoU13,snoU13|ENSG00000238901.1,88,0.72282654,0.8355172,-0.11269069,0.4858260452747345,0.3492187261581421,-0.1366073191165924
UQCRFS1,UQCRFS1,117,0.48180994,0.5945368,-0.11272684,0.7170521020889282,0.6133040189743042,-0.10374808311462402
MTERFD1,MTERFD1,101,0.8266576,0.93942726,-0.11276966,0.3219115138053894,0.12732373178005219,-0.19458778202533722
GPAA1,GPAA1,91,0.8115642,0.92444867,-0.11288446,0.2962700128555298,0.14020833373069763,-0.15606167912483215
BCL2L14,BCL2L14,94,0.82378846,0.9367535,-0.11296505,0.3812558948993683,0.15710188448429108,-0.2241540104150772
ATP5E,ATP5E,116,0.77098507,0.8840136,-0.11302853,0.3808826208114624,0.23703965544700623,-0.14384296536445618
LINC00535,LINC00535,105,0.8367402,0.94977844,-0.11303824,0.25165480375289917,0.08207905292510986,-0.1695757508277893
CCDC50,CCDC50,89,0.8396617,0.9527993,-0.1131376,0.25238728523254395,0.08724690973758698,-0.16514037549495697
AMN1,AMN1,94,0.76291186,0.8761637,-0.113251865,0.3605850338935852,0.2136020064353943,-0.14698302745819092
XKR4,XKR4,105,0.8301103,0.9434423,-0.11333197,0.32239511609077454,0.11378570646047592,-0.20860940963029861
EFCAB2,EFCAB2,93,0.7921148,0.90544915,-0.11333436,0.3034393787384033,0.14429844915866852,-0.1591409295797348
SDC2,SDC2,114,0.8116779,0.9250359,-0.11335802,0.26678216457366943,0.11322398483753204,-0.1535581797361374
GDF6,GDF6,111,0.84588826,0.9592505,-0.11336225,0.3327210247516632,0.09861882030963898,-0.23410220444202423
FAM92A1,FAM92A1,118,0.77893573,0.8923057,-0.11336994,0.47848960757255554,0.2902493178844452,-0.18824028968811035
SHOX2,SHOX2,123,0.8200499,0.93349075,-0.11344087,0.3861173093318939,0.15007559955120087,-0.23604170978069305
YY1AP1,YY1AP1,94,0.7597786,0.8733812,-0.11360258,0.3271498680114746,0.18310092389583588,-0.14404894411563873
SLC35C2,SLC35C2,88,0.7629373,0.87667876,-0.11374146,0.4277205467224121,0.2435617446899414,-0.1841588020324707
BRIX1,BRIX1,109,0.75147045,0.8652913,-0.11382085,0.4853341579437256,0.25760650634765625,-0.22772765159606934
RNA5SP480,RNA5SP480,104,0.7780361,0.8918648,-0.11382866,0.31014183163642883,0.152145117521286,-0.15799671411514282
GJA5,GJA5,102,0.7794962,0.8933278,-0.11383158,0.3279331922531128,0.17758376896381378,-0.150349423289299
RNA5SP272,RNA5SP272,83,0.7968874,0.9109033,-0.11401588,0.243463933467865,0.12003719061613083,-0.12342674285173416
TM4SF1,TM4SF1,94,0.7901774,0.90420514,-0.11402774,0.5018275380134583,0.24060292541980743,-0.2612246125936508
SLC12A5,SLC12A5,103,0.7667113,0.88082826,-0.11411697,0.3152453303337097,0.196549654006958,-0.11869567632675171
NCALD,NCALD,97,0.743214,0.85738766,-0.11417365,0.527234673500061,0.32036635279655457,-0.20686832070350647
REXO1L11P,REXO1L11P,119,0.8113943,0.9256604,-0.1142661,0.3707347810268402,0.15955202281475067,-0.21118275821208954
LY6D,LY6D,112,0.8376537,0.9519534,-0.114299715,0.31302788853645325,0.11224283277988434,-0.2007850557565689
A2M,A2M,85,0.8224257,0.93676394,-0.11433822,0.2031291127204895,0.07325376570224762,-0.12987534701824188
RBPJL,RBPJL,111,0.7627397,0.87709457,-0.11435485,0.39609479904174805,0.2293890416622162,-0.16670575737953186
TMTC1,TMTC1,97,0.48016044,0.5945248,-0.114364356,0.3765944540500641,0.32252007722854614,-0.054074376821517944
SLC13A3,SLC13A3,103,0.7894092,0.9038476,-0.114438355,0.5428958535194397,0.29295068979263306,-0.24994516372680664
PCYT1A,PCYT1A,84,0.7570313,0.8714703,-0.11443895,0.3815140128135681,0.22385337948799133,-0.15766063332557678
VWF,VWF,98,0.80957437,0.92402154,-0.11444718,0.40795284509658813,0.18044351041316986,-0.22750933468341827
KLHL7,KLHL7,109,0.42554757,0.5400322,-0.11448464,0.5663118362426758,0.46306344866752625,-0.10324838757514954
RN7SKP206,RN7SKP206,96,0.73240775,0.8469713,-0.114563525,0.590951144695282,0.3731384575366974,-0.2178126871585846
UBE2QL1,UBE2QL1,101,0.6948009,0.8093941,-0.11459321,0.45130655169487,0.2998027205467224,-0.15150383114814758
CPSF1,CPSF1,98,0.77309024,0.88772166,-0.114631414,0.48143452405929565,0.25172266364097595,-0.2297118604183197
C1orf229,C1orf229,101,0.80116874,0.91585517,-0.11468643,0.38894301652908325,0.17313486337661743,-0.21580815315246582
KLHDC8A,KLHDC8A,120,0.6886579,0.80336666,-0.11470878,0.5300199389457703,0.3661295175552368,-0.16389042139053345
MRGBP,MRGBP,113,0.7350763,0.8498937,-0.11481738,0.3886250853538513,0.225199893116951,-0.16342519223690033
KCNA1,KCNA1,98,0.78648376,0.9013418,-0.11485803,0.43543216586112976,0.24625210464000702,-0.18918006122112274
RN7SKP177,RN7SKP177,127,0.80365765,0.9185506,-0.11489296,0.28670990467071533,0.15572713315486908,-0.13098277151584625
FGF23,FGF23,123,0.7163308,0.83132434,-0.11499351,0.38437819480895996,0.2418217957019806,-0.14255639910697937
ACAP2,ACAP2,99,0.70956385,0.82472277,-0.115158916,0.42012903094291687,0.2366049438714981,-0.18352408707141876
RNA5SP487,RNA5SP487,107,0.7822975,0.8976729,-0.1153754,0.6272964477539062,0.35530754923820496,-0.2719888985157013
ADIPOR2,ADIPOR2,97,0.7923405,0.9077181,-0.115377605,0.8050313591957092,0.3916185796260834,-0.41341277956962585
WDR49,WDR49,92,0.79532784,0.9107062,-0.11537838,0.37404507398605347,0.18689551949501038,-0.1871495544910431
FBL,FBL,86,0.75329757,0.86875224,-0.115454674,0.6739912033081055,0.40942835807800293,-0.26456284523010254
NOV,NOV,101,0.80924606,0.92471546,-0.115469396,0.39246195554733276,0.1780427098274231,-0.21441924571990967
TCEB1,TCEB1,113,0.7090936,0.82457644,-0.11548287,0.5598171949386597,0.36984285712242126,-0.1899743378162384
AEBP2,AEBP2,98,0.5850912,0.70061386,-0.11552268,1.1385446786880493,0.8825294971466064,-0.25601518154144287
ADSS,ADSS,94,0.67663515,0.7922179,-0.115582764,0.7173956036567688,0.5037917494773865,-0.21360385417938232
GPR87,GPR87,100,0.7938116,0.90939796,-0.11558634,0.5214930176734924,0.2336898297071457,-0.28780318796634674
SPIDR,SPIDR,102,0.7194851,0.8350785,-0.115593374,0.4710600972175598,0.32558849453926086,-0.14547160267829895
MIR5194,MIR5194,115,0.84860736,0.964259,-0.11565167,0.2606373429298401,0.07621051371097565,-0.18442682921886444
SOX5,SOX5,100,0.6731731,0.7889292,-0.115756094,0.6832212209701538,0.484762042760849,-0.1984591782093048
TBL1XR1,TBL1XR1,102,0.8216736,0.9374465,-0.1157729,0.2573506236076355,0.09433691203594208,-0.16301371157169342
CAPSL,CAPSL,99,0.66287696,0.7786817,-0.11580473,0.33109837770462036,0.20600557327270508,-0.12509280443191528
PPP1R3B,PPP1R3B,103,0.7337901,0.8496094,-0.115819275,0.5305414199829102,0.3438049256801605,-0.18673649430274963
CPNE1,CPNE1,115,0.56673586,0.68260676,-0.11587089,1.0346157550811768,0.845038652420044,-0.1895771026611328
MIR3164,MIR3164,82,0.48768997,0.60363764,-0.115947664,1.8795291185379028,1.8495407104492188,-0.029988408088684082
SPATC1,SPATC1,107,0.81397724,0.929944,-0.11596674,0.49062949419021606,0.20736320316791534,-0.2832662910223007
MIR569,MIR569,114,0.78130126,0.8973438,-0.116042554,0.45339855551719666,0.23875808715820312,-0.21464046835899353
TAS2R7,TAS2R7,113,0.8244738,0.94059086,-0.11611706,0.4218173623085022,0.1546722948551178,-0.2671450674533844
LINC00489,LINC00489,106,0.81383044,0.93001974,-0.1161893,0.260129451751709,0.10726214200258255,-0.15286730974912643
KRT8P12,KRT8P12,92,0.8014224,0.91763055,-0.116208136,0.30105850100517273,0.13460923731327057,-0.16644926369190216
NANOGNB,NANOGNB,97,0.82827014,0.9444948,-0.11622465,0.5445959568023682,0.20704644918441772,-0.33754950761795044
SCARNA20,SCARNA20|ENSG00000253060.1,104,0.7896193,0.9059373,-0.11631799,0.28989705443382263,0.15317565202713013,-0.1367214024066925
TOP1MT,TOP1MT,110,0.8514238,0.96774673,-0.116322935,0.42936772108078003,0.10787268728017807,-0.32149503380060196
PI3,PI3,81,0.8363626,0.95281583,-0.11645323,0.1783258020877838,0.05541446432471275,-0.12291133776307106
PLBD1,PLBD1,108,0.76798373,0.88448787,-0.11650413,0.3864085376262665,0.2112763375043869,-0.17513220012187958
PPP1R42,PPP1R42,103,0.730009,0.84658605,-0.11657703,0.5483441352844238,0.33801257610321045,-0.21033155918121338
TCEA2,TCEA2,91,0.76805526,0.8846418,-0.116586566,0.4256535768508911,0.23756222426891327,-0.18809135258197784
LINC00501,LINC00501,98,0.81610113,0.9326891,-0.11658794,0.21140038967132568,0.07660231739282608,-0.1347980722784996
SPRR2B,SPRR2B,125,0.82490915,0.94156224,-0.116653085,0.19908706843852997,0.07025253772735596,-0.128834530711174
CPA3,CPA3,117,0.7315616,0.8483097,-0.116748095,0.38348478078842163,0.21647615730762482,-0.16700862348079681
MROH2B,MROH2B,101,0.806274,0.92319775,-0.11692375,0.5628419518470764,0.22115281224250793,-0.3416891396045685
CLEC2A,CLEC2A,100,0.7957361,0.91272765,-0.11699158,0.4008520245552063,0.1969805657863617,-0.2038714587688446
LINC00880,LINC00880,103,0.7683138,0.88539356,-0.117079735,0.3493535816669464,0.15367832779884338,-0.19567525386810303
SLC7A14,SLC7A14,113,0.7551854,0.8723906,-0.1172052,0.361549437046051,0.2273121178150177,-0.13423731923103333
KCNK9,KCNK9,99,0.7972529,0.9144745,-0.117221594,0.3695054054260254,0.16559594869613647,-0.20390945672988892
ATP13A3,ATP13A3,101,0.7907781,0.9080008,-0.11722273,0.37239354848861694,0.18106846511363983,-0.1913250833749771
ST8SIA1,ST8SIA1,93,0.7856802,0.90290296,-0.117222786,0.4545725882053375,0.2586228847503662,-0.1959497034549713
DERA,DERA,118,0.7852594,0.90254194,-0.11728251,0.3037548363208771,0.1539306789636612,-0.14982415735721588
RNY5P3,RNY5P3,107,0.81397915,0.9312756,-0.11729646,0.35447150468826294,0.18673472106456757,-0.16773678362369537
LEPREL2,LEPREL2,82,0.8379059,0.9552165,-0.11731064,0.4183964729309082,0.13871608674526215,-0.27968038618564606
KCNA5,KCNA5,98,0.80384976,0.9212143,-0.117364526,0.439333438873291,0.18470153212547302,-0.254631906747818
RN7SL396P,RN7SL396P,110,0.8117681,0.9291536,-0.11738551,0.28799742460250854,0.1248316615819931,-0.16316576302051544
SNORA40,SNORA40|ENSG00000212273.1,121,0.60410374,0.72151834,-0.11741459,0.6970850825309753,0.5187029838562012,-0.17838209867477417
ZNF34,ZNF34,119,0.8386197,0.9561897,-0.11756998,0.3953750431537628,0.1395573616027832,-0.2558176815509796
PUF60,PUF60,97,0.79011923,0.90773404,-0.117614806,0.4762512147426605,0.2201632261276245,-0.256087988615036
B3GALNT2,B3GALNT2,90,0.7414273,0.85908633,-0.11765903,0.30515986680984497,0.18478251993656158,-0.12037734687328339
TAPBPL,TAPBPL,128,0.82439595,0.9420567,-0.11766076,0.7277541756629944,0.3416687846183777,-0.3860853910446167
BCL6,BCL6,113,0.78688574,0.9049111,-0.11802536,0.22651219367980957,0.11835681647062302,-0.10815537720918655
MSC,MSC,94,0.84846777,0.96669847,-0.1182307,0.4134944677352905,0.10092577338218689,-0.31256869435310364
SNORD112,SNORD112|ENSG00000252434.1,129,0.79229313,0.91056764,-0.11827451,0.2399231344461441,0.10830629616975784,-0.13161683827638626
ACTL10,ACTL10,87,0.74218464,0.8605357,-0.11835104,0.5426141023635864,0.3192656934261322,-0.22334840893745422
ANKRD46,ANKRD46,98,0.7550809,0.8734436,-0.118362725,0.28903666138648987,0.1695767045021057,-0.11945995688438416
LINC00964,LINC00964,108,0.7867293,0.90513074,-0.11840147,0.530971109867096,0.2883150577545166,-0.24265605211257935
AKT3,AKT3,106,0.78473103,0.90314686,-0.11841583,0.46704038977622986,0.2202112227678299,-0.24682916700839996
SNX27,SNX27,102,0.84717214,0.96566314,-0.118490994,0.37368273735046387,0.11975210905075073,-0.25393062829971313
MIR720,MIR720,107,0.7563663,0.8749631,-0.11859679,0.4219568967819214,0.24317221343517303,-0.17878468334674835
ZSWIM3,ZSWIM3,98,0.7908447,0.9094458,-0.11860114,0.3239361047744751,0.1636522263288498,-0.1602838784456253
CEBPD,CEBPD,87,0.7079868,0.8266052,-0.11861843,0.3457094728946686,0.2063538283109665,-0.1393556445837021
CLSTN3,CLSTN3,120,0.82321835,0.9418446,-0.11862624,0.32616132497787476,0.12984590232372284,-0.19631542265415192
OGFR,OGFR,92,0.70107114,0.81971794,-0.1186468,0.2333735227584839,0.14621160924434662,-0.08716191351413727
MFI2,MFI2,90,0.7563218,0.8750062,-0.11868441,0.31197604537010193,0.18327142298221588,-0.12870462238788605
FSBP,FSBP,108,0.81320655,0.9319422,-0.11873567,0.28828155994415283,0.12150255590677261,-0.16677900403738022
BPIFB2,BPIFB2,131,0.6750588,0.79383075,-0.11877197,0.39559900760650635,0.2656146287918091,-0.12998437881469727
RN7SKP85,RN7SKP85,107,0.8058031,0.92458624,-0.11878312,0.34178343415260315,0.15776251256465912,-0.18402092158794403
PDZD2,PDZD2,96,0.7241386,0.84296775,-0.11882913,0.47478923201560974,0.3242616355419159,-0.15052759647369385
RALY,RALY,100,0.7890022,0.90803385,-0.11903167,0.39759236574172974,0.19349895417690277,-0.20409341156482697
HES1,HES1,107,0.7976951,0.9168623,-0.11916721,0.3423956632614136,0.15760914981365204,-0.18478651344776154
DECR1,DECR1,98,0.82824534,0.94745666,-0.119211316,0.3670940697193146,0.1277594119310379,-0.23933465778827667
UCKL1,UCKL1,100,0.6422588,0.7614957,-0.11923689,0.45172175765037537,0.3088012635707855,-0.14292049407958984
KIAA0907,KIAA0907,106,0.8291158,0.9483942,-0.11927837,0.5275064706802368,0.188998743891716,-0.3385077267885208
LINC00029,LINC00029,91,0.74848425,0.8678122,-0.11932796,0.4241121709346771,0.23776806890964508,-0.18634410202503204
MIR3137,MIR3137,112,0.78868246,0.90804297,-0.11936051,0.3468790650367737,0.184629887342453,-0.16224917769432068
U8,U8|ENSG00000212144.1,126,0.740094,0.859487,-0.11939299,0.37966397404670715,0.20778648555278778,-0.17187748849391937
PTX3,PTX3,95,0.81681406,0.93620896,-0.1193949,0.3789491057395935,0.15208850800991058,-0.22686059772968292
E2F5,E2F5,118,0.7713878,0.8908198,-0.11943197,0.47016817331314087,0.2390737235546112,-0.23109444975852966
KCNS1,KCNS1,118,0.7329175,0.8523511,-0.11943364,1.0297127962112427,0.6794054508209229,-0.3503073453903198
THEM4,THEM4,106,0.7864992,0.905974,-0.11947477,0.277384877204895,0.14720241725444794,-0.13018245995044708
HEY1,HEY1,118,0.8367508,0.9562451,-0.11949432,0.272391676902771,0.08239062130451202,-0.19000105559825897
ZFP36,ZFP36,107,0.4602208,0.5797362,-0.11951536,0.26687929034233093,0.18654322624206543,-0.0803360641002655
IKBKB,IKBKB,110,0.47531968,0.59488237,-0.119562685,1.2375168800354004,1.0062211751937866,-0.23129570484161377
TAF4,TAF4,118,0.7912253,0.9108341,-0.11960876,0.49320024251937866,0.2418818324804306,-0.25131841003894806
ZNF596,ZNF596,106,0.60549504,0.72519445,-0.11969942,0.5526728630065918,0.4012164771556854,-0.15145638585090637
KLHL38,KLHL38,102,0.8100097,0.92972475,-0.119715035,0.29699188470840454,0.13131028413772583,-0.1656816005706787
HSF1,HSF1,109,0.7721346,0.89190215,-0.11976755,0.43486952781677246,0.21261565387248993,-0.22225387394428253
NTSR1,NTSR1,100,0.7506661,0.870439,-0.11977291,0.48786041140556335,0.2712189555168152,-0.21664145588874817
MUC4,MUC4,113,0.7993245,0.9191484,-0.11982387,0.24970659613609314,0.10759251564741135,-0.1421140804886818
DGAT1,DGAT1,94,0.82279027,0.9426376,-0.11984736,0.485087126493454,0.16004042327404022,-0.32504670321941376
TPM3,TPM3,113,0.7691575,0.8890095,-0.11985195,0.41241803765296936,0.2175513058900833,-0.19486673176288605
TIGD5,TIGD5,92,0.7522802,0.8721443,-0.119864106,0.4668467044830322,0.25990402698516846,-0.20694267749786377
MFSD3,MFSD3,103,0.82080954,0.94091094,-0.12010139,0.3739776909351349,0.13249877095222473,-0.24147891998291016
MIR4470,MIR4470,103,0.7613279,0.8815754,-0.12024748,0.6964576244354248,0.36765649914741516,-0.32880112528800964
CCDC26,CCDC26,104,0.80753815,0.9278127,-0.120274544,0.45699426531791687,0.2068375051021576,-0.2501567602157593
RNA5SP271,RNA5SP271,122,0.82460546,0.9449363,-0.12033081,0.5698041319847107,0.1660480946302414,-0.4037560373544693
RAB25,RAB25,123,0.7351874,0.8555705,-0.120383084,0.3745993971824646,0.22262263298034668,-0.15197676420211792
MIR489,MIR489,109,0.53775907,0.6581664,-0.12040734,0.3641047775745392,0.27980005741119385,-0.08430472016334534
ERGIC3,ERGIC3,106,0.7586546,0.879346,-0.12069142,0.2964325249195099,0.16833579540252686,-0.12809672951698303
FAM43A,FAM43A,111,0.8236947,0.9444321,-0.120737374,0.26833081245422363,0.08983604609966278,-0.17849476635456085
C1S,C1S,104,0.7690629,0.8898297,-0.12076682,0.5115945339202881,0.2820034921169281,-0.22959104180335999
RRM2B,RRM2B,99,0.67137736,0.7922666,-0.12088925,0.5010721683502197,0.35779455304145813,-0.1432776153087616
SPTSSB,SPTSSB,105,0.8049633,0.925889,-0.120925725,0.45359566807746887,0.19209565222263336,-0.2615000158548355
ZHX2,ZHX2,107,0.7946974,0.9156343,-0.12093687,0.2835254967212677,0.1388828307390213,-0.1446426659822464
LINC00302,LINC00302,106,0.7954929,0.9164763,-0.12098342,0.39072421193122864,0.1734580099582672,-0.21726620197296143
CA1,CA1,94,0.79735273,0.9184252,-0.12107247,0.2142300307750702,0.09750610589981079,-0.1167239248752594
MIR3150B,MIR3150B,118,0.824627,0.945802,-0.12117499,0.404812753200531,0.15111565589904785,-0.25369709730148315
FCGR2A,FCGR2A,103,0.8486059,0.9698741,-0.12126821,0.19908156991004944,0.044833309948444366,-0.15424825996160507
TP53INP1,TP53INP1,83,0.8337847,0.9551093,-0.1213246,0.2930171489715576,0.08127693086862564,-0.21174021810293198
RNA5SP277,RNA5SP277,118,0.79072756,0.91207176,-0.12134421,0.5672134160995483,0.25397196412086487,-0.31324145197868347
RORC,RORC,86,0.844397,0.9658135,-0.12141651,0.23866644501686096,0.05952766165137291,-0.17913878336548805
RN7SL329P,RN7SL329P,95,0.75303763,0.8744658,-0.12142819,0.31819358468055725,0.18924550712108612,-0.12894807755947113
RN7SL41P,RN7SL41P,101,0.7194957,0.84092885,-0.12143314,0.5391544103622437,0.36517104506492615,-0.1739833652973175
NECAP1,NECAP1,104,0.8556434,0.97723734,-0.12159395,0.5301313996315002,0.118214450776577,-0.41191694885492325
ATN1,ATN1,105,0.78414094,0.9058447,-0.121703744,0.3757447302341461,0.16494235396385193,-0.2108023762702942
CLEC4C,CLEC4C,117,0.8390004,0.96070594,-0.12170553,0.36709532141685486,0.11088632792234421,-0.25620899349451065
NANOGP1,NANOGP1,91,0.84558064,0.967368,-0.12178737,0.3521347939968109,0.07442441582679749,-0.2777103781700134
snoU13,snoU13|ENSG00000238656.1,112,0.8274507,0.94935244,-0.12190175,0.3369275629520416,0.14267471432685852,-0.1942528486251831
FBXO32,FBXO32,108,0.8164622,0.9383761,-0.12191391,0.3751445710659027,0.14665135741233826,-0.22849321365356445
WISP1,WISP1,106,0.817182,0.9391317,-0.12194967,0.3817827105522156,0.1605026125907898,-0.22128009796142578
PTK2,PTK2,124,0.798858,0.9209374,-0.12207943,0.3512638807296753,0.14967426657676697,-0.20158961415290833
GHSR,GHSR,106,0.8182604,0.9405064,-0.12224603,0.34010130167007446,0.144385427236557,-0.19571587443351746
ADAR,ADAR,102,0.8450017,0.96732247,-0.12232077,0.15563631057739258,0.03532223403453827,-0.12031407654285431
THEM6,THEM6,112,0.8056989,0.92810804,-0.122409165,0.4185045659542084,0.16136442124843597,-0.2571401447057724
SNORA63,SNORA63|ENSG00000201229.1,101,0.83073676,0.95320165,-0.122464895,0.364346444606781,0.19881264865398407,-0.16553379595279694
TEAD4,TEAD4,103,0.7095655,0.8320678,-0.12250227,0.34758898615837097,0.2310204952955246,-0.11656849086284637
PLCH1,PLCH1,102,0.8145336,0.9370395,-0.1225059,0.32025423645973206,0.11153162270784378,-0.20872261375188828
MIR3686,MIR3686,110,0.72412425,0.84665066,-0.12252641,0.40233588218688965,0.26026299595832825,-0.1420728862285614
TPD52L2,TPD52L2,96,0.72226703,0.84485185,-0.12258482,0.3314954340457916,0.19822685420513153,-0.1332685798406601
GDAP1,GDAP1,111,0.8481252,0.97083217,-0.12270695,0.2715681493282318,0.05253560096025467,-0.21903254836797714
DCSTAMP,DCSTAMP,113,0.82297665,0.9457058,-0.12272912,0.36162009835243225,0.12422138452529907,-0.23739871382713318
KIF26B,KIF26B,124,0.7219284,0.8446693,-0.122740865,0.59334796667099,0.36407509446144104,-0.22927287220954895
RNF168,RNF168,102,0.8248929,0.9476751,-0.12278223,0.5141331553459167,0.17885902523994446,-0.3352741301059723
PXDNL,PXDNL,92,0.7082419,0.8312268,-0.122984946,0.41519036889076233,0.26118096709251404,-0.1540094017982483
PSMD3,PSMD3,96,0.42279834,0.54582334,-0.123025,0.2011384814977646,0.16018807888031006,-0.04095040261745453
RN7SKP173,RN7SKP173,122,0.82033414,0.9433881,-0.12305397,0.2644447684288025,0.10097033530473709,-0.1634744331240654
RDH10,RDH10,85,0.71733695,0.8405251,-0.12318814,0.25727760791778564,0.16572833061218262,-0.09154927730560303
LINC00659,LINC00659,93,0.7487464,0.872016,-0.12326962,0.5448956489562988,0.2900082468986511,-0.2548874020576477
PSMC4,PSMC4,92,0.44876868,0.5720739,-0.1233052,0.5236902832984924,0.4313610792160034,-0.09232920408248901
PRB2,PRB2,111,0.83572406,0.9591323,-0.12340826,0.523484468460083,0.13921621441841125,-0.38426825404167175
DPM1,DPM1,109,0.7800052,0.9034389,-0.12343371,0.49500754475593567,0.22777648270130157,-0.2672310620546341
C12orf4,C12orf4,93,0.75813526,0.88162804,-0.12349278,0.583718478679657,0.2890810966491699,-0.29463738203048706
SNORD5,SNORD5|ENSG00000238854.1,90,0.8152004,0.938697,-0.12349659,0.3170706331729889,0.12891091406345367,-0.18815971910953522
MIR486,MIR486,109,0.6053682,0.7289627,-0.12359452,0.31006762385368347,0.23681877553462982,-0.07324884831905365
SLC2A14,SLC2A14,102,0.70761764,0.831354,-0.12373638,0.8278571367263794,0.52405846118927,-0.3037986755371094
GNB4,GNB4,114,0.7357195,0.85951144,-0.12379193,0.2769719958305359,0.19157764315605164,-0.08539435267448425
CRTC2,CRTC2,105,0.83169204,0.95548785,-0.12379581,0.4231663942337036,0.14336104691028595,-0.27980534732341766
DCP1B,DCP1B,116,0.6034852,0.7272945,-0.12380928,0.813251256942749,0.6102386116981506,-0.2030126452445984
ZNF707,ZNF707,107,0.78164846,0.90558976,-0.1239413,0.48920804262161255,0.23916499316692352,-0.250043049454689
OR2G2,OR2G2,92,0.5109621,0.6349386,-0.12397647,0.542005717754364,0.43291908502578735,-0.10908663272857666
PSCA,PSCA,108,0.7947495,0.91873723,-0.123987734,0.26776328682899475,0.12253803014755249,-0.14522525668144226
FAM203A,FAM203A,85,0.7775438,0.9015374,-0.123993635,0.37187492847442627,0.17389826476573944,-0.19797666370868683
ZMAT3,ZMAT3,92,0.8183717,0.94240063,-0.12402892,0.4720337390899658,0.16401660442352295,-0.30801713466644287
RN7SL600P,RN7SL600P,118,0.74303,0.86721534,-0.12418532,0.41773077845573425,0.2664428949356079,-0.15128788352012634
TOMM40L,TOMM40L,115,0.67626446,0.80052644,-0.124261975,0.5475669503211975,0.38353124260902405,-0.16403570771217346
TP53TG5,TP53TG5,95,0.84107244,0.9655755,-0.124503076,0.49903079867362976,0.10373040288686752,-0.39530039578676224
YWHAB,YWHAB,100,0.6834681,0.8080595,-0.12459141,0.8244670629501343,0.6744931936264038,-0.14997386932373047
PPP1R16B,PPP1R16B,115,0.791839,0.9164682,-0.1246292,0.49625301361083984,0.21188285946846008,-0.28437015414237976
PAK2,PAK2,105,0.8129801,0.9376406,-0.12466049,0.41624072194099426,0.15455742180347443,-0.26168330013751984
FMN2,FMN2,102,0.7849565,0.90970975,-0.12475324,0.38461440801620483,0.17678216099739075,-0.2078322470188141
BPIFA4P,BPIFA4P,85,0.7552946,0.88006103,-0.12476641,0.36297011375427246,0.1687544882297516,-0.19421562552452087
RN7SL666P,RN7SL666P,103,0.83526415,0.9601157,-0.124851525,0.32368144392967224,0.08922098577022552,-0.23446045815944672
LAMP3,LAMP3,119,0.7825158,0.9074325,-0.12491667,0.45223742723464966,0.2856866717338562,-0.16655075550079346
GYS2,GYS2,93,0.8010454,0.9260144,-0.124969006,0.43271908164024353,0.19382384419441223,-0.2388952374458313
CDH9,CDH9,96,0.5676868,0.69270265,-0.12501585,0.3770247995853424,0.2621307671070099,-0.11489403247833252
LINC00970,LINC00970,111,0.82011616,0.94513726,-0.1250211,0.24439354240894318,0.07817243784666061,-0.16622110456228256
ENPP2,ENPP2,108,0.5693443,0.69455254,-0.12520826,0.7005625367164612,0.5239134430885315,-0.1766490936279297
MROH9,MROH9,117,0.795144,0.9204357,-0.1252917,0.2995174527168274,0.12708979845046997,-0.17242765426635742
VCPIP1,VCPIP1,107,0.6908379,0.81613404,-0.12529612,0.36782151460647583,0.22961537539958954,-0.1382061392068863
C3orf55,C3orf55,118,0.8078609,0.9331966,-0.1253357,0.5417944192886353,0.22072024643421173,-0.3210741728544235
KRIT1,KRIT1,112,0.5747604,0.7001271,-0.12536675,0.3577049672603607,0.26880910992622375,-0.08889585733413696
FGF19,FGF19,93,0.39463156,0.5200256,-0.12539405,1.2450776100158691,1.1663925647735596,-0.07868504524230957
C1orf110,C1orf110,115,0.6788112,0.80427927,-0.12546808,0.3032146394252777,0.19332091510295868,-0.10989372432231903
TMEM67,TMEM67,106,0.81105477,0.9368194,-0.12576461,0.7108622193336487,0.271406352519989,-0.43945586681365967
PIK3CA,PIK3CA,127,0.7954239,0.9212027,-0.1257788,0.37693116068840027,0.21663525700569153,-0.16029590368270874
PSMB4,PSMB4,102,0.7819549,0.90778387,-0.12582898,0.28119373321533203,0.10135562717914581,-0.17983810603618622
TAS2R13,TAS2R13,103,0.75106305,0.87695,-0.12588698,0.29022571444511414,0.15690144896507263,-0.1333242654800415
OSR2,OSR2,94,0.7762908,0.9023262,-0.12603545,0.5358297228813171,0.249815434217453,-0.28601428866386414
CRCT1,CRCT1,89,0.8387237,0.964861,-0.12613726,0.2760387063026428,0.07228811085224152,-0.2037505954504013
PKIA,PKIA,94,0.8438316,0.96997696,-0.12614536,0.24838638305664062,0.06545761972665787,-0.18292876332998276
GABARAPL1,GABARAPL1,107,0.8103728,0.93652695,-0.12615412,0.619652509689331,0.25207969546318054,-0.3675728142261505
PARD6B,PARD6B,105,0.71348804,0.83966,-0.12617195,0.44253048300743103,0.2750391960144043,-0.16749128699302673
TAS2R14,TAS2R14,105,0.7832783,0.9094804,-0.1262021,0.3102211654186249,0.15755869448184967,-0.1526624709367752
TCEA1,TCEA1,104,0.75940794,0.8856651,-0.12625718,0.3251799941062927,0.16799475252628326,-0.15718524158000946
LINC00881,LINC00881,112,0.8013594,0.92762196,-0.12626255,0.3198474049568176,0.1313311755657196,-0.18851622939109802
LBP,LBP,111,0.6720241,0.79847705,-0.12645298,0.3539779484272003,0.21860313415527344,-0.13537481427192688
MCF2L2,MCF2L2,98,0.82793343,0.9544136,-0.12648016,0.2569516897201538,0.07987429946660995,-0.17707739025354385
GOLIM4,GOLIM4,107,0.8136653,0.9402459,-0.12658066,0.30991604924201965,0.11447720974683762,-0.19543883949518204
B4GALNT3,B4GALNT3,109,0.70542616,0.8320205,-0.12659436,0.24868464469909668,0.14871500432491302,-0.09996964037418365
FLG2,FLG2,99,0.7496121,0.87628186,-0.12666976,0.2785591185092926,0.1150905042886734,-0.1634686142206192
OR10J3,OR10J3,87,0.8192029,0.9458762,-0.12667328,0.3099403381347656,0.10084999352693558,-0.20909034460783005
RN7SL861P,RN7SL861P,102,0.76216125,0.8888437,-0.12668246,0.39416441321372986,0.19654317200183868,-0.19762124121189117
BGLAP,BGLAP,109,0.7104455,0.83718127,-0.12673575,0.7430784702301025,0.4566676914691925,-0.28641077876091003
CCDC77,CCDC77,108,0.8015013,0.9283194,-0.12681812,0.6778339147567749,0.29788535833358765,-0.37994855642318726
SNORD65,SNORD65|ENSG00000212264.1,104,0.6505096,0.7773609,-0.12685132,0.48871728777885437,0.33607351779937744,-0.15264376997947693
MRPL47,MRPL47,100,0.8003152,0.9272239,-0.12690872,0.4327976107597351,0.21912436187267303,-0.21367324888706207
snoU13,snoU13|ENSG00000271842.1,98,0.73971516,0.8666645,-0.12694937,0.5024895668029785,0.31738951802253723,-0.18510004878044128
UTP23,UTP23,91,0.79705226,0.9240199,-0.12696761,0.5860599279403687,0.25602033734321594,-0.3300395905971527
NUAK2,NUAK2,113,0.69066435,0.8176971,-0.12703276,0.27962592244148254,0.17288851737976074,-0.1067374050617218
GDAP1L1,GDAP1L1,87,0.82433337,0.9514562,-0.12712282,0.3634002208709717,0.10362187772989273,-0.25977834314107895
RXFP4,RXFP4,112,0.8246844,0.95184904,-0.12716466,0.35948655009269714,0.12500740587711334,-0.2344791442155838
C5orf34,C5orf34,86,0.63968897,0.76697224,-0.12728328,0.3196438252925873,0.21027573943138123,-0.10936808586120605
HCN3,HCN3,108,0.7416076,0.868981,-0.1273734,0.585196852684021,0.32860127091407776,-0.25659558176994324
RN7SL590P,RN7SL590P,103,0.7994648,0.9268704,-0.12740558,0.2510946989059448,0.12488503009080887,-0.12620966881513596
CASC8,CASC8,115,0.7394593,0.86687434,-0.12741506,0.34736141562461853,0.17120960354804993,-0.1761518120765686
FAM83H,FAM83H,107,0.77536076,0.9028204,-0.12745965,0.41767817735671997,0.1871272474527359,-0.23055092990398407
TMCO1,TMCO1,107,0.8162325,0.9437625,-0.12752998,0.3088358938694,0.11054772883653641,-0.19828816503286362
RIIAD1,RIIAD1,103,0.799221,0.9267694,-0.1275484,0.3890569508075714,0.19248147308826447,-0.19657547771930695
CHRNB2,CHRNB2,107,0.7971736,0.92485845,-0.12768483,0.3941124677658081,0.1581096053123474,-0.2360028624534607
NPR3,NPR3,104,0.6324679,0.7601734,-0.12770545,0.21727262437343597,0.14266914129257202,-0.07460348308086395
CLEC4D,CLEC4D,98,0.83938384,0.96718067,-0.12779683,0.4432193636894226,0.1238643005490303,-0.3193550631403923
SNORA7,SNORA7|ENSG00000201316.1,89,0.8030188,0.9309372,-0.12791836,0.2274758666753769,0.08582421392202377,-0.14165165275335312
RNA5SP151,RNA5SP151,112,0.78126425,0.9092216,-0.12795734,0.4332466125488281,0.1908074915409088,-0.2424391210079193
MPZL1,MPZL1,93,0.79885507,0.9268918,-0.12803674,0.2959423363208771,0.11320452392101288,-0.1827378123998642
ATP1B1,ATP1B1,111,0.77692205,0.90499926,-0.12807721,0.3324797451496124,0.1491546630859375,-0.18332508206367493
ZNF623,ZNF623,117,0.8091218,0.9373242,-0.12820244,0.5346060991287231,0.21226972341537476,-0.3223363757133484
LMLN,LMLN,98,0.7769142,0.905224,-0.12830985,0.49773430824279785,0.18747051060199738,-0.3102637976408005
CLEC4A,CLEC4A,97,0.7519032,0.88028646,-0.12838328,0.4085771143436432,0.21616855263710022,-0.19240856170654297
TM9SF4,TM9SF4,103,0.7858255,0.9142652,-0.12843972,0.21404583752155304,0.07350856810808182,-0.14053726941347122
SEPP1,SEPP1,107,0.6359465,0.7644217,-0.12847519,0.5140060782432556,0.3866412937641144,-0.12736478447914124
RGS20,RGS20,113,0.68922406,0.817827,-0.12860292,0.7070517539978027,0.42796409130096436,-0.2790876626968384
RNA5SP355,RNA5SP355,115,0.7368253,0.86543226,-0.12860698,0.7067674994468689,0.385034441947937,-0.3217330574989319
WFDC6,WFDC6,98,0.8202957,0.94902056,-0.12872487,0.2979716956615448,0.0877905786037445,-0.2101811170578003
PEX19,PEX19,118,0.8213009,0.9500334,-0.1287325,0.30440792441368103,0.09754820168018341,-0.20685972273349762
ZBTB7B,ZBTB7B,105,0.7760118,0.9047807,-0.12876886,0.24681369960308075,0.10712946206331253,-0.13968423753976822
ECM1,ECM1,104,0.69932,0.8283122,-0.1289922,0.4033692479133606,0.2513332664966583,-0.15203598141670227
SCRT1,SCRT1,86,0.725419,0.854412,-0.12899303,0.3740159869194031,0.21964678168296814,-0.15436920523643494
FBXO4,FBXO4,101,0.68224764,0.8113422,-0.12909454,0.5527126789093018,0.35896390676498413,-0.19374877214431763
ADAM18,ADAM18,113,0.56514215,0.69424826,-0.1291061,0.582217812538147,0.4557196795940399,-0.12649813294410706
NOP2,NOP2,90,0.8300783,0.9592712,-0.12919289,0.7523508071899414,0.2995520830154419,-0.4527987241744995
MLF2,MLF2,95,0.7883438,0.9175994,-0.1292556,0.39927491545677185,0.1458970457315445,-0.25337786972522736
DBNDD2,DBNDD2,108,0.7089015,0.83816737,-0.12926584,1.3683576583862305,0.8904188871383667,-0.47793877124786377
FCER1G,FCER1G,109,0.7516779,0.88097745,-0.12929958,0.3912397623062134,0.23179620504379272,-0.15944355726242065
LCE1C,LCE1C,110,0.8300794,0.9593942,-0.12931484,0.22718186676502228,0.06358601152896881,-0.16359585523605347
RN7SKP33,RN7SKP33,89,0.70864,0.837971,-0.129331,0.3901738226413727,0.23279519379138947,-0.15737862884998322
LIME1,LIME1,106,0.5339019,0.66331035,-0.12940848,0.5182474851608276,0.3627433180809021,-0.15550416707992554
PREX1,PREX1,115,0.7716438,0.90136,-0.12971616,0.3239578902721405,0.15174837410449982,-0.17220951616764069
SNORD112,SNORD112|ENSG00000252740.1,111,0.73806536,0.8678082,-0.12974286,0.4345206320285797,0.23194298148155212,-0.2025776505470276
RNA5SP276,RNA5SP276,110,0.7931666,0.92292225,-0.12975568,0.2704356610774994,0.11013252288103104,-0.16030313819646835
CPN2,CPN2,108,0.7416863,0.8715779,-0.12989163,0.2696398198604584,0.14722348749637604,-0.12241633236408234
COL22A1,COL22A1,117,0.8046303,0.9346151,-0.1299848,0.39390185475349426,0.16226735711097717,-0.2316344976425171
S100A3,S100A3,98,0.8192154,0.9492387,-0.1300233,0.2643333077430725,0.0783776342868805,-0.18595567345619202
SNTA1,SNTA1,105,0.7924026,0.9224453,-0.13004267,0.6741307377815247,0.294082373380661,-0.38004836440086365
ATP6V0D2,ATP6V0D2,119,0.7862407,0.91629183,-0.13005114,0.3689924478530884,0.15851174294948578,-0.2104807049036026
CADM3,CADM3,110,0.7980432,0.9280983,-0.13005513,0.2520539164543152,0.09654328972101212,-0.15551062673330307
P2RY13,P2RY13,111,0.75181854,0.8819053,-0.13008678,0.6072962880134583,0.3098438084125519,-0.29745247960090637
RNA5SP359,RNA5SP359,92,0.5224722,0.6526329,-0.13016069,1.2875263690948486,0.9983590841293335,-0.28916728496551514
RHPN1,RHPN1,120,0.76767594,0.89796245,-0.13028651,0.4210628271102905,0.20486488938331604,-0.2161979377269745
C8orf47,C8orf47,102,0.8370641,0.9674487,-0.13038462,0.43916043639183044,0.1364879310131073,-0.30267250537872314
snoU13,snoU13|ENSG00000238566.1,92,0.7097459,0.8401335,-0.1303876,0.703090488910675,0.4019024074077606,-0.30118808150291443
RN7SL170P,RN7SL170P,102,0.7047772,0.8351689,-0.13039172,0.5546758770942688,0.34851568937301636,-0.20616018772125244
SNORA63,SNORA63|ENSG00000200320.1,118,0.7852741,0.9158024,-0.13052833,0.261787086725235,0.10167743265628815,-0.16010965406894684
PIGM,PIGM,127,0.73051727,0.8611091,-0.13059181,0.42651769518852234,0.2375897765159607,-0.18892791867256165
CHCHD7,CHCHD7,88,0.75550884,0.88611484,-0.130606,0.382607102394104,0.19387106597423553,-0.18873603641986847
IL6R,IL6R,96,0.8321403,0.9628442,-0.13070387,0.4934166669845581,0.16194769740104675,-0.33146896958351135
RUSC1,RUSC1,101,0.7242665,0.85501426,-0.13074774,0.5363066792488098,0.32538166642189026,-0.21092501282691956
SNORD36,SNORD36|ENSG00000252227.1,112,0.77318287,0.9040277,-0.13084483,0.4727828800678253,0.19461406767368317,-0.27816881239414215
TERC,TERC,88,0.7914422,0.9222917,-0.13084948,0.4373173415660858,0.24203014373779297,-0.19528719782829285
FAM91A1,FAM91A1,95,0.7380743,0.8689827,-0.13090837,0.42420369386672974,0.2532109320163727,-0.17099276185035706
SDR16C5,SDR16C5,103,0.707927,0.83889216,-0.13096517,0.4800872802734375,0.28814390301704407,-0.19194337725639343
ANKRD60,ANKRD60,109,0.7521214,0.88315356,-0.13103217,0.7753775119781494,0.425419420003891,-0.3499580919742584
GHR,GHR,112,0.635499,0.7666619,-0.13116288,0.228744238615036,0.13452519476413727,-0.09421904385089874
SDC4,SDC4,108,0.69046736,0.82174355,-0.13127619,0.22092503309249878,0.13307534158229828,-0.0878496915102005
PTPRT,PTPRT,103,0.7766079,0.9079068,-0.1312989,0.23609507083892822,0.09771767258644104,-0.13837739825248718
C3orf79,C3orf79,111,0.7307307,0.8620673,-0.13133657,0.3610623776912689,0.20489543676376343,-0.1561669409275055
MTDH,MTDH,120,0.8077017,0.93907255,-0.13137084,0.5678817629814148,0.222727432847023,-0.3451543301343918
MCL1,MCL1,102,0.7085662,0.8399489,-0.1313827,0.4635040760040283,0.34001922607421875,-0.12348484992980957
FAM189B,FAM189B,106,0.8025762,0.9340645,-0.13148832,0.28417420387268066,0.10304534435272217,-0.1811288595199585
CBLN4,CBLN4,102,0.7995371,0.93103856,-0.13150144,0.36665400862693787,0.1627693772315979,-0.20388463139533997
SLURP1,SLURP1,108,0.83300686,0.96453905,-0.13153219,0.4544984698295593,0.14175629615783691,-0.3127421736717224
ZNFX1,ZNFX1,120,0.79818654,0.9297417,-0.13155514,0.4674816429615021,0.15160103142261505,-0.315880611538887
REXO1L10P,REXO1L10P|ENSG00000255940.1,99,0.7971451,0.92874515,-0.13160002,0.3512289524078369,0.14716099202632904,-0.20406796038150787
LGALS7B,LGALS7B,105,0.6628058,0.79440826,-0.13160247,0.27122437953948975,0.17914965748786926,-0.09207472205162048
EIF3H,EIF3H,117,0.7273673,0.8589862,-0.13161892,0.6149781346321106,0.36283326148986816,-0.25214487314224243
PRDM14,PRDM14,101,0.8268198,0.95845115,-0.13163137,0.5692735314369202,0.13822779059410095,-0.4310457408428192
CCT6A,CCT6A,93,0.58898824,0.7206541,-0.13166583,0.39334943890571594,0.2799152731895447,-0.11343416571617126
S100A1,S100A1,111,0.7259557,0.8576346,-0.13167888,0.44762706756591797,0.24326571822166443,-0.20436134934425354
TP53RK,TP53RK,92,0.80362886,0.9353453,-0.13171643,0.39927321672439575,0.15768930315971375,-0.241583913564682
RN7SL44P,RN7SL44P,120,0.77691656,0.9086383,-0.13172174,0.33951786160469055,0.1451905518770218,-0.19432730972766876
PLEKHG4B,PLEKHG4B,99,0.7038949,0.8356284,-0.13173348,0.41724950075149536,0.2716481685638428,-0.1456013321876526
SPRR2A,SPRR2A,103,0.84311473,0.9749676,-0.13185287,0.2755219638347626,0.06338925659656525,-0.21213270723819733
RN7SL194P,RN7SL194P,127,0.774244,0.9061063,-0.13186228,0.4014735221862793,0.19481419026851654,-0.20665933191776276
TMEM14E,TMEM14E,121,0.7914449,0.9233636,-0.13191873,0.5745875239372253,0.2555449306964874,-0.3190425932407379
FDPS,FDPS,106,0.8159346,0.9478904,-0.1319558,0.21416790783405304,0.06374020129442215,-0.1504277065396309
KHDRBS3,KHDRBS3,85,0.81749725,0.94945556,-0.1319583,0.36520686745643616,0.11047679930925369,-0.25473006814718246
FOXH1,FOXH1,106,0.75824994,0.89028585,-0.13203591,0.663661539554596,0.33401888608932495,-0.329642653465271
COX4I2,COX4I2,109,0.71125215,0.84332,-0.13206786,0.8026931285858154,0.5206075310707092,-0.2820855975151062
RN7SL38P,RN7SL38P,86,0.750687,0.882759,-0.13207197,0.42299723625183105,0.12375672906637192,-0.29924050718545914
C1R,C1R,114,0.65854985,0.7907355,-0.13218564,0.5563803911209106,0.3519839346408844,-0.20439645648002625
LINC00885,LINC00885,99,0.823898,0.956241,-0.132343,0.5226732492446899,0.16494092345237732,-0.3577323257923126
SCXA,SCXA,110,0.7596532,0.8920173,-0.1323641,0.3301510512828827,0.16018526256084442,-0.16996578872203827
LY6H,LY6H,106,0.7990873,0.93149525,-0.13240796,0.38860267400741577,0.1555575281381607,-0.23304514586925507
RN7SL36P,RN7SL36P,91,0.7052134,0.83764225,-0.13242882,0.7542154788970947,0.4607543647289276,-0.2934611141681671
HHLA1,HHLA1,107,0.80274343,0.93520504,-0.13246161,0.36310744285583496,0.139435276389122,-0.22367216646671295
MAP6D1,MAP6D1,88,0.7717594,0.9043251,-0.13256574,0.41300514340400696,0.23824210464954376,-0.1747630387544632
SNORA51,SNORA51|ENSG00000206853.1,94,0.7991958,0.93192637,-0.13273054,0.35297688841819763,0.1261821985244751,-0.22679468989372253
B4GALT5,B4GALT5,98,0.7845776,0.9174474,-0.13286978,0.3694571554660797,0.1432245969772339,-0.22623255848884583
RNA5SP150,RNA5SP150,99,0.80538636,0.9382645,-0.13287812,0.3303050696849823,0.14564982056617737,-0.18465524911880493
RN7SL215P,RN7SL215P,107,0.74934334,0.88229835,-0.13295501,0.49662575125694275,0.2506272792816162,-0.24599847197532654
SNORA12,SNORA12|ENSG00000212342.1,114,0.7974153,0.93039125,-0.13297594,0.4066483974456787,0.1556633561849594,-0.2509850412607193
MIR28,MIR28,95,0.7801715,0.913247,-0.13307548,0.31539440155029297,0.12232395261526108,-0.1930704489350319
SNORA57,SNORA57|ENSG00000212567.1,85,0.6433774,0.7764839,-0.13310647,0.5324171781539917,0.3715406060218811,-0.1608765721321106
CEP19,CEP19,98,0.83403,0.96717376,-0.13314378,0.43806231021881104,0.13590463995933533,-0.3021576702594757
RERGL,RERGL,94,0.82761556,0.96077675,-0.13316119,0.33525657653808594,0.12897801399230957,-0.20627856254577637
KCNB1,KCNB1,104,0.77363956,0.9069139,-0.13327432,0.41325509548187256,0.22098638117313385,-0.1922687143087387
BLCAP,BLCAP,94,0.75857097,0.89193577,-0.1333648,0.3581874668598175,0.16418878734111786,-0.19399867951869965
CBX3P4,CBX3P4,104,0.8144382,0.9479387,-0.13350046,0.3591112494468689,0.13353890180587769,-0.2255723476409912
S100A7L2,S100A7L2,105,0.80425537,0.93775594,-0.13350058,0.40477344393730164,0.1878761351108551,-0.21689730882644653
TBC1D31,TBC1D31,112,0.8027663,0.9362673,-0.133501,0.36788442730903625,0.155059814453125,-0.21282461285591125
CD163L1,CD163L1,102,0.7222814,0.8558481,-0.13356668,0.2386719435453415,0.11948026716709137,-0.11919167637825012
CDH18,CDH18,103,0.6089085,0.7426207,-0.13371223,0.41518473625183105,0.3133396804332733,-0.10184505581855774
CHRNA4,CHRNA4,106,0.76008576,0.8938803,-0.13379455,0.37315720319747925,0.1905147284269333,-0.18264247477054596
BPIFA2,BPIFA2,99,0.8175022,0.9513057,-0.13380349,0.3350316882133484,0.09788453578948975,-0.23714715242385864
CAPN12,CAPN12,97,0.456021,0.5898756,-0.13385457,0.8094304800033569,0.7157844305038452,-0.09364604949951172
GEM,GEM,90,0.8051887,0.9391971,-0.13400841,0.3414290249347687,0.1290927231311798,-0.21233630180358887
snoU13,snoU13|ENSG00000238422.1,98,0.82201236,0.95607704,-0.13406467,0.4859772026538849,0.16923269629478455,-0.31674450635910034
KIAA1467,KIAA1467,94,0.81591713,0.95039386,-0.13447672,0.6797113418579102,0.25035569071769714,-0.429355651140213
FAM83C,FAM83C,99,0.76778466,0.90230584,-0.13452119,0.48139140009880066,0.218376025557518,-0.26301537454128265
RXFP3,RXFP3,100,0.78239554,0.9169908,-0.13459527,0.43422749638557434,0.20398467779159546,-0.23024281859397888
SNHG17,SNHG17,114,0.7459855,0.88058406,-0.13459855,0.341230571269989,0.16166432201862335,-0.17956624925136566
BHLHE23,BHLHE23,101,0.7413835,0.87598205,-0.13459855,0.5676557421684265,0.33339717984199524,-0.23425856232643127
RN7SL738P,RN7SL738P,92,0.7398037,0.8744392,-0.13463551,0.5596568584442139,0.30287572741508484,-0.25678113102912903
TTI1,TTI1,88,0.7331659,0.86781585,-0.13464993,0.427691251039505,0.22608479857444763,-0.20160645246505737
ARFGEF2,ARFGEF2,82,0.7015458,0.8364269,-0.13488114,0.25595471262931824,0.1579805463552475,-0.09797416627407074
BPI,BPI,95,0.79805315,0.93298656,-0.13493341,0.28550654649734497,0.10068350285291672,-0.18482304364442825
AGTR1,AGTR1,91,0.76926786,0.90429014,-0.13502228,0.3859369158744812,0.1831720620393753,-0.2027648538351059
OR10J5,OR10J5,94,0.82089585,0.9559283,-0.13503247,0.25366857647895813,0.07166528701782227,-0.18200328946113586
CLEC1B,CLEC1B,99,0.66249084,0.7975896,-0.13509876,0.2836489975452423,0.13659954071044922,-0.1470494568347931
CCDC152,CCDC152,101,0.6283278,0.763463,-0.13513523,0.48712554574012756,0.3370095193386078,-0.15011602640151978
SRC,SRC,93,0.70208645,0.83725035,-0.1351639,0.4191074073314667,0.25095275044441223,-0.16815465688705444
RN7SKP222,RN7SKP222,104,0.7964807,0.931677,-0.13519627,0.24595171213150024,0.10113628208637238,-0.14481543004512787
BPIFA3,BPIFA3,102,0.7023925,0.83761835,-0.13522583,0.544371485710144,0.3277737498283386,-0.21659773588180542
MIR3646,MIR3646,98,0.8081034,0.9433295,-0.13522613,0.3003072440624237,0.10976295918226242,-0.19054428488016129
NRIP2,NRIP2,69,0.7545947,0.8898348,-0.13524014,0.3852054178714752,0.21556857228279114,-0.16963684558868408
ZBTB46,ZBTB46,107,0.7707095,0.90597135,-0.13526183,0.38678407669067383,0.1675405651330948,-0.21924351155757904
CWC25,CWC25,97,0.39924037,0.5345747,-0.13533431,0.8801382780075073,0.7706117630004883,-0.10952651500701904
SNORD112,SNORD112|ENSG00000252495.1,115,0.76243806,0.8977737,-0.13533562,0.40534645318984985,0.19138853251934052,-0.21395792067050934
KCNB2,KCNB2,92,0.7421261,0.87747115,-0.13534504,0.2668827474117279,0.1365455836057663,-0.1303371638059616
ZNF254,ZNF254,109,0.27839953,0.41375694,-0.13535741,1.2193212509155273,1.077577829360962,-0.14174342155456543
FBXL20,FBXL20,107,0.58364165,0.71902937,-0.13538772,0.7421460747718811,0.5729652643203735,-0.16918081045150757
SLC45A2,SLC45A2,119,0.7054547,0.8408974,-0.13544267,0.43584033846855164,0.259819358587265,-0.17602097988128662
NDUFS6,NDUFS6,108,0.72589594,0.8614201,-0.13552415,0.45115548372268677,0.30021798610687256,-0.1509374976158142
ZFPM2,ZFPM2,112,0.7780575,0.9135895,-0.13553196,0.30382850766181946,0.13537506759166718,-0.16845344007015228
PPIAL4G,PPIAL4G,108,0.72004527,0.8556761,-0.13563085,0.465057909488678,0.2603326141834259,-0.20472529530525208
NECAB3,NECAB3,101,0.6505805,0.786288,-0.1357075,0.27523311972618103,0.15906770527362823,-0.1161654144525528
MIR570,MIR570,92,0.6773805,0.8131801,-0.13579959,0.3828006386756897,0.20009194314479828,-0.18270869553089142
SGK3,SGK3,104,0.7332182,0.8690737,-0.1358555,0.6507536172866821,0.3503358066082001,-0.30041781067848206
CD27,CD27,96,0.8091732,0.9450395,-0.13586628,0.3538114130496979,0.1027025356888771,-0.25110887736082077
MACC1,MACC1,106,0.5956937,0.73162234,-0.13592863,0.64698326587677,0.47184470295906067,-0.17513856291770935
VPS13B,VPS13B,100,0.8009977,0.9369388,-0.13594115,0.4028126001358032,0.14586573839187622,-0.256946861743927
PPP1R16A,PPP1R16A,106,0.788103,0.9240762,-0.13597322,0.4934312403202057,0.1950491964817047,-0.298382043838501
MIR4758,MIR4758,105,0.7354407,0.8714256,-0.13598496,0.3963553309440613,0.19759774208068848,-0.1987575888633728
TTPA,TTPA,95,0.7748853,0.91087747,-0.13599217,0.5502030849456787,0.23441749811172485,-0.31578558683395386
KCNS2,KCNS2,97,0.8267479,0.96276444,-0.13601655,0.2505568861961365,0.05827431008219719,-0.19228257611393929
SEC22B,SEC22B,93,0.7074467,0.84352756,-0.13608086,0.597004771232605,0.36088111996650696,-0.23612365126609802
RTEL1,RTEL1,99,0.74046475,0.8765571,-0.13609236,0.2639703154563904,0.13264232873916626,-0.13132798671722412
TRIM55,TRIM55,98,0.7564672,0.8925926,-0.13612539,0.3530389368534088,0.16443291306495667,-0.18860602378845215
ARHGAP39,ARHGAP39,97,0.7704951,0.90666944,-0.13617432,0.42873913049697876,0.1904582530260086,-0.23828087747097015
PBX1,PBX1,92,0.77228844,0.9084674,-0.13617897,0.38848188519477844,0.1831878125667572,-0.20529407262802124
MIR548AA1,MIR548AA1,109,0.7503014,0.88651335,-0.13621193,0.3915082812309265,0.20367515087127686,-0.18783313035964966
RN7SL466P,RN7SL466P,97,0.78916454,0.9254219,-0.13625735,0.32569557428359985,0.11617721617221832,-0.20951835811138153
SLC25A44,SLC25A44,116,0.7690145,0.90543747,-0.13642299,0.3513471782207489,0.15903331339359283,-0.19231386482715607
PIGT,PIGT,115,0.7529603,0.8897347,-0.13677436,0.43401068449020386,0.23961816728115082,-0.19439251720905304
COL14A1,COL14A1,109,0.8068383,0.9436472,-0.13680893,0.49581751227378845,0.20222018659114838,-0.2935973256826401
C8orf44,C8orf44,106,0.7705855,0.90744483,-0.13685936,0.444681853055954,0.1972143054008484,-0.2474675476551056
MIR4636,MIR4636,95,0.66291827,0.79987276,-0.13695449,0.7748653292655945,0.49077799916267395,-0.28408733010292053
OSTN,OSTN,105,0.78790677,0.92490435,-0.13699758,0.6881624460220337,0.302783340215683,-0.3853791058063507
SOX2,SOX2,115,0.7792947,0.91632754,-0.1370328,0.37215161323547363,0.19261080026626587,-0.17954081296920776
SI,SI,100,0.7375858,0.87464225,-0.13705647,0.30589911341667175,0.15902166068553925,-0.1468774527311325
COLEC10,COLEC10,104,0.80784816,0.94511193,-0.13726377,0.4322242736816406,0.1536155492067337,-0.2786087244749069
RAD51AP1,RAD51AP1,96,0.8291569,0.9664937,-0.13733685,0.36843886971473694,0.08320711553096771,-0.2852317541837692
SULF1,SULF1,116,0.7171604,0.85451025,-0.13734984,0.6807811260223389,0.38101375102996826,-0.2997673749923706
AVIL,AVIL,110,0.786857,0.92425203,-0.13739502,1.052339792251587,0.33315378427505493,-0.719186007976532
MIR641,MIR641,108,0.5810692,0.7185526,-0.13748342,0.5143641829490662,0.3960936963558197,-0.11827048659324646
SNORA58,SNORA58|ENSG00000201129.1,98,0.78457457,0.92206466,-0.1374901,0.5919324159622192,0.29685959219932556,-0.2950728237628937
snoU13,snoU13|ENSG00000239093.1,94,0.808812,0.9463324,-0.13752037,0.2630630135536194,0.10457824915647507,-0.15848476439714432
RNA5SP227,RNA5SP227,100,0.57770896,0.7152824,-0.13757342,0.5556720495223999,0.4051772654056549,-0.150494784116745
RN7SKP249,RN7SKP249,112,0.7571741,0.89482677,-0.1376527,0.7107074856758118,0.3635408580303192,-0.34716662764549255
EPHB3,EPHB3,116,0.8209396,0.9587295,-0.1377899,0.21271519362926483,0.05613354220986366,-0.15658165141940117
SRSF6,SRSF6,111,0.8003671,0.93816763,-0.13780051,0.25646719336509705,0.10081494599580765,-0.1556522473692894
VPS72,VPS72,94,0.8113792,0.9491959,-0.13781673,0.31304508447647095,0.0755973756313324,-0.23744770884513855
SHE,SHE,89,0.78612596,0.9239591,-0.13783312,0.3612683415412903,0.1432567536830902,-0.21801158785820007
GOLPH3,GOLPH3,121,0.73936623,0.87732315,-0.13795692,0.39598631858825684,0.20496338605880737,-0.19102293252944946
SNORD112,SNORD112|ENSG00000252559.1,120,0.8114297,0.9493957,-0.13796604,0.34330469369888306,0.13179638981819153,-0.21150830388069153
AGO2,AGO2,113,0.7846104,0.9226504,-0.13804,0.5464009642601013,0.2379409521818161,-0.3084600120782852
JRK,JRK,90,0.7942718,0.93233347,-0.13806164,0.418748676776886,0.15640731155872345,-0.26234136521816254
SEMA4A,SEMA4A,107,0.75949425,0.8976269,-0.13813263,0.5325798392295837,0.2612764537334442,-0.2713033854961395
SPINT2,SPINT2,110,0.48953202,0.62768334,-0.13815132,0.8581415414810181,0.6724694967269897,-0.18567204475402832
C2CD4D,C2CD4D,97,0.79799694,0.9361703,-0.13817334,0.5411138534545898,0.21213385462760925,-0.3289799988269806
NNAT,NNAT,123,0.7749566,0.9131411,-0.13818449,0.4850776791572571,0.18020521104335785,-0.30487246811389923
TMEM68,TMEM68,103,0.77782136,0.91612935,-0.13830799,0.3431766927242279,0.13888920843601227,-0.20428748428821564
TM4SF19,TM4SF19,101,0.8103536,0.94866335,-0.13830978,0.4247799515724182,0.14381283521652222,-0.280967116355896
UBE2V2,UBE2V2,108,0.74127346,0.87963474,-0.13836128,0.40053409337997437,0.20509682595729828,-0.1954372674226761
HNF4A,HNF4A,100,0.804945,0.94339514,-0.13845015,0.3975237309932709,0.12648873031139374,-0.27103500068187714
STMN3,STMN3,89,0.82939994,0.96786845,-0.1384685,0.3472830057144165,0.10055463761091232,-0.24672836810350418
RNU4ATAC16P,RNU4ATAC16P,106,0.62468964,0.7632624,-0.13857275,0.9958638548851013,0.7967513203620911,-0.19911253452301025
ZBP1,ZBP1,102,0.69660187,0.83524364,-0.13864177,0.7541797161102295,0.48292276263237,-0.2712569534778595
GNB3,GNB3,98,0.7783992,0.9171321,-0.13873285,0.2694447338581085,0.10521459579467773,-0.1642301380634308
PPM1L,PPM1L,103,0.7432279,0.88216966,-0.13894176,0.6135985851287842,0.35892072319984436,-0.2546778619289398
VEPH1,VEPH1,111,0.76217586,0.90116584,-0.13898998,0.4219077527523041,0.19490137696266174,-0.22700637578964233
ETV6,ETV6,82,0.7957567,0.9347625,-0.13900578,0.46446171402931213,0.1593724936246872,-0.30508922040462494
FBXO27,FBXO27,107,0.42395106,0.5630235,-0.13907245,0.3873274326324463,0.22075477242469788,-0.1665726602077484
HNRNPU,HNRNPU,104,0.72496176,0.86421484,-0.13925308,0.30372294783592224,0.16103236377239227,-0.14269058406352997
SNORD12B,SNORD12B,100,0.74233156,0.8815952,-0.13926363,0.3521367907524109,0.15607503056526184,-0.19606176018714905
FYTTD1,FYTTD1,82,0.8154125,0.95468134,-0.13926882,0.639119565486908,0.22644224762916565,-0.4126773178577423
OTUD7B,OTUD7B,99,0.7399706,0.8792769,-0.13930625,0.6448689699172974,0.38168856501579285,-0.2631804049015045
OPTC,OPTC,109,0.7042347,0.84371257,-0.13947785,0.49917903542518616,0.2735382616519928,-0.22564077377319336
PCP4L1,PCP4L1,109,0.7583654,0.89786595,-0.13950056,0.4709153175354004,0.23479484021663666,-0.23612047731876373
RTP4,RTP4,99,0.81239486,0.95198894,-0.13959408,0.34364816546440125,0.09781216084957123,-0.24583600461483002
MYO16,MYO16,90,0.69317293,0.8327853,-0.13961238,1.5539121627807617,1.4667224884033203,-0.0871896743774414
snoU13,snoU13|ENSG00000238859.1,87,0.7765044,0.9162095,-0.13970512,0.2561386525630951,0.10953940451145172,-0.14659924805164337
C1orf56,C1orf56,137,0.71880555,0.8585214,-0.13971585,0.4551919400691986,0.24597607553005219,-0.20921586453914642
SNORD56,SNORD56|ENSG00000200753.1,105,0.49395657,0.63369447,-0.1397379,0.7292733192443848,0.5416634678840637,-0.18760985136032104
DHX36,DHX36,114,0.79529643,0.9352198,-0.1399234,0.5040221810340881,0.17992369830608368,-0.32409848272800446
FGF12,FGF12,103,0.79506946,0.9350227,-0.13995326,0.31435680389404297,0.09711934626102448,-0.2172374576330185
LGALS14,LGALS14,84,0.4668529,0.6068093,-0.13995641,0.43480396270751953,0.30106666684150696,-0.13373729586601257
LRRC37A11P,LRRC37A11P,111,0.5406557,0.68068564,-0.14002997,1.349060297012329,1.1641610860824585,-0.1848992109298706
RNA5SP483,RNA5SP483,93,0.7009062,0.84094024,-0.14003402,0.44713735580444336,0.2550719380378723,-0.19206541776657104
AICDA,AICDA,112,0.8033174,0.9434142,-0.14009678,0.42373234033584595,0.15584233403205872,-0.26789000630378723
RN7SL372P,RN7SL372P,112,0.7618035,0.90202045,-0.14021695,0.27193644642829895,0.1220586970448494,-0.14987774938344955
C5orf42,C5orf42,105,0.6679788,0.8082118,-0.14023298,0.6178308129310608,0.402413547039032,-0.2154172658920288
CNST,CNST,101,0.6459844,0.7862428,-0.14025837,0.5457819104194641,0.35718807578086853,-0.18859383463859558
RN7SKP271,RN7SKP271,89,0.49145672,0.6317982,-0.14034149,0.9949575662612915,0.8042353987693787,-0.19072216749191284
KCNK6,KCNK6,88,0.6824128,0.82276213,-0.14034933,0.43582579493522644,0.25083205103874207,-0.18499374389648438
S100A14,S100A14,99,0.8040391,0.9444212,-0.14038205,0.48215121030807495,0.15956249833106995,-0.322588711977005
MIR614,MIR614,85,0.6549745,0.7954458,-0.14047128,0.320117712020874,0.19513636827468872,-0.1249813437461853
IMPAD1,IMPAD1,83,0.8083163,0.9488567,-0.14054042,0.36683839559555054,0.10489718616008759,-0.26194120943546295
ZNF573,ZNF573,99,0.69556415,0.8361099,-0.14054573,0.4505568742752075,0.26058265566825867,-0.18997421860694885
ZNF341,ZNF341,118,0.7457792,0.88635874,-0.14057952,0.4275553822517395,0.2217096984386444,-0.2058456838130951
DEPTOR,DEPTOR,104,0.70830685,0.84892386,-0.14061701,0.8193487524986267,0.5995035767555237,-0.21984517574310303
SNORA71C,SNORA71C,100,0.7227379,0.8633752,-0.14063728,0.4459361732006073,0.19915015995502472,-0.24678601324558258
RRS1,RRS1,101,0.81239545,0.9531164,-0.14072096,0.4688979387283325,0.11488950252532959,-0.35400843620300293
KLHL42,KLHL42,113,0.49382302,0.6346037,-0.14078066,0.9571112990379333,0.7542967796325684,-0.202814519405365
TOX,TOX,105,0.8108137,0.9516416,-0.1408279,0.550859808921814,0.15993732213974,-0.390922486782074
CPNE3,CPNE3,87,0.75537705,0.8962071,-0.14083004,0.2968858778476715,0.13652577996253967,-0.16036009788513184
SLCO4A1,SLCO4A1,125,0.7415019,0.88238335,-0.14088142,0.54625004529953,0.28269267082214355,-0.2635573744773865
ZHX3,ZHX3,102,0.7233981,0.86429894,-0.14090085,0.8176494836807251,0.48223060369491577,-0.3354188799858093
DENND3,DENND3,100,0.79445857,0.93542325,-0.14096469,0.2554028630256653,0.09197807312011719,-0.1634247899055481
MIR3916,MIR3916,103,0.57436913,0.71552515,-0.14115602,0.6944100260734558,0.535305380821228,-0.15910464525222778
PVT1,PVT1,101,0.6143143,0.7555031,-0.1411888,0.30051350593566895,0.2263999730348587,-0.07411353290081024
DNAJC5B,DNAJC5B,102,0.8064221,0.9476746,-0.14125246,0.347170352935791,0.10224705189466476,-0.24492330104112625
SLAMF6,SLAMF6,129,0.79640096,0.9377071,-0.14130616,0.5719853639602661,0.22261863946914673,-0.3493667244911194
GAL,GAL,92,0.6748325,0.8161873,-0.1413548,0.6034723520278931,0.3267917335033417,-0.2766806185245514
PYCRL,PYCRL,115,0.789069,0.9304451,-0.14137608,0.5094934701919556,0.2108284831047058,-0.29866498708724976
TLDC2,TLDC2,106,0.7607123,0.90221256,-0.14150023,0.5234952569007874,0.2684147357940674,-0.25508052110671997
KCNN3,KCNN3,119,0.81174135,0.95340496,-0.14166361,0.4006350338459015,0.11972338706254959,-0.2809116467833519
SLC32A1,SLC32A1,103,0.7992276,0.9410408,-0.14181322,0.3153752386569977,0.10928992182016373,-0.20608531683683395
FCGR2B,FCGR2B,102,0.83425355,0.9760973,-0.14184374,0.2542089819908142,0.04131321981549263,-0.21289576217532158
MRPL9,MRPL9,105,0.78430265,0.92628753,-0.14198488,0.2875079810619354,0.1156206876039505,-0.17188729345798492
COPS7A,COPS7A,119,0.75364053,0.89572567,-0.14208513,0.6320395469665527,0.32058247923851013,-0.3114570677280426
CSPP1,CSPP1,91,0.7786684,0.92076933,-0.14210093,0.6343480944633484,0.25040552020072937,-0.383942574262619
C1orf68,C1orf68,104,0.81552374,0.9577789,-0.14225513,0.26541611552238464,0.0763116329908371,-0.18910448253154755
VPS8,VPS8,96,0.810513,0.952797,-0.14228398,0.31905052065849304,0.10277259349822998,-0.21627792716026306
FLG,FLG,120,0.8104257,0.952799,-0.14237332,0.42191213369369507,0.14898046851158142,-0.27293166518211365
FAM155A,FAM155A,108,0.5777965,0.72021973,-0.14242321,0.693458080291748,0.532956600189209,-0.16050148010253906
RBM12B,RBM12B,86,0.8150425,0.95748997,-0.14244747,0.3300415575504303,0.10957733541727066,-0.22046422213315964
DSTNP2,DSTNP2,117,0.6876489,0.830098,-0.14244908,0.2793843746185303,0.14778533577919006,-0.1315990388393402
LY6K,LY6K,97,0.7309818,0.8734657,-0.14248389,0.32262295484542847,0.16312119364738464,-0.15950176119804382
GNGT1,GNGT1,102,0.6259972,0.7685155,-0.14251834,0.6408544182777405,0.3994840383529663,-0.24137037992477417
UCK2,UCK2,118,0.735442,0.87799,-0.14254802,0.4213832914829254,0.23983904719352722,-0.1815442442893982
snoU13,snoU13|ENSG00000238687.1,105,0.7485895,0.8912553,-0.1426658,0.4410340487957001,0.22153382003307343,-0.21950022876262665
LY6E,LY6E,102,0.76734877,0.91002685,-0.14267808,0.4261515140533447,0.18049101531505585,-0.24566049873828888
ATP1A4,ATP1A4,111,0.8003637,0.9430533,-0.14268959,0.2448348104953766,0.07157696783542633,-0.17325784265995026
MIR4789,MIR4789,105,0.7634573,0.9061896,-0.14273232,0.47433748841285706,0.22754907608032227,-0.2467884123325348
ASH1L,ASH1L,114,0.6521299,0.7949009,-0.142771,0.7383687496185303,0.48545730113983154,-0.25291144847869873
SNORA1,SNORA1|ENSG00000199405.1,100,0.65444386,0.7973311,-0.14288723,0.6704698204994202,0.42622360587120056,-0.2442462146282196
LINC00588,LINC00588,101,0.7798792,0.922842,-0.14296281,0.48648491501808167,0.17855459451675415,-0.3079303205013275
GFM1,GFM1,101,0.698325,0.8412953,-0.14297032,0.6267828345298767,0.3554464280605316,-0.2713364064693451
LINC00886,LINC00886,105,0.7243951,0.86740124,-0.14300615,0.5075579881668091,0.25768718123435974,-0.24987080693244934
CASS4,CASS4,93,0.68903804,0.8320741,-0.14303607,1.0602279901504517,0.7278493046760559,-0.33237868547439575
ADRM1,ADRM1,123,0.7139774,0.8571781,-0.1432007,0.37990447878837585,0.2140941023826599,-0.16581037640571594
RNA5SP57,RNA5SP57,121,0.765369,0.90859103,-0.14322203,0.2837222218513489,0.10949987918138504,-0.17422234266996384
SNORA32,SNORA32|ENSG00000206776.1,106,0.8082313,0.9514739,-0.1432426,0.341028094291687,0.10713152587413788,-0.23389656841754913
JTB,JTB,107,0.79898596,0.94231594,-0.14332998,0.2033405900001526,0.06529414653778076,-0.13804644346237183
MIR3609,MIR3609,102,0.55923533,0.70257354,-0.1433382,0.4738936722278595,0.3503086268901825,-0.123585045337677
SAMD4B,SAMD4B,114,0.45106503,0.59445244,-0.1433874,0.5160978436470032,0.406009316444397,-0.1100885272026062
KCNJ9,KCNJ9,106,0.72732055,0.8707296,-0.14340907,0.4457496106624603,0.22336748242378235,-0.22238212823867798
SERP1,SERP1,99,0.7762038,0.91962177,-0.14341795,0.38307198882102966,0.1854030191898346,-0.19766896963119507
GMPS,GMPS,103,0.75433373,0.89777416,-0.14344043,0.4314671754837036,0.19855906069278717,-0.23290811479091644
KIAA1755,KIAA1755,113,0.74019694,0.883674,-0.14347708,0.5084982514381409,0.23374778032302856,-0.2747504711151123
HOOK3,HOOK3,106,0.3878415,0.53136826,-0.14352676,1.016196370124817,0.8623994588851929,-0.15379691123962402
MIR3664,MIR3664,100,0.5383986,0.6820198,-0.1436212,0.6935105323791504,0.5052481293678284,-0.18826240301132202
ACTRT3,ACTRT3,103,0.7475136,0.89118576,-0.14367217,0.6026328206062317,0.28991082310676575,-0.31272199749946594
LCE6A,LCE6A,111,0.7471078,0.89079654,-0.14368874,0.349287211894989,0.18005546927452087,-0.16923174262046814
CAMK2N2,CAMK2N2,96,0.6598278,0.8036432,-0.1438154,0.8364980816841125,0.5438241958618164,-0.29267388582229614
LINC00536,LINC00536,103,0.79694605,0.940806,-0.14385992,0.31185564398765564,0.12203489989042282,-0.18982074409723282
ILF2,ILF2,109,0.76844656,0.91232574,-0.14387918,0.41360941529273987,0.19042257964611053,-0.22318683564662933
TRIM46,TRIM46,104,0.7611981,0.9051785,-0.14398038,0.47930923104286194,0.21457241475582123,-0.2647368162870407
LCE3A,LCE3A,103,0.78674054,0.9307348,-0.14399427,0.3190986216068268,0.11024264246225357,-0.2088559791445732
TPX2,TPX2,93,0.6853115,0.8293933,-0.14408183,0.450031578540802,0.2614400386810303,-0.18859153985977173
FAM194A,FAM194A,114,0.6671192,0.81133413,-0.14421493,0.93520188331604,0.6203965544700623,-0.3148053288459778
CHTOP,CHTOP,93,0.72763246,0.87190515,-0.14427269,0.5582722425460815,0.35462552309036255,-0.203646719455719
OC90,OC90,115,0.77166665,0.91603523,-0.14436859,0.3509944975376129,0.14078520238399506,-0.21020929515361786
RPS20,RPS20,90,0.7309981,0.8753842,-0.14438611,0.49606069922447205,0.251834511756897,-0.24422618746757507
LDHB,LDHB,105,0.7932119,0.9376161,-0.14440423,0.9285120368003845,0.3756100833415985,-0.552901953458786
SNORD93,SNORD93,114,0.62793475,0.7723694,-0.14443463,0.35106635093688965,0.2270677536725998,-0.12399859726428986
GNG4,GNG4,97,0.6187324,0.76323205,-0.14449966,0.5817006230354309,0.37411385774612427,-0.20758676528930664
SULF2,SULF2,98,0.81541485,0.9599207,-0.14450586,0.2827598452568054,0.06604966521263123,-0.2167101800441742
ZMYND8,ZMYND8,102,0.69466466,0.83920646,-0.1445418,0.7855241894721985,0.5620826482772827,-0.22344154119491577
PDE7A,PDE7A,100,0.77260214,0.9171939,-0.14459175,0.3792148530483246,0.14996349811553955,-0.22925135493278503
CSE1L,CSE1L,97,0.784017,0.92864597,-0.14462894,0.3445839583873749,0.11327669769525528,-0.2313072606921196
SPATA2,SPATA2,116,0.7652825,0.90991884,-0.14463633,0.4508909285068512,0.2394639551639557,-0.2114269733428955
BCAT1,BCAT1,109,0.52122885,0.6658895,-0.14466065,0.6848481297492981,0.5298599004745483,-0.15498822927474976
TSPAN9,TSPAN9,118,0.6709721,0.81564593,-0.14467382,0.9557826519012451,0.5905196070671082,-0.36526304483413696
MGP,MGP,116,0.77072537,0.915443,-0.14471763,0.5069774389266968,0.20850053429603577,-0.298476904630661
RAB2A,RAB2A,110,0.8048334,0.94956344,-0.14473003,0.45128658413887024,0.11690832674503326,-0.334378257393837
GBAP1,GBAP1,100,0.8130088,0.9577813,-0.14477253,0.2615486979484558,0.06629548966884613,-0.19525320827960968
C1orf85,C1orf85,93,0.79596806,0.94083667,-0.14486861,0.22115002572536469,0.06449899822473526,-0.15665102750062943
RPL31P11,RPL31P11,100,0.77810574,0.92297846,-0.14487273,0.2851257026195526,0.10256597399711609,-0.18255972862243652
C8orf76,C8orf76,95,0.79581,0.94083285,-0.14502287,0.46221014857292175,0.20529243350028992,-0.25691771507263184
CDH17,CDH17,86,0.6898861,0.8349131,-0.14502698,0.3720761835575104,0.2095772922039032,-0.16249889135360718
PDE3A,PDE3A,90,0.62718,0.77221215,-0.14503217,0.23317082226276398,0.13600948452949524,-0.09716133773326874
PLAT,PLAT,89,0.5897614,0.7347937,-0.14503235,0.5112099051475525,0.3599871098995209,-0.15122279524803162
LY9,LY9,105,0.71447694,0.8595578,-0.14508086,0.26450836658477783,0.14159950613975525,-0.12290886044502258
MYH7B,MYH7B,99,0.74152267,0.88661736,-0.1450947,0.4762396812438965,0.21522600948810577,-0.2610136717557907
ABHD16B,ABHD16B,104,0.78186333,0.92709655,-0.14523321,0.344929039478302,0.13401907682418823,-0.21090996265411377
RN7SL621P,RN7SL621P,105,0.5789182,0.72415507,-0.14523685,0.45016419887542725,0.33621883392333984,-0.1139453649520874
TRPS1,TRPS1,98,0.8026095,0.9480136,-0.1454041,0.26492220163345337,0.0877106636762619,-0.17721153795719147
IQSEC3,IQSEC3,103,0.7334374,0.8788752,-0.14543778,0.5961215496063232,0.35444125533103943,-0.2416802942752838
YBX3,YBX3,87,0.79587567,0.9414293,-0.14555365,0.6338092684745789,0.21715857088565826,-0.4166506975889206
ADIG,ADIG,96,0.73359704,0.87917125,-0.14557421,0.3517580032348633,0.18055708706378937,-0.1712009161710739
TRAPPC9,TRAPPC9,93,0.7812467,0.9268223,-0.14557558,0.3443964421749115,0.12353797256946564,-0.22085846960544586
LPIN3,LPIN3,107,0.77137625,0.9169993,-0.14562303,0.6242783665657043,0.28753048181533813,-0.3367478847503662
AZIN1,AZIN1,113,0.74984246,0.89557856,-0.1457361,0.32062870264053345,0.15636718273162842,-0.16426151990890503
LAMTOR2,LAMTOR2,103,0.686597,0.832334,-0.14573699,1.1603516340255737,0.7423579096794128,-0.4179937243461609
RERG,RERG,109,0.80787945,0.9536368,-0.14575738,0.53077632188797,0.1754579246044159,-0.3553183972835541
CHCHD2,CHCHD2,96,0.6523179,0.7980954,-0.14577752,0.524736225605011,0.3304576575756073,-0.1942785680294037
SPINT3,SPINT3,112,0.8021849,0.9480313,-0.14584643,0.42940568923950195,0.13495250046253204,-0.2944531887769699
VSTM2L,VSTM2L,105,0.68970776,0.83555865,-0.1458509,0.4699881672859192,0.20284245908260345,-0.26714570820331573
TAS2R50,TAS2R50,112,0.7989928,0.9450383,-0.1460455,0.5674158930778503,0.1702922135591507,-0.39712367951869965
RN7SKP161,RN7SKP161,94,0.79626757,0.94244295,-0.14617538,0.3815602958202362,0.12786312401294708,-0.2536971718072891
NNT,NNT,113,0.61846745,0.7647073,-0.14623988,0.45922744274139404,0.3201310932636261,-0.13909634947776794
SNORD29,SNORD29,99,0.4615337,0.607833,-0.14629933,0.7552192807197571,0.5910388827323914,-0.16418039798736572
U8,U8|ENSG00000201398.1,103,0.7598015,0.90621835,-0.14641684,0.3197094202041626,0.12647363543510437,-0.19323578476905823
HRSP12,HRSP12,104,0.7958287,0.94228375,-0.14645505,0.4138064980506897,0.13006289303302765,-0.28374360501766205
NCOA3,NCOA3,107,0.7955799,0.9421053,-0.14652538,0.41948172450065613,0.13767670094966888,-0.28180502355098724
CYHR1,CYHR1,122,0.7915521,0.9381773,-0.14662516,0.4143368601799011,0.15465474128723145,-0.2596821188926697
NBN,NBN,114,0.6369787,0.7836077,-0.14662904,0.4210126996040344,0.29430773854255676,-0.12670496106147766
KCTD21,KCTD21,115,0.23502687,0.38176274,-0.14673588,0.5027287602424622,0.46075499057769775,-0.041973769664764404
DEFB104A,DEFB104A,109,0.5574353,0.7042036,-0.14676833,0.8749346137046814,0.6414043307304382,-0.23353028297424316
COL20A1,COL20A1,121,0.74860054,0.8954809,-0.14688033,0.511644184589386,0.24823671579360962,-0.26340746879577637
S100A9,S100A9,100,0.8207467,0.96771955,-0.14697284,0.42923644185066223,0.12093625217676163,-0.3083001896739006
ACA64,ACA64|ENSG00000238934.1,119,0.77589345,0.9230108,-0.14711738,0.3399346172809601,0.12315962463617325,-0.21677499264478683
GDNF,GDNF,78,0.70965225,0.8569445,-0.14729226,0.37603363394737244,0.24089470505714417,-0.13513892889022827
CHRAC1,CHRAC1,99,0.73912084,0.8864261,-0.14730525,0.3640766739845276,0.17920330166816711,-0.18487337231636047
MRPS28,MRPS28,111,0.7387845,0.886178,-0.14739352,0.4042533040046692,0.18602678179740906,-0.21822652220726013
SDHAP1,SDHAP1,104,0.81094784,0.95840824,-0.1474604,0.32901471853256226,0.09395936876535416,-0.2350553497672081
RIPK2,RIPK2,111,0.8084482,0.95604366,-0.14759547,0.47241467237472534,0.11440166085958481,-0.35801301151514053
CARS2,CARS2,103,0.27217674,0.41990983,-0.14773309,0.7788265347480774,0.6955295205116272,-0.0832970142364502
C20orf166,C20orf166,96,0.70443964,0.8522105,-0.14777088,0.803490936756134,0.44698894023895264,-0.3565019965171814
BRD9,BRD9,104,0.75284445,0.9007612,-0.14791673,0.3862138092517853,0.18001028895378113,-0.20620352029800415
RN7SL107P,RN7SL107P,116,0.68893963,0.8370103,-0.1480707,0.7519697546958923,0.5070620775222778,-0.2449076771736145
ECH1,ECH1,113,0.7134869,0.8617227,-0.1482358,0.4570917785167694,0.2376580387353897,-0.2194337397813797
SNORD124,SNORD124,105,0.39740306,0.5457313,-0.14832824,0.3742166757583618,0.3566584289073944,-0.017558246850967407
C1orf61,C1orf61,123,0.6169637,0.76538277,-0.14841908,0.4447638690471649,0.2834370732307434,-0.1613267958164215
MIR939,MIR939,107,0.73354477,0.88198304,-0.14843827,0.4145320951938629,0.19099532067775726,-0.22353677451610565
ZNF639,ZNF639,97,0.4203592,0.5688112,-0.14845198,0.9097533822059631,0.7258697748184204,-0.18388360738754272
C1orf204,C1orf204,100,0.8211045,0.96963453,-0.14853,0.2204703837633133,0.0351911224424839,-0.1852792613208294
MIR4728,MIR4728,100,0.61559296,0.7642783,-0.14868534,0.38601768016815186,0.27286434173583984,-0.11315333843231201
PMCHL1,PMCHL1,100,0.65725976,0.8060225,-0.14876276,0.7417907118797302,0.5031100511550903,-0.2386806607246399
SCARNA12,SCARNA12,94,0.78074443,0.9296143,-0.14886987,0.5227557420730591,0.18070322275161743,-0.34205251932144165
RHBG,RHBG,109,0.7955966,0.9445239,-0.14892727,0.33447301387786865,0.11681525409221649,-0.21765775978565216
DEFB105A,DEFB105A,90,0.7668351,0.91576993,-0.14893484,0.4539296329021454,0.2336527705192566,-0.2202768623828888
RN7SL228P,RN7SL228P,125,0.6854279,0.83439034,-0.14896244,0.3726227879524231,0.2154422253370285,-0.1571805626153946
EXOSC4,EXOSC4,119,0.75818825,0.9071846,-0.14899635,0.5740571618080139,0.246211439371109,-0.3278457224369049
LINC00612,LINC00612,88,0.74841034,0.8974612,-0.14905083,0.4107406437397003,0.20159082114696503,-0.2091498225927353
MATN4,MATN4,106,0.8032594,0.95241505,-0.14915568,0.33322855830192566,0.07850240916013718,-0.2547261491417885
TARS2,TARS2,103,0.6942293,0.8434017,-0.14917237,0.6885731816291809,0.4064960181713104,-0.2820771634578705
TMEM65,TMEM65,114,0.74539644,0.89457875,-0.14918232,0.38455769419670105,0.1961321234703064,-0.18842557072639465
FKBP9,FKBP9,87,0.6575566,0.8067939,-0.14923733,0.3827705383300781,0.22999288141727448,-0.15277765691280365
U3,U3|ENSG00000201329.1,79,0.6129787,0.7622376,-0.14925891,0.5143523812294006,0.35197511315345764,-0.162377268075943
CHD6,CHD6,105,0.75345665,0.90273875,-0.1492821,0.33144059777259827,0.1545373946428299,-0.17690320312976837
MIR4652,MIR4652,106,0.6345424,0.78387386,-0.14933145,0.45913395285606384,0.31448033452033997,-0.14465361833572388
EEF1A2,EEF1A2,98,0.75523716,0.90458953,-0.14935237,1.0849885940551758,0.4922727048397064,-0.5927158892154694
MTMR11,MTMR11,104,0.7480048,0.89737445,-0.14936966,0.34350141882896423,0.16696390509605408,-0.17653751373291016
AP3M2,AP3M2,122,0.5032008,0.6526033,-0.1494025,1.4510380029678345,1.0988653898239136,-0.3521726131439209
FCRLB,FCRLB,106,0.77170926,0.921115,-0.14940572,0.5013799667358398,0.2345907837152481,-0.26678918302059174
MIR4753,MIR4753,119,0.64659667,0.79608047,-0.1494838,0.47712403535842896,0.3009641766548157,-0.17615985870361328
RASSF8,RASSF8,94,0.66688854,0.81637335,-0.14948481,0.25807589292526245,0.1064431443810463,-0.15163274854421616
VAMP1,VAMP1,99,0.81089705,0.960449,-0.14955193,0.5955233573913574,0.16370321810245514,-0.4318201392889023
MED21,MED21,106,0.77334005,0.9229134,-0.14957333,0.5921772718429565,0.2637878358364105,-0.328389436006546
SLC39A1,SLC39A1,104,0.77918696,0.9288159,-0.14962894,0.3525529205799103,0.13770189881324768,-0.2148510217666626
MIR21,MIR21,111,0.23515034,0.38478756,-0.14963722,0.640125036239624,0.6150813698768616,-0.02504366636276245
MIR4258,MIR4258,111,0.7432664,0.89294803,-0.14968163,0.545313835144043,0.26790153980255127,-0.2774122953414917
CLDN11,CLDN11,94,0.7627491,0.9124501,-0.149701,0.48504066467285156,0.2227628231048584,-0.26227784156799316
MIR4456,MIR4456,116,0.6291817,0.77890056,-0.14971888,0.4127822518348694,0.2825397253036499,-0.13024252653121948
SNAPIN,SNAPIN,101,0.773423,0.9234841,-0.15006107,0.5890455842018127,0.2773869037628174,-0.31165868043899536
RSPO2,RSPO2,114,0.7812677,0.93151444,-0.15024674,0.46859514713287354,0.1667831540107727,-0.30181199312210083
GDF3,GDF3,104,0.79412526,0.9444498,-0.15032452,0.3309631049633026,0.08469771593809128,-0.24626538902521133
RPS16,RPS16,101,0.7177671,0.8681326,-0.15036547,0.6023992300033569,0.42567670345306396,-0.17672252655029297
RBBP5,RBBP5,118,0.71883285,0.8693247,-0.15049183,0.40806177258491516,0.2067267745733261,-0.20133499801158905
SRD5A1,SRD5A1,92,0.44702542,0.59757966,-0.15055424,0.6182593703269958,0.47310301661491394,-0.1451563537120819
EIF2S2,EIF2S2,113,0.7164052,0.8671825,-0.15077728,0.3662596046924591,0.15882903337478638,-0.20743057131767273
MTRR,MTRR,110,0.719315,0.8701673,-0.15085232,0.3573148548603058,0.19724471867084503,-0.16007013618946075
RN7SL680P,RN7SL680P,107,0.7606441,0.9115112,-0.1508671,0.300469309091568,0.11477774381637573,-0.18569156527519226
PLCG1,PLCG1,128,0.76885056,0.91991293,-0.15106237,0.4543554186820984,0.19646987318992615,-0.25788554549217224
ABCC9,ABCC9,100,0.7113818,0.86249524,-0.15111345,0.5855562686920166,0.3344327211380005,-0.2511235475540161
CASC7,CASC7,96,0.7421272,0.8933521,-0.15122491,0.27269089221954346,0.1215532049536705,-0.15113768726587296
FAM63A,FAM63A,96,0.738726,0.8899672,-0.15124118,0.5235347747802734,0.2678107023239136,-0.25572407245635986
TAS2R8,TAS2R8,110,0.80232936,0.95357835,-0.15124899,0.5094183087348938,0.16563104093074799,-0.3437872678041458
SNTB1,SNTB1,102,0.78199613,0.93327385,-0.15127772,0.31583327054977417,0.12416865676641464,-0.19166461378335953
LINC00672,LINC00672,112,0.34062925,0.49200252,-0.15137327,0.5695866942405701,0.48433563113212585,-0.08525106310844421
PRRC2C,PRRC2C,103,0.6205943,0.77197534,-0.15138102,1.2795078754425049,0.9634493589401245,-0.31605851650238037
RN7SL480P,RN7SL480P,102,0.7510616,0.9024879,-0.15142626,0.3518458306789398,0.1572989523410797,-0.1945468783378601
TAS2R1,TAS2R1,110,0.6423641,0.7939411,-0.151577,0.26110753417015076,0.15960144996643066,-0.10150608420372009
CD40,CD40,110,0.76728445,0.91903454,-0.15175009,0.48866456747055054,0.22740605473518372,-0.2612585127353668
RN7SL603P,RN7SL603P,105,0.8140899,0.9658497,-0.1517598,0.29822832345962524,0.07029107958078384,-0.2279372438788414
GGPS1,GGPS1,104,0.686128,0.83799446,-0.15186644,0.49310925602912903,0.2484513372182846,-0.24465791881084442
C8orf22,C8orf22,102,0.618536,0.7705854,-0.15204942,0.819745659828186,0.5436345338821411,-0.2761111259460449
DYNLRB1,DYNLRB1,90,0.7567427,0.90889734,-0.15215462,0.33209988474845886,0.13388434052467346,-0.1982155442237854
CA2,CA2,116,0.8000017,0.95223176,-0.15223008,0.3362339735031128,0.08994321525096893,-0.24629075825214386
SNORA4,SNORA4|ENSG00000251730.1,123,0.7162871,0.868632,-0.15234494,0.721932053565979,0.5413941144943237,-0.18053793907165527
OLFML2B,OLFML2B,92,0.76569307,0.9180598,-0.15236676,0.2508402168750763,0.09310503304004669,-0.1577351838350296
RN7SL300P,RN7SL300P,101,0.75888985,0.91126573,-0.15237588,0.7670468091964722,0.37947311997413635,-0.3875736892223358
RPL7,RPL7,120,0.74322903,0.89576066,-0.15253162,0.48505038022994995,0.22255510091781616,-0.2624952793121338
SNORA25,SNORA25|ENSG00000252011.1,116,0.67447275,0.82701236,-0.15253961,0.6127604246139526,0.351753830909729,-0.26100659370422363
RPS27,RPS27,115,0.769384,0.92193747,-0.15255344,0.33947616815567017,0.14803102612495422,-0.19144514203071594
RPL35A,RPL35A,107,0.7687421,0.9215957,-0.15285361,0.3397669494152069,0.13183587789535522,-0.20793107151985168
LINC00887,LINC00887,117,0.7561514,0.9090537,-0.1529023,0.3507334291934967,0.13524773716926575,-0.21548569202423096
STAU2,STAU2,110,0.7837127,0.93663216,-0.15291947,0.5938143134117126,0.2309340238571167,-0.36288028955459595
LXN,LXN,97,0.7748116,0.9278833,-0.1530717,0.5797509551048279,0.3060930669307709,-0.273657888174057
MIR4664,MIR4664,111,0.7786302,0.93186647,-0.15323627,0.35819676518440247,0.1150236576795578,-0.24317310750484467
RN7SKP88,RN7SKP88,133,0.7709879,0.9243116,-0.15332365,0.2701161503791809,0.10898783802986145,-0.16112831234931946
MED12L,MED12L,95,0.73173386,0.88507545,-0.15334159,0.5973930358886719,0.2996642589569092,-0.2977287769317627
DEFB118,DEFB118,105,0.7078757,0.8614372,-0.15356147,0.5039129257202148,0.2562028467655182,-0.24771007895469666
TEX29,TEX29,98,0.54417026,0.6977629,-0.15359265,0.6276831030845642,0.44643792510032654,-0.18124517798423767
GSDMD,GSDMD,116,0.7595146,0.9131278,-0.15361321,0.40674176812171936,0.14955078065395355,-0.2571909874677658
KPNA7,KPNA7,94,0.5884269,0.74216425,-0.15373737,0.5345284938812256,0.359406441450119,-0.17512205243110657
HRH3,HRH3,91,0.70458084,0.8583863,-0.15380543,0.4679580628871918,0.24722518026828766,-0.2207328826189041
ATF7IP,ATF7IP,108,0.72570753,0.8795575,-0.15384996,0.3332010507583618,0.15770317614078522,-0.1754978746175766
CNBD1,CNBD1,114,0.76226217,0.9161517,-0.15388954,0.4714527130126953,0.17563901841640472,-0.2958136945962906
PBXIP1,PBXIP1,119,0.7776754,0.9316064,-0.15393102,0.374836802482605,0.1390032321214676,-0.2358335703611374
snoU13,snoU13|ENSG00000238325.1,108,0.7009565,0.8551577,-0.15420115,0.4481593668460846,0.23347319662570953,-0.21468617022037506
PP13439,PP13439,122,0.6635846,0.8178036,-0.15421903,0.4138159453868866,0.2615165114402771,-0.1522994339466095
NBPF16,NBPF16,108,0.7512723,0.90555435,-0.15428203,0.2673583924770355,0.11159935593605042,-0.1557590365409851
MGST1,MGST1,105,0.7851166,0.93941283,-0.15429622,0.4345978796482086,0.10934572666883469,-0.32525215297937393
FCGR2C,FCGR2C,102,0.6231819,0.77752674,-0.15434486,0.6224580407142639,0.39465710520744324,-0.22780093550682068
OXCT1,OXCT1,95,0.5646615,0.7190121,-0.15435058,0.43504390120506287,0.3324558734893799,-0.10258802771568298
ADHFE1,ADHFE1,117,0.77605265,0.930485,-0.15443236,0.508788526058197,0.20016597211360931,-0.3086225539445877
CLRN1,CLRN1,100,0.61333585,0.76782197,-0.15448612,0.9491124153137207,0.674095094203949,-0.27501732110977173
SNORA81,SNORA81|ENSG00000253092.1,107,0.7762775,0.9307732,-0.15449572,0.2426488697528839,0.08006076514720917,-0.16258810460567474
MIR3610,MIR3610,88,0.7847532,0.93932337,-0.15457016,0.23929929733276367,0.07173749804496765,-0.16756179928779602
SLITRK3,SLITRK3,104,0.80431896,0.95891225,-0.15459329,0.5976884365081787,0.21351172029972076,-0.38417671620845795
PRSS51,PRSS51,109,0.6846202,0.83933485,-0.15471464,0.5339663028717041,0.355217844247818,-0.1787484586238861
ZNF334,ZNF334,102,0.75545007,0.91038793,-0.15493786,0.38637039065361023,0.16733093559741974,-0.2190394550561905
KLRAP1,KLRAP1,110,0.6575238,0.81250024,-0.15497643,0.3160194456577301,0.17725692689418793,-0.13876251876354218
PLEKHO1,PLEKHO1,121,0.74096143,0.8960352,-0.15507376,0.36058858036994934,0.12586259841918945,-0.2347259819507599
SKIL,SKIL,97,0.70255554,0.85765535,-0.15509981,0.361575186252594,0.20609097182750702,-0.15548421442508698
ACTN2,ACTN2,110,0.6708687,0.8260423,-0.1551736,0.5602273941040039,0.32551151514053345,-0.23471587896347046
CREBL2,CREBL2,121,0.6759017,0.8310919,-0.15519017,0.29403895139694214,0.16898220777511597,-0.12505674362182617
PLD1,PLD1,127,0.77723014,0.9324565,-0.15522635,0.3930036425590515,0.14851994812488556,-0.24448369443416595
PHB2,PHB2,81,0.77309495,0.92842317,-0.15532821,0.7650591731071472,0.27364253997802734,-0.4914166331291199
AHSG,AHSG,110,0.8002499,0.95568645,-0.15543658,0.34550774097442627,0.0986928790807724,-0.24681486189365387
COMMD7,COMMD7,111,0.6570849,0.8125292,-0.15544432,0.556498646736145,0.2875126600265503,-0.2689859867095947
RNA5SP65,RNA5SP65,122,0.7065279,0.8620437,-0.15551579,0.5754697918891907,0.2897557020187378,-0.2857140898704529
IAPP,IAPP,98,0.7599194,0.91545695,-0.15553755,0.515943706035614,0.2656230032444,-0.250320702791214
HELZ2,HELZ2,114,0.60786,0.76363283,-0.1557728,0.49352186918258667,0.324040025472641,-0.16948184370994568
FAM66C,FAM66C,102,0.7532484,0.9090829,-0.1558345,0.40264469385147095,0.15607436001300812,-0.24657033383846283
CPM,CPM,106,0.5442171,0.7000549,-0.15583777,0.9675856828689575,0.6836161613464355,-0.283969521522522
SDHA,SDHA,111,0.70041615,0.856254,-0.15583783,0.42705631256103516,0.21389639377593994,-0.21315991878509521
PIGU,PIGU,96,0.68699205,0.8429134,-0.15592134,1.0690478086471558,0.6719794273376465,-0.3970683813095093
EIF2A,EIF2A,103,0.74443555,0.9005019,-0.15606636,0.6105985045433044,0.34306153655052185,-0.2675369679927826
BPIFB4,BPIFB4,92,0.5840085,0.7401073,-0.15609878,0.45883166790008545,0.3110905587673187,-0.14774110913276672
LINC00176,LINC00176,113,0.7302854,0.886411,-0.1561256,0.4290912449359894,0.20177577435970306,-0.22731547057628632
SERPINI2,SERPINI2,87,0.7626528,0.91881484,-0.15616202,0.7933051586151123,0.34883826971054077,-0.44446688890457153
LINC00861,LINC00861,131,0.6959027,0.85228384,-0.15638113,0.31080102920532227,0.15805774927139282,-0.15274327993392944
RNA5SP482,RNA5SP482,125,0.6755296,0.8320537,-0.15652412,0.40096524357795715,0.1675383597612381,-0.23342688381671906
NIT1,NIT1,88,0.79344815,0.94998103,-0.15653288,0.5407758951187134,0.18003305792808533,-0.36074283719062805
HLTF,HLTF,117,0.71219003,0.8689079,-0.1567179,0.5648972988128662,0.28137239813804626,-0.28352490067481995
ADAMTS16,ADAMTS16,124,0.62308943,0.78002864,-0.15693921,0.5194668173789978,0.34147173166275024,-0.17799508571624756
RN7SKP32,RN7SKP32,110,0.6907409,0.8478814,-0.1571405,0.46893182396888733,0.25412777066230774,-0.2148040533065796
MIR3616,MIR3616,102,0.77132267,0.9284682,-0.15714556,0.29010865092277527,0.0993199273943901,-0.19078872352838516
JPH1,JPH1,102,0.75838786,0.9156031,-0.15721524,0.2485952228307724,0.1006951555609703,-0.1479000672698021
SCARNA11,SCARNA11|ENSG00000252727.1,119,0.769551,0.9268186,-0.15726763,0.3439526855945587,0.12360651046037674,-0.22034617513418198
PYDC2,PYDC2,83,0.7707808,0.92807525,-0.15729445,0.3463810086250305,0.13467632234096527,-0.21170468628406525
SPRR1B,SPRR1B,103,0.76057065,0.91792285,-0.15735221,0.48090240359306335,0.18590949475765228,-0.29499290883541107
RINL,RINL,105,0.58470345,0.7421451,-0.15744168,0.32359519600868225,0.2401863932609558,-0.08340880274772644
ANXA13,ANXA13,106,0.5893658,0.74682003,-0.15745425,0.6308514475822449,0.44123387336730957,-0.1896175742149353
SNORA20,SNORA20|ENSG00000206649.1,104,0.7988935,0.9564261,-0.15753257,0.21714924275875092,0.053415779024362564,-0.16373346373438835
SNORD56,SNORD56|ENSG00000201151.1,113,0.70936966,0.8669581,-0.15758842,0.4397023618221283,0.21897251904010773,-0.22072984278202057
KAT6A,KAT6A,118,0.5321219,0.6897335,-0.15761161,0.6861817240715027,0.5128423571586609,-0.1733393669128418
TTC33,TTC33,115,0.6921343,0.8497992,-0.1576649,0.507314145565033,0.3068453371524811,-0.20046880841255188
snoU13,snoU13|ENSG00000238514.1,113,0.49936834,0.65709764,-0.1577293,1.9731855392456055,1.7832293510437012,-0.1899561882019043
MIR5186,MIR5186,115,0.7571971,0.9149265,-0.15772945,0.5154139399528503,0.20466652512550354,-0.3107474148273468
WBP11,WBP11,110,0.69274145,0.85051847,-0.15777701,0.3462337851524353,0.1807493418455124,-0.1654844433069229
TAF2,TAF2,120,0.7018898,0.85992235,-0.15803254,0.5170419812202454,0.2787938416004181,-0.23824813961982727
UBE2W,UBE2W,93,0.7951876,0.9532245,-0.15803689,0.48136410117149353,0.12490315735340118,-0.35646094381809235
SNORD112,SNORD112|ENSG00000252354.1,93,0.7197319,0.8778213,-0.1580894,0.7175700068473816,0.37169867753982544,-0.34587132930755615
SNORD59,SNORD59|ENSG00000252682.1,104,0.7740533,0.93218577,-0.1581325,0.40461546182632446,0.148941308259964,-0.2556741535663605
METTL13,METTL13,93,0.75757843,0.91585577,-0.15827733,0.23090896010398865,0.0882263109087944,-0.14268264919519424
LINGO4,LINGO4,119,0.7302248,0.8885364,-0.1583116,0.5483424663543701,0.26249203085899353,-0.2858504354953766
EEF1D,EEF1D,113,0.690688,0.849015,-0.15832698,0.35319676995277405,0.20232897996902466,-0.1508677899837494
WFDC10B,WFDC10B,93,0.77860194,0.9369844,-0.15838248,0.28694459795951843,0.10117257386445999,-0.18577202409505844
MATN2,MATN2,89,0.7821692,0.9406051,-0.15843588,0.4167567491531372,0.19936154782772064,-0.21739520132541656
PEX5L,PEX5L,97,0.76298606,0.9215154,-0.15852934,0.2714877724647522,0.10243427753448486,-0.16905349493026733
SLC12A7,SLC12A7,108,0.492341,0.65098035,-0.15863934,0.9609523415565491,0.7453716397285461,-0.21558070182800293
RUNX1T1,RUNX1T1,78,0.7196872,0.87841696,-0.15872973,0.40570205450057983,0.22146616876125336,-0.18423588573932648
AMACR,AMACR,100,0.6147627,0.77360314,-0.15884042,0.5382369756698608,0.3403434753417969,-0.19789350032806396
PCAT1,PCAT1,122,0.69265413,0.8517767,-0.15912259,0.5223396420478821,0.3256446123123169,-0.19669502973556519
MAPK15,MAPK15,99,0.60418844,0.76332533,-0.15913689,0.4957321286201477,0.30855846405029297,-0.18717366456985474
RAB11FIP1,RAB11FIP1,99,0.5755755,0.7347215,-0.15914601,0.9369887709617615,0.6952363848686218,-0.24175238609313965
RNA5SP61,RNA5SP61,113,0.64515764,0.80449355,-0.15933591,0.5625630617141724,0.33858996629714966,-0.2239730954170227
SNAI2,SNAI2,96,0.71655816,0.8759203,-0.15936214,0.3886777460575104,0.18204836547374725,-0.20662938058376312
RN7SKP162,RN7SKP162,120,0.70302355,0.8625568,-0.15953326,0.25807294249534607,0.12705780565738678,-0.1310151368379593
LSM14B,LSM14B,102,0.68895817,0.84854174,-0.15958357,0.39223262667655945,0.218862846493721,-0.17336978018283844
TP53INP2,TP53INP2,93,0.74049324,0.9004288,-0.15993553,0.4528485834598541,0.19790533185005188,-0.25494325160980225
FCGR3B,FCGR3B,90,0.7159451,0.87590647,-0.15996134,0.9163545370101929,0.5359324812889099,-0.38042205572128296
DNAH5,DNAH5,104,0.69743824,0.85747653,-0.16003829,0.8629894256591797,0.5397299528121948,-0.32325947284698486
ZNF124,ZNF124,118,0.6761876,0.83627266,-0.16008508,0.629021406173706,0.3591974675655365,-0.26982393860816956
C12orf60,C12orf60,124,0.70790493,0.8682331,-0.16032815,0.41464686393737793,0.20666426420211792,-0.20798259973526
EFNA3,EFNA3,100,0.65689176,0.8172981,-0.16040635,0.46296024322509766,0.27503901720046997,-0.18792122602462769
SGCZ,SGCZ,88,0.68360025,0.8440182,-0.16041797,0.5684459805488586,0.3412427604198456,-0.22720322012901306
MBNL1,MBNL1,117,0.69937086,0.8597953,-0.16042441,0.5605434775352478,0.317973792552948,-0.2425696849822998
SRMS,SRMS,102,0.7969259,0.95741343,-0.16048753,0.4009633958339691,0.09670692682266235,-0.30425646901130676
FAM98C,FAM98C,108,0.34581116,0.5063831,-0.16057196,0.5125842094421387,0.39161452651023865,-0.12096968293190002
SLC6A13,SLC6A13,121,0.5568674,0.7175352,-0.16066778,0.6896967887878418,0.4678715765476227,-0.22182521224021912
RPN2,RPN2,99,0.7663535,0.9270403,-0.16068679,0.36187219619750977,0.1065925657749176,-0.25527963042259216
S100A5,S100A5,96,0.7799845,0.94072896,-0.16074449,0.5038440823554993,0.16093210875988007,-0.3429119735956192
U8,U8|ENSG00000201810.1,115,0.76349455,0.9243011,-0.16080654,0.3716961443424225,0.13768270611763,-0.23401343822479248
SPACA7,SPACA7,103,0.5740856,0.73507506,-0.16098946,0.6425929665565491,0.4393482804298401,-0.20324468612670898
SPRR3,SPRR3,98,0.75448084,0.9154778,-0.16099697,0.8481203317642212,0.4770694375038147,-0.3710508942604065
DESI2,DESI2,113,0.724338,0.8853868,-0.16104883,0.35885119438171387,0.16416895389556885,-0.19468224048614502
GBAS,GBAS,100,0.64731956,0.8084604,-0.16114086,0.24217471480369568,0.1386520117521286,-0.10352270305156708
APOD,APOD,93,0.7391059,0.90034103,-0.16123515,0.5594331622123718,0.233374685049057,-0.3260584771633148
METTL21B,METTL21B,111,0.61711645,0.77843946,-0.16132301,0.881773054599762,0.5044534206390381,-0.3773196339607239
PDGFRA,PDGFRA,112,-0.06855607,0.09283388,-0.16138995,0.29205378890037537,0.30443423986434937,0.012380450963973999
RARA,RARA,99,0.62651783,0.7880147,-0.16149688,1.7036664485931396,1.0562716722488403,-0.6473947763442993
ZNF705A,ZNF705A,91,0.7883684,0.94991016,-0.16154176,0.5568148493766785,0.1785302609205246,-0.37828458845615387
PRDM9,PRDM9,85,0.4212663,0.5828682,-0.16160193,1.005031943321228,0.7880337834358215,-0.2169981598854065
RN7SL789P,RN7SL789P,102,0.534948,0.6967637,-0.1618157,0.493233859539032,0.3470454812049866,-0.1461883783340454
NCBP2,NCBP2,115,0.76389694,0.9257184,-0.16182148,0.6755528450012207,0.22389335930347443,-0.4516594856977463
IL6,IL6,90,0.62564427,0.7874717,-0.16182745,0.5292655825614929,0.322826623916626,-0.20643895864486694
CCND2,CCND2,130,0.45048964,0.61231756,-0.16182792,0.29475802183151245,0.1868637204170227,-0.10789430141448975
SUCO,SUCO,103,0.70677215,0.86864084,-0.16186869,0.4137406349182129,0.2013562023639679,-0.212384432554245
MASP1,MASP1,120,0.73379856,0.89575887,-0.1619603,0.4039906859397888,0.16949523985385895,-0.23449544608592987
C1orf189,C1orf189,111,0.78793037,0.9499802,-0.16204983,0.40467289090156555,0.12289191782474518,-0.2817809730768204
CMBL,CMBL,108,0.6958699,0.8579365,-0.16206658,0.414354145526886,0.25689637660980225,-0.15745776891708374
MIR4654,MIR4654,118,0.7446119,0.9067431,-0.16213119,0.33830782771110535,0.14360259473323822,-0.19470523297786713
FDFT1,FDFT1,93,0.56224614,0.7244335,-0.16218734,0.6636678576469421,0.46555963158607483,-0.1981082260608673
AADACL2,AADACL2,120,0.6419963,0.8042309,-0.1622346,0.4708140790462494,0.24576415121555328,-0.2250499278306961
PRLR,PRLR,125,0.6657568,0.8280641,-0.16230726,0.41941767930984497,0.24232321977615356,-0.1770944595336914
ST6GAL1,ST6GAL1,108,0.79248595,0.9548825,-0.16239655,0.4765035808086395,0.130665123462677,-0.3458384573459625
PTMS,PTMS,112,0.7603721,0.9227902,-0.16241813,0.45278093218803406,0.1859605312347412,-0.26682040095329285
FOXJ2,FOXJ2,107,0.76302904,0.9257356,-0.16270655,0.4887465238571167,0.1435955911874771,-0.3451509326696396
OLR1,OLR1,110,0.68490744,0.84780186,-0.16289443,1.0618520975112915,0.5762841701507568,-0.48556792736053467
MIR5698,MIR5698,110,0.8052443,0.96828645,-0.16304213,0.6206343770027161,0.13424184918403625,-0.4863925278186798
CLEC12A,CLEC12A,98,0.78168017,0.94481933,-0.16313916,0.6860690712928772,0.23293909430503845,-0.45312997698783875
NKAIN4,NKAIN4,108,0.6958468,0.8590151,-0.16316831,0.6628001928329468,0.3298546373844147,-0.3329455554485321
RAB22A,RAB22A,119,0.7899948,0.9531985,-0.16320372,0.29912394285202026,0.09572901576757431,-0.20339492708444595
PTGIS,PTGIS,119,0.7212823,0.884506,-0.16322368,0.47440001368522644,0.22616907954216003,-0.2482309341430664
PGAP3,PGAP3,94,0.58071184,0.7439635,-0.16325164,1.5256034135818481,0.9831600785255432,-0.5424433350563049
S100A12,S100A12,118,0.769264,0.932633,-0.163369,0.4513159394264221,0.16827762126922607,-0.28303831815719604
CCDC166,CCDC166,120,0.60008353,0.7634631,-0.16337955,0.45501163601875305,0.25629621744155884,-0.1987154185771942
C12orf71,C12orf71,129,0.7553759,0.9189401,-0.1635642,0.35551002621650696,0.15271227061748505,-0.2027977555990219
PCK1,PCK1,104,0.7571826,0.9208176,-0.16363502,0.8117854595184326,0.3656221628189087,-0.4461632966995239
OR10J4,OR10J4,100,0.7912906,0.9549418,-0.16365123,0.43259385228157043,0.11490345001220703,-0.3176904022693634
LINC00568,LINC00568,99,0.7224237,0.88611954,-0.16369587,0.6357829570770264,0.33528566360473633,-0.30049729347229004
DROSHA,DROSHA,92,0.76028764,0.9239929,-0.16370523,0.8465595841407776,0.32455509901046753,-0.5220044851303101
LINC00534,LINC00534,106,0.76596415,0.9296889,-0.16372472,0.30585986375808716,0.11041516065597534,-0.19544470310211182
RN7SL676P,RN7SL676P,114,0.7294139,0.8931928,-0.1637789,0.46680933237075806,0.18395216763019562,-0.28285716474056244
WFDC9,WFDC9,89,0.78034204,0.9441706,-0.16382855,0.2581614851951599,0.08788090199232101,-0.1702805832028389
SMG5,SMG5,107,0.74802065,0.91197884,-0.16395819,0.467367023229599,0.1808510720729828,-0.2865159511566162
DUSP12,DUSP12,112,0.78283906,0.94681287,-0.16397381,0.32581019401550293,0.10129857808351517,-0.22451161593198776
TMEM44,TMEM44,96,0.7624066,0.92640245,-0.16399586,0.39535367488861084,0.14507871866226196,-0.2502749562263489
SNORD87,SNORD87,108,0.7838028,0.94807523,-0.16427243,0.4061458706855774,0.11142115294933319,-0.2947247177362442
LRCH3,LRCH3,102,0.6783712,0.8426861,-0.16431493,0.48681584000587463,0.22706536948680878,-0.25975047051906586
PENK,PENK,103,0.7792794,0.94366676,-0.16438735,0.6362177133560181,0.16700269281864166,-0.4692150205373764
FER1L4,FER1L4,105,0.7262151,0.89068556,-0.16447043,0.39826926589012146,0.19131386280059814,-0.20695540308952332
RN7SL783P,RN7SL783P,94,0.5525731,0.7171255,-0.16455239,0.9268556237220764,0.6723974347114563,-0.2544581890106201
TCFL5,TCFL5,115,0.72523737,0.8897972,-0.16455984,0.47529304027557373,0.2080642133951187,-0.267228826880455
REXO1L10P,REXO1L10P|ENSG00000270416.1,103,0.78354055,0.9481141,-0.16457355,0.32972824573516846,0.1143452450633049,-0.21538300067186356
RN7SKP65,RN7SKP65,111,0.5854301,0.7500582,-0.16462809,2.1671507358551025,1.2920371294021606,-0.8751136064529419
C8orf82,C8orf82,97,0.78374505,0.94841206,-0.16466701,0.5480461716651917,0.14428377151489258,-0.4037624001502991
HGSNAT,HGSNAT,99,0.56565267,0.7305342,-0.16488153,0.715522289276123,0.4917285740375519,-0.22379371523857117
RNA5SP354,RNA5SP354,91,0.72922736,0.8941502,-0.16492283,0.6136917471885681,0.24753597378730774,-0.3661557734012604
EBAG9,EBAG9,89,0.7518218,0.9167576,-0.16493577,0.45289936661720276,0.17698077857494354,-0.2759185880422592
IPO8,IPO8,106,0.36439225,0.52940387,-0.16501161,0.9243392944335938,0.7546803951263428,-0.16965889930725098
PHF20,PHF20,106,0.6048269,0.7701741,-0.16534716,0.7036004066467285,0.47930464148521423,-0.22429576516151428
SUCNR1,SUCNR1,93,0.7737655,0.9391357,-0.16537017,0.6580354571342468,0.2802957594394684,-0.37773969769477844
SPRED3,SPRED3,115,0.7171105,0.88254404,-0.16543353,0.5524308681488037,0.3453832268714905,-0.20704764127731323
SDK1,SDK1,118,0.56127363,0.7267233,-0.16544968,0.7436633110046387,0.5121656060218811,-0.23149770498275757
SNORA31,SNORA31|ENSG00000252920.1,107,0.7361136,0.9015895,-0.1654759,0.5801295042037964,0.26729318499565125,-0.31283631920814514
SLAMF9,SLAMF9,112,0.8073976,0.9728793,-0.16548169,0.4303894639015198,0.08019058406352997,-0.3501988798379898
KLRC3,KLRC3,115,0.70744777,0.8730482,-0.16560042,0.8145612478256226,0.4461978077888489,-0.3683634400367737
PRPF3,PRPF3,92,0.6666557,0.8323021,-0.16564637,0.6499517560005188,0.32930049300193787,-0.32065126299858093
POTEA,POTEA,103,0.50781685,0.6735215,-0.16570467,0.6119894981384277,0.4425278306007385,-0.1694616675376892
SNORA71D,SNORA71D,105,0.6625005,0.8283672,-0.16586667,0.5029603242874146,0.27686986327171326,-0.2260904610157013
PCID2,PCID2,100,0.5619953,0.7279858,-0.16599047,0.5353906750679016,0.3647594451904297,-0.17063122987747192
CCT5,CCT5,115,0.66997725,0.8362042,-0.16622692,0.4515688717365265,0.2693208158016205,-0.182248055934906
ATP4B,ATP4B,109,0.48900226,0.65537375,-0.1663715,0.43780601024627686,0.3276347517967224,-0.11017125844955444
SLC52A2,SLC52A2,102,0.73655045,0.90292966,-0.16637921,0.44526684284210205,0.1960684210062027,-0.24919842183589935
SCARNA11,SCARNA11|ENSG00000251898.1,114,0.6994177,0.8659261,-0.16650838,0.47693079710006714,0.24023061990737915,-0.236700177192688
MAP1LC3A,MAP1LC3A,112,0.6822245,0.84874964,-0.16652513,0.3743979036808014,0.19686317443847656,-0.17753472924232483
TRAM1,TRAM1,105,0.7395781,0.90616596,-0.16658783,0.46597540378570557,0.18336066603660583,-0.28261473774909973
ARFGAP1,ARFGAP1,89,0.57119656,0.7378855,-0.16668892,0.4795028269290924,0.3049929440021515,-0.17450988292694092
SNX16,SNX16,110,0.70311594,0.86981714,-0.1667012,0.45203378796577454,0.21433822810649872,-0.23769555985927582
TPRG1,TPRG1,113,0.7752285,0.9419349,-0.16670638,0.2593498229980469,0.07643797248601913,-0.18291185051202774
MROH1,MROH1,119,0.738197,0.90493965,-0.16674262,0.4605568051338196,0.1861697882413864,-0.27438701689243317
PMEPA1,PMEPA1,100,0.73404396,0.9007883,-0.16674435,0.37254011631011963,0.16482266783714294,-0.20771744847297668
ZNF250,ZNF250,104,0.73948115,0.9062419,-0.16676074,0.4505828619003296,0.20911121368408203,-0.24147164821624756
KIAA1551,KIAA1551,111,0.6323461,0.79911464,-0.16676855,0.5372342467308044,0.29306572675704956,-0.24416851997375488
WWTR1,WWTR1,119,0.7536424,0.92042387,-0.16678149,0.39966291189193726,0.13646304607391357,-0.2631998658180237
LCE3B,LCE3B,121,0.77807146,0.9448869,-0.16681546,0.4364891052246094,0.11088484525680542,-0.32560425996780396
ALG8,ALG8,119,0.25043485,0.4174281,-0.16699326,0.5318210124969482,0.46053770184516907,-0.07128331065177917
DCUN1D1,DCUN1D1,86,0.71035093,0.8773755,-0.16702455,0.5076183080673218,0.2611118257045746,-0.2465064823627472
RBP5,RBP5,98,0.77481,0.94190687,-0.16709685,0.44941073656082153,0.13558979332447052,-0.313820943236351
DCAF8,DCAF8,116,0.7680058,0.9352072,-0.1672014,0.5499597787857056,0.2088490128517151,-0.3411107659339905
EMILIN3,EMILIN3,96,0.751049,0.9182807,-0.16723174,0.3894384801387787,0.1554580181837082,-0.2339804619550705
RPL30P11,RPL30P11,118,0.69352037,0.86100453,-0.16748416,0.2903798222541809,0.14109332859516144,-0.14928649365901947
FBXL6,FBXL6,103,0.69410056,0.8619726,-0.16787201,0.43739181756973267,0.21833251416683197,-0.2190593034029007
MTX1,MTX1,120,0.76452565,0.93241674,-0.16789109,0.6621124148368835,0.24777434766292572,-0.4143380671739578
SBSPON,SBSPON,97,0.7678422,0.93574125,-0.16789907,0.2720698416233063,0.10009775310754776,-0.17197208851575851
MIR199A2,MIR199A2,112,0.7228201,0.8907329,-0.16791278,0.27336961030960083,0.12526476383209229,-0.14810484647750854
BPIFB3,BPIFB3,120,0.72877043,0.8967938,-0.16802335,0.45587438344955444,0.18732307851314545,-0.268551304936409
BNIPL,BNIPL,102,0.68896484,0.8570765,-0.16811168,0.43192508816719055,0.22752366960048676,-0.2044014185667038
CBFA2T2,CBFA2T2,119,0.6150154,0.78325087,-0.16823548,0.5644981861114502,0.33214321732521057,-0.23235496878623962
MIR555,MIR555,116,0.80109537,0.96935016,-0.1682548,0.3491983115673065,0.06439943611621857,-0.28479887545108795
INTS8,INTS8,112,0.7689747,0.9373277,-0.16835296,0.40681523084640503,0.15193918347358704,-0.254876047372818
SLC27A3,SLC27A3,100,0.58472854,0.7531383,-0.16840976,1.0159565210342407,0.7030075192451477,-0.312949001789093
EFCAB4B,EFCAB4B,98,0.7849021,0.953338,-0.16843593,0.4716138243675232,0.1103791669011116,-0.3612346574664116
TMEM81,TMEM81,102,0.67603105,0.84458447,-0.16855341,0.49291056394577026,0.2602721154689789,-0.23263844847679138
RAB13,RAB13,97,0.75490993,0.9235857,-0.16867578,0.5674654245376587,0.23981119692325592,-0.32765422761440277
FAM209B,FAM209B,104,0.7314523,0.9002041,-0.16875184,0.38809460401535034,0.16712768375873566,-0.22096692025661469
PMVK,PMVK,96,0.7906208,0.95949805,-0.16887724,0.3219262659549713,0.07359256595373154,-0.24833370000123978
RNA5SP275,RNA5SP275,126,0.77130866,0.94048077,-0.16917211,0.4087412357330322,0.12692229449748993,-0.2818189412355423
E2F1,E2F1,91,0.7291007,0.89843845,-0.16933775,0.4316309094429016,0.14583547413349152,-0.2857954353094101
SNORA75,SNORA75|ENSG00000212440.1,112,0.69574744,0.86515874,-0.1694113,0.3303739130496979,0.16701385378837585,-0.16336005926132202
BAI1,BAI1,92,0.7819551,0.9513887,-0.1694336,0.2727411985397339,0.06745870411396027,-0.20528249442577362
SNORD123,SNORD123,97,0.7178676,0.88734114,-0.16947353,0.4954804480075836,0.2577824592590332,-0.23769798874855042
SLCO5A1,SLCO5A1,93,0.6792765,0.8488165,-0.16953999,0.43292510509490967,0.2158169150352478,-0.21710819005966187
ENY2,ENY2,121,0.72595954,0.8955508,-0.16959125,0.39697036147117615,0.1769968867301941,-0.21997347474098206
ADAM15,ADAM15,111,0.70124435,0.87085474,-0.16961038,0.35459744930267334,0.16087336838245392,-0.19372408092021942
snoU13,snoU13|ENSG00000238629.1,107,0.63853073,0.8081756,-0.16964489,0.8688929080963135,0.646295964717865,-0.2225969433784485
ALG3,ALG3,96,0.67859733,0.8483081,-0.16971076,0.4352022409439087,0.23999084532260895,-0.19521139562129974
AP2M1,AP2M1,112,0.6937604,0.86348116,-0.16972077,0.24370872974395752,0.12677398324012756,-0.11693474650382996
PMF1,PMF1,108,0.71658915,0.8864023,-0.16981316,0.624922513961792,0.2902257442474365,-0.33469676971435547
LCE2B,LCE2B,108,0.72132784,0.89114773,-0.16981989,0.6633380055427551,0.29129359126091003,-0.3720444142818451
OSGIN2,OSGIN2,99,0.75935787,0.9293788,-0.17002094,0.4832761287689209,0.19441944360733032,-0.2888566851615906
MIR1914,MIR1914,96,0.73691034,0.90717244,-0.1702621,0.31873372197151184,0.12172477692365646,-0.19700894504785538
PRB1,PRB1,101,0.738922,0.9092201,-0.1702981,0.3424188494682312,0.11486440896987915,-0.22755444049835205
KIAA1875,KIAA1875,112,0.6679346,0.838263,-0.17032838,0.6227611899375916,0.31616687774658203,-0.3065943121910095
SPRR2G,SPRR2G,104,0.789279,0.9596779,-0.17039889,0.6348094344139099,0.15264278650283813,-0.4821666479110718
PKIG,PKIG,99,0.6870559,0.85765624,-0.17060035,0.42351412773132324,0.1945042461156845,-0.22900988161563873
SH2D1B,SH2D1B,115,0.7628745,0.9335952,-0.1707207,0.3267974555492401,0.119196817278862,-0.2076006382703781
DEFB122,DEFB122,106,0.6104431,0.78116506,-0.17072195,0.5448575019836426,0.34783872961997986,-0.19701877236366272
MIR580,MIR580,106,0.63785684,0.80874264,-0.1708858,0.3194717466831207,0.17356178164482117,-0.14590996503829956
H3F3C,H3F3C,85,0.73968524,0.91057485,-0.17088962,1.0924230813980103,0.452996164560318,-0.6394269168376923
LINC00651,LINC00651,100,0.6852959,0.85656154,-0.17126566,0.3450990319252014,0.17570680379867554,-0.16939222812652588
GPR89B,GPR89B,116,0.73060554,0.901888,-0.17128247,0.4586045742034912,0.1978909820318222,-0.260713592171669
CA14,CA14,107,0.74508566,0.916438,-0.17135233,0.4117724299430847,0.15315619111061096,-0.25861623883247375
SUB1,SUB1,89,0.72827125,0.8996413,-0.17137003,0.7217142581939697,0.3691020905971527,-0.352612167596817
MYOC,MYOC,109,0.58568364,0.7571109,-0.17142725,1.2959610223770142,0.8868785500526428,-0.40908247232437134
WDR64,WDR64,104,0.70417887,0.87585706,-0.17167819,0.3582819402217865,0.16593500971794128,-0.19234693050384521
SEC61G,SEC61G,106,0.37437725,0.5460562,-0.17167896,1.0697327852249146,0.9042763710021973,-0.16545641422271729
SCHIP1,SCHIP1,114,0.7246418,0.89633197,-0.17169017,0.6653335690498352,0.3669861853122711,-0.2983473837375641
ZNF670,ZNF670,98,0.7149634,0.8867312,-0.17176783,0.3900177478790283,0.1803903579711914,-0.20962738990783691
RFX5,RFX5,116,0.7658455,0.93791676,-0.17207128,0.2763613760471344,0.06995408982038498,-0.20640728622674942
SLC26A7,SLC26A7,103,0.7429793,0.9152631,-0.17228383,0.4784448444843292,0.19080759584903717,-0.28763724863529205
HSD17B7,HSD17B7,101,0.70932734,0.88166416,-0.17233682,0.38122448325157166,0.1501239389181137,-0.23110054433345795
MYBL2,MYBL2,108,0.69283587,0.8652099,-0.17237401,0.5201295614242554,0.24965471029281616,-0.2704748511314392
LIX1L,LIX1L,110,0.6952996,0.8677789,-0.17247927,0.3442416489124298,0.14431144297122955,-0.19993020594120026
RNA5SP177,RNA5SP177,129,0.62093866,0.7935018,-0.17256314,0.5560142397880554,0.34188273549079895,-0.21413150429725647
HIST2H3A,HIST2H3A,93,0.70718074,0.8799864,-0.17280567,0.5051019787788391,0.2785055637359619,-0.2265964150428772
STK38L,STK38L,103,0.6817554,0.85458773,-0.17283231,0.4304637014865875,0.2330251783132553,-0.19743852317333221
snoU13,snoU13|ENSG00000238359.1,102,0.71626383,0.8891589,-0.17289507,0.5299732089042664,0.2798951268196106,-0.25007808208465576
ZBED6,ZBED6,91,0.6754109,0.8483793,-0.17296839,0.36911728978157043,0.1865759789943695,-0.18254131078720093
FAM167A,FAM167A,99,0.6726003,0.8456365,-0.17303616,0.3825305700302124,0.21379929780960083,-0.16873127222061157
B3GALNT1,B3GALNT1,111,0.68196726,0.85503227,-0.173065,0.3832693099975586,0.19524416327476501,-0.18802514672279358
SLC45A4,SLC45A4,99,0.746028,0.9192732,-0.17324519,0.3007265627384186,0.0986672043800354,-0.20205935835838318
CLEC9A,CLEC9A,102,0.7049402,0.87826025,-0.17332006,0.3370998501777649,0.16431759297847748,-0.17278225719928741
SNORA22,SNORA22|ENSG00000206603.1,115,0.48104423,0.6543652,-0.17332095,0.35474520921707153,0.2389158457517624,-0.11582936346530914
SPRR2E,SPRR2E,105,0.79471886,0.9681389,-0.17342001,0.3471910357475281,0.07968264818191528,-0.2675083875656128
FAM86B1,FAM86B1,107,0.5636195,0.737098,-0.17347848,0.49512168765068054,0.3383435904979706,-0.15677809715270996
FBXO43,FBXO43,113,0.66247547,0.8359893,-0.17351383,0.4519989788532257,0.26388266682624817,-0.18811631202697754
APOBEC1,APOBEC1,104,0.64607584,0.8197135,-0.17363763,0.6784566640853882,0.3266797363758087,-0.35177692770957947
MUC20,MUC20,104,0.73923016,0.9129148,-0.17368466,0.45928728580474854,0.19054487347602844,-0.2687424123287201
LRRC24,LRRC24,103,0.7057982,0.8795062,-0.17370796,0.5029752254486084,0.24123215675354004,-0.26174306869506836
RNY4P5,RNY4P5,108,0.64512855,0.81901324,-0.17388469,0.47825294733047485,0.3012235760688782,-0.17702937126159668
LCE3C,LCE3C,109,0.7955577,0.9694781,-0.1739204,0.28809183835983276,0.045310404151678085,-0.24278143420815468
RIMS4,RIMS4,124,0.6006789,0.77462447,-0.17394555,1.0241118669509888,0.728061318397522,-0.2960505485534668
PLEKHG6,PLEKHG6,95,0.65436506,0.82849807,-0.174133,0.38218027353286743,0.19889208674430847,-0.18328818678855896
NADK2,NADK2,119,0.67960453,0.85392517,-0.17432064,0.36832553148269653,0.18682870268821716,-0.18149682879447937
CPHL1P,CPHL1P,123,0.5858938,0.7604593,-0.1745655,0.8529176712036133,0.5844578146934509,-0.26845985651016235
SCAND1,SCAND1,103,0.72219425,0.89680064,-0.17460638,0.4100848436355591,0.16806872189044952,-0.24201612174510956
KCNMB3,KCNMB3,111,0.74383646,0.9185633,-0.17472684,0.28386250138282776,0.08265293389558792,-0.20120956748723984
FGF6,FGF6,118,0.7270544,0.90188766,-0.17483324,0.28884461522102356,0.11272017657756805,-0.1761244386434555
C8orf87,C8orf87,107,0.7644321,0.9392729,-0.17484081,0.6213545203208923,0.19344565272331238,-0.42790886759757996
SNORA71,SNORA71|ENSG00000201811.1,117,0.66438675,0.83926594,-0.1748792,0.3888447880744934,0.1946885734796524,-0.194156214594841
FBXL14,FBXL14,108,0.6836092,0.8586164,-0.17500722,0.6223465800285339,0.2950095534324646,-0.32733702659606934
ARHGEF2,ARHGEF2,82,0.73806036,0.9130756,-0.17501527,0.48871171474456787,0.18839548528194427,-0.3003162294626236
C3orf70,C3orf70,107,0.7595893,0.934751,-0.17516166,0.2673088610172272,0.09210190176963806,-0.1752069592475891
RNA5SP266,RNA5SP266,98,0.75415176,0.9294985,-0.17534673,0.34022027254104614,0.1276867836713791,-0.21253348886966705
PTPRO,PTPRO,94,0.7851838,0.9606024,-0.17541862,0.27886730432510376,0.07168903201818466,-0.2071782723069191
SLPI,SLPI,107,0.7409797,0.9164337,-0.17545402,0.377972811460495,0.16607756912708282,-0.21189524233341217
CCDC127,CCDC127,85,0.73476034,0.91024375,-0.1754834,0.5229249000549316,0.25181102752685547,-0.27111387252807617
LINC00603,LINC00603,85,0.713003,0.88857466,-0.17557168,0.44463080167770386,0.1911180317401886,-0.25351276993751526
SNORA26,SNORA26|ENSG00000212224.1,104,0.7957062,0.97133976,-0.17563355,0.47761300206184387,0.09672196954488754,-0.38089103251695633
SNORA42,SNORA42|ENSG00000207475.1,113,0.7646354,0.94043046,-0.17579508,0.3501224219799042,0.1106194406747818,-0.23950298130512238
S100A7,S100A7,116,0.7340069,0.9098437,-0.1758368,0.5182711482048035,0.21583279967308044,-0.302438348531723
KCNK15,KCNK15,105,0.6520804,0.82805663,-0.17597622,0.5967097282409668,0.3395332396030426,-0.2571764886379242
BIRC2,BIRC2,102,0.20265281,0.3786414,-0.17598858,0.6477718949317932,0.5710167288780212,-0.07675516605377197
MSTO1,MSTO1,104,0.7477431,0.9237654,-0.17602229,0.700908362865448,0.27613365650177,-0.424774706363678
GON4L,GON4L,99,0.7242155,0.90046006,-0.17624456,0.8291707634925842,0.3244251012802124,-0.5047456622123718
RNA5SP146,RNA5SP146,94,0.77483875,0.9511971,-0.17635834,0.4415947198867798,0.11217904835939407,-0.3294156715273857
EFNA4,EFNA4,111,0.7490467,0.9254363,-0.17638963,0.25381481647491455,0.08244188874959946,-0.1713729277253151
MIR5187,MIR5187,94,0.7601532,0.9366797,-0.17652655,0.5251089334487915,0.17129023373126984,-0.35381869971752167
ITPR2,ITPR2,96,0.6038946,0.78071773,-0.17682314,0.33995911478996277,0.18730132281780243,-0.15265779197216034
B3GNT6,B3GNT6,109,0.503626,0.6805243,-0.1768983,0.862360954284668,0.5882633924484253,-0.2740975618362427
UHMK1,UHMK1,104,0.7396903,0.9166783,-0.176988,0.25132378935813904,0.08992024511098862,-0.16140354424715042
CERS2,CERS2,115,0.6717093,0.84878963,-0.17708033,0.6414555311203003,0.35681211948394775,-0.28464341163635254
SNORA72,SNORA72|ENSG00000207084.1,99,0.71642,0.8936783,-0.17725831,0.45694518089294434,0.19562312960624695,-0.2613220512866974
KCNQ2,KCNQ2,115,0.68563944,0.8630355,-0.17739606,0.7671096324920654,0.35654881596565247,-0.41056081652641296
SYT11,SYT11,88,0.66046983,0.8379102,-0.17744035,0.6996335983276367,0.41922056674957275,-0.28041303157806396
C8orf86,C8orf86,104,0.48421732,0.6617581,-0.17754081,0.5327641367912292,0.40634822845458984,-0.1264159083366394
PLCXD3,PLCXD3,103,0.61446196,0.79245204,-0.17799008,0.3785281181335449,0.2180207222700119,-0.16050739586353302
GINS4,GINS4,115,0.5506937,0.7287245,-0.17803079,1.0288933515548706,0.7617482542991638,-0.2671450972557068
ACRBP,ACRBP,111,0.73829824,0.9163809,-0.17808264,0.9026461839675903,0.4062907099723816,-0.49635547399520874
S100A2,S100A2,117,0.7521425,0.9302378,-0.17809534,0.33067944645881653,0.10499095171689987,-0.22568849474191666
LACTB2,LACTB2,117,0.7254347,0.9035308,-0.17809606,0.3049825131893158,0.11386816203594208,-0.19111435115337372
GPR137B,GPR137B,97,0.7641696,0.94230735,-0.17813778,0.3845476508140564,0.10514490306377411,-0.2794027477502823
MIR937,MIR937,106,0.6832116,0.8613806,-0.17816895,0.48091816902160645,0.22304683923721313,-0.2578713297843933
WDYHV1,WDYHV1,98,0.7073647,0.88559675,-0.17823207,0.6086816787719727,0.3165755867958069,-0.29210609197616577
LINC00662,LINC00662,113,0.28027636,0.45870283,-0.17842647,1.0759624242782593,0.9544101357460022,-0.12155228853225708
POLR2H,POLR2H,103,0.75324035,0.93172115,-0.1784808,0.42166393995285034,0.16082388162612915,-0.2608400583267212
HM13,HM13,102,0.678306,0.8567998,-0.1784938,0.3078025281429291,0.12812396883964539,-0.1796785593032837
DEFB136,DEFB136,91,0.7154741,0.89397055,-0.17849642,0.6242970824241638,0.2184199094772339,-0.40587717294692993
KCNG1,KCNG1,91,0.7492862,0.92782706,-0.17854089,0.24974089860916138,0.07768317312002182,-0.17205772548913956
CNOT2,CNOT2,108,0.46902356,0.64766437,-0.17864081,1.0264517068862915,0.7576117515563965,-0.268839955329895
HIST2H4A,HIST2H4A,98,0.74280334,0.9215977,-0.17879438,0.958742082118988,0.4322134852409363,-0.5265285968780518
GPR162,GPR162,88,0.6761595,0.85497886,-0.17881936,0.2688080966472626,0.15438415110111237,-0.11442394554615021
IRX1,IRX1,93,0.7254625,0.9044419,-0.1789794,0.41914236545562744,0.19518883526325226,-0.22395353019237518
RNA5SP472,RNA5SP472,107,0.5743846,0.753428,-0.17904335,1.0609393119812012,0.7729270458221436,-0.2880122661590576
GOLT1B,GOLT1B,90,0.6949951,0.8740442,-0.17904907,0.39652031660079956,0.2047504037618637,-0.19176991283893585
MFAP5,MFAP5,95,0.7652151,0.94431406,-0.17909896,0.4056510031223297,0.14878134429454803,-0.2568696588277817
S100A4,S100A4,110,0.7417418,0.92102957,-0.17928779,0.5003719925880432,0.19939857721328735,-0.30097341537475586
snoU13,snoU13|ENSG00000239141.1,106,0.74143416,0.9207556,-0.17932147,0.4602784514427185,0.1714639812707901,-0.2888144701719284
TSTA3,TSTA3,116,0.6818712,0.8613755,-0.17950433,0.6322067975997925,0.29818183183670044,-0.33402496576309204
RN7SKP15,RN7SKP15,108,0.7483259,0.9281009,-0.179775,0.49338623881340027,0.2144026756286621,-0.27898356318473816
DUSP23,DUSP23,128,0.7807974,0.96075404,-0.17995661,0.32539910078048706,0.07152606546878815,-0.2538730353116989
U3,U3|ENSG00000252536.1,97,0.7276375,0.90761286,-0.17997533,0.2889780104160309,0.10946602374315262,-0.17951198667287827
CDCA3,CDCA3,111,0.7116167,0.8918985,-0.18028182,0.4489932954311371,0.22016596794128418,-0.2288273274898529
NBPF24,NBPF24,94,0.7183915,0.8987406,-0.18034911,0.546819806098938,0.2911357581615448,-0.2556840479373932
ZNF572,ZNF572,116,0.74515057,0.9257168,-0.18056625,0.23879945278167725,0.09223108738660812,-0.14656836539506912
LINC00657,LINC00657,104,0.73684466,0.9174482,-0.18060356,0.4412744343280792,0.15275992453098297,-0.28851450979709625
DNM3,DNM3,112,0.67880404,0.8595552,-0.18075114,0.3038959503173828,0.14010614156723022,-0.1637898087501526
MANSC1,MANSC1,95,0.5158192,0.69664806,-0.18082887,1.4604134559631348,1.0736781358718872,-0.38673532009124756
DAP,DAP,117,0.70135844,0.8822169,-0.18085843,0.45423245429992676,0.24989016354084015,-0.2043422907590866
snoU13,snoU13|ENSG00000238496.1,102,0.7124189,0.89334136,-0.18092245,0.44192254543304443,0.1949295848608017,-0.24699296057224274
S100A7A,S100A7A,121,0.72349465,0.904455,-0.18096036,0.36827871203422546,0.13693735003471375,-0.23134136199951172
LAG3,LAG3,94,0.7080452,0.8890543,-0.18100911,0.2927553355693817,0.13797539472579956,-0.15477994084358215
TM4SF18,TM4SF18,90,0.6561881,0.83729154,-0.18110347,0.4211767911911011,0.2104383111000061,-0.21073848009109497
MAF1,MAF1,97,0.69877225,0.88002735,-0.1812551,0.33466461300849915,0.13842429220676422,-0.19624032080173492
DSTYK,DSTYK,119,0.7392971,0.92055446,-0.18125737,0.39985984563827515,0.13341465592384338,-0.26644518971443176
LRRC69,LRRC69,112,0.67791045,0.85942113,-0.18151069,0.409060001373291,0.20996512472629547,-0.19909487664699554
LRRC14B,LRRC14B,105,0.56647956,0.74810475,-0.18162519,0.7403415441513062,0.5022188425064087,-0.23812270164489746
SDR16C6P,SDR16C6P,97,0.67334104,0.8551305,-0.18178946,0.4258405566215515,0.23445533215999603,-0.19138522446155548
RYR2,RYR2,100,0.62695324,0.80875665,-0.1818034,0.591249942779541,0.3279968500137329,-0.2632530927658081
KPNA4,KPNA4,102,0.7594808,0.9414408,-0.18196005,0.45346036553382874,0.18066799640655518,-0.27279236912727356
C12orf77,C12orf77,107,0.52256906,0.7048889,-0.18231982,0.6677565574645996,0.42871716618537903,-0.23903939127922058
GALNT8,GALNT8,115,0.71515703,0.8975878,-0.18243074,0.22640946507453918,0.08198680728673935,-0.14442265778779984
CNBD2,CNBD2,101,0.7076903,0.89015526,-0.18246496,0.38783231377601624,0.1617729812860489,-0.22605933248996735
MIR887,MIR887,111,0.6633779,0.8459672,-0.18258929,0.5703258514404297,0.3139706254005432,-0.2563552260398865
ACTR5,ACTR5,105,0.7004421,0.8831978,-0.18275571,0.3093114495277405,0.10909118503332138,-0.2002202644944191
PXMP4,PXMP4,101,0.50036234,0.68312347,-0.18276113,0.9818958044052124,0.6434701681137085,-0.3384256362915039
SSR2,SSR2,107,0.7369035,0.9196828,-0.18277931,1.0198065042495728,0.4109513759613037,-0.608855128288269
SLA2,SLA2,122,0.6718018,0.85459536,-0.18279356,0.4408682882785797,0.2124037891626358,-0.2284644991159439
MROH8,MROH8,95,0.62381727,0.806624,-0.18280673,0.5213692784309387,0.2953714430332184,-0.22599783539772034
FAM209A,FAM209A,103,0.72676903,0.9096512,-0.18288219,0.383002907037735,0.14579185843467712,-0.23721104860305786
RN7SKP207,RN7SKP207,98,0.6901793,0.87318116,-0.18300188,1.028352975845337,0.5108019113540649,-0.517551064491272
TNIK,TNIK,97,0.6692014,0.85220563,-0.18300426,0.6656661033630371,0.39543408155441284,-0.27023202180862427
SNORA71B,SNORA71B,97,0.6929276,0.87593853,-0.18301094,0.39906972646713257,0.17110779881477356,-0.227961927652359
NIPBL,NIPBL,84,0.64189595,0.8251672,-0.18327123,0.46191588044166565,0.2932022511959076,-0.16871362924575806
RN7SL672P,RN7SL672P,97,0.75940734,0.942765,-0.18335766,0.24918721616268158,0.07586568593978882,-0.17332153022289276
C1orf54,C1orf54,101,0.66319394,0.8466976,-0.18350369,0.5245825052261353,0.23998524248600006,-0.2845972627401352
ITCH,ITCH,104,0.6923152,0.876365,-0.18404979,0.3701203465461731,0.1625060737133026,-0.20761427283287048
ATP6V1H,ATP6V1H,110,0.63660514,0.82065576,-0.18405062,0.27728471159935,0.14979438483715057,-0.1274903267621994
LINC00404,LINC00404,81,0.5806166,0.7646696,-0.184053,1.4198377132415771,1.0263453722000122,-0.39349234104156494
TTC23L,TTC23L,97,0.60425115,0.78835344,-0.1841023,0.5312275290489197,0.3252696096897125,-0.20595791935920715
HPS3,HPS3,108,0.65486324,0.83912545,-0.18426222,0.30309221148490906,0.15783290565013885,-0.1452593058347702
SLCO1A2,SLCO1A2,105,0.6778109,0.86215943,-0.18434852,1.0186666250228882,0.5197682976722717,-0.49889832735061646
PCMTD2,PCMTD2,94,0.73507404,0.91957295,-0.1844989,0.5632728338241577,0.2809935212135315,-0.2822793126106262
FCGR1A,FCGR1A,90,0.74884045,0.9333465,-0.18450606,0.8938427567481995,0.3731384575366974,-0.5207042992115021
RECQL4,RECQL4,111,0.7389774,0.92348874,-0.18451136,0.4068986475467682,0.13630080223083496,-0.2705978453159332
SNX21,SNX21,111,0.7595191,0.94411594,-0.18459684,0.3290479779243469,0.08241390436887741,-0.2466340735554695
ATP11B,ATP11B,97,0.70960283,0.8942125,-0.18460965,0.27300769090652466,0.1038094162940979,-0.16919827461242676
PKP2,PKP2,101,0.5994721,0.78428185,-0.18480974,0.5835645198822021,0.3383076786994934,-0.24525684118270874
BPIFA1,BPIFA1,104,0.6051608,0.79037917,-0.1852184,0.5254312753677368,0.31336915493011475,-0.21206212043762207
HEBP1,HEBP1,104,0.71574694,0.900986,-0.18523908,0.43706411123275757,0.1507117748260498,-0.28635233640670776
LYN,LYN,110,0.6656882,0.8509413,-0.18525308,0.5197688937187195,0.2522943615913391,-0.26747453212738037
ITGA10,ITGA10,115,0.6867758,0.8720443,-0.18526852,0.38798436522483826,0.17136326432228088,-0.21662110090255737
YIF1B,YIF1B,109,0.65387946,0.83919644,-0.18531698,0.9819328784942627,0.5649060010910034,-0.4170268774032593
snoU13,snoU13|ENSG00000238805.1,90,0.7129386,0.8983204,-0.18538177,0.4954375922679901,0.2006540298461914,-0.2947835624217987
SCXB,SCXB,98,0.7409806,0.9264708,-0.18549019,0.5467768311500549,0.18397486209869385,-0.3628019690513611
TNFAIP8L2,TNFAIP8L2,116,0.7632575,0.9488495,-0.185592,0.44812706112861633,0.11109630763530731,-0.337030753493309
RN7SL473P,RN7SL473P,100,0.71603185,0.9016514,-0.18561953,0.3117970824241638,0.12622889876365662,-0.1855681836605072
WNT5B,WNT5B,96,0.70882213,0.89452046,-0.18569833,0.24744777381420135,0.09859877079725266,-0.1488490030169487
SOX1,SOX1,102,0.31266165,0.49840653,-0.18574488,0.8437153100967407,0.6037026047706604,-0.24001270532608032
RN7SL156P,RN7SL156P,100,0.7469643,0.9327283,-0.18576401,0.3495529592037201,0.1034826934337616,-0.2460702657699585
PGLYRP4,PGLYRP4,88,0.7581731,0.9443184,-0.1861453,0.3684508502483368,0.09164921939373016,-0.27680163085460663
CTSA,CTSA,112,0.6716634,0.8578195,-0.1861561,0.5667478442192078,0.33755797147750854,-0.22918987274169922
RNA5SP485,RNA5SP485,116,0.64351445,0.8298346,-0.18632013,0.31337717175483704,0.15504617989063263,-0.1583309918642044
U3,U3|ENSG00000252543.1,87,0.7291768,0.91553825,-0.18636143,0.4798648953437805,0.22272640466690063,-0.2571384906768799
ZNF540,ZNF540,99,0.46148255,0.64797413,-0.18649158,1.1526190042495728,0.82883220911026,-0.32378679513931274
NDRG1,NDRG1,95,0.60820806,0.79473674,-0.18652868,1.1185417175292969,0.6722409129142761,-0.44630080461502075
MYO10,MYO10,109,0.6444862,0.8312689,-0.18678272,0.4137938916683197,0.23735396564006805,-0.17643992602825165
CDK6,CDK6,105,0.51393354,0.70094824,-0.1870147,0.9705681800842285,0.687281608581543,-0.28328657150268555
CHRD,CHRD,105,0.7236704,0.9107373,-0.18706685,0.29766401648521423,0.11857961863279343,-0.1790843978524208
TAS2R30,TAS2R30,107,0.6081853,0.79541826,-0.18723297,0.6346849203109741,0.34847569465637207,-0.28620922565460205
GRK1,GRK1,90,0.6538946,0.8411695,-0.18727487,0.6434193253517151,0.3858552575111389,-0.25756406784057617
APOA2,APOA2,113,0.74719626,0.93463165,-0.18743539,0.5870400071144104,0.20211687684059143,-0.38492313027381897
ID1,ID1,100,0.69981456,0.88733053,-0.18751597,0.5273540616035461,0.24571795761585236,-0.2816361039876938
SKP2,SKP2,105,0.73589927,0.9236537,-0.18775445,0.3755209743976593,0.1348244845867157,-0.2406964898109436
SCNM1,SCNM1,110,0.75588197,0.9437122,-0.18783021,0.6655963063240051,0.2165689468383789,-0.4490273594856262
snoU13,snoU13|ENSG00000238864.1,105,0.5304416,0.71832216,-0.18788058,1.2652521133422852,0.8715113401412964,-0.39374077320098877
FAM72C,FAM72C,100,0.7115267,0.89958674,-0.18806005,0.33420947194099426,0.13106559216976166,-0.2031438797712326
ADAMTS4,ADAMTS4,120,0.7423688,0.930733,-0.18836421,0.51787269115448,0.19279661774635315,-0.32507607340812683
DNAJC21,DNAJC21,93,0.7157465,0.9041719,-0.18842536,0.4964526295661926,0.18659162521362305,-0.3098610043525696
ADCY8,ADCY8,91,0.73813486,0.92659956,-0.1884647,0.3508206009864807,0.10941100865602493,-0.24140959233045578
MYBL1,MYBL1,90,0.6874304,0.8759031,-0.18847275,0.4720878303050995,0.25091850757598877,-0.22116932272911072
UFC1,UFC1,105,0.73661166,0.92515355,-0.18854189,0.5954392552375793,0.2523461580276489,-0.3430930972099304
KIFAP3,KIFAP3,103,0.6811201,0.86987805,-0.18875796,0.860794186592102,0.4274185001850128,-0.43337568640708923
PRUNE,PRUNE,96,0.7342757,0.9230865,-0.18881083,0.3299042284488678,0.07683563232421875,-0.25306859612464905
RN7SL67P,RN7SL67P,99,0.6268701,0.8158769,-0.1890068,0.3106883466243744,0.1787683069705963,-0.13192003965377808
MLLT11,MLLT11,98,0.73215,0.9212647,-0.18911469,0.8389714956283569,0.36822202801704407,-0.47074946761131287
BCL9,BCL9,95,0.7466111,0.9357968,-0.18918568,0.5568459033966064,0.1854490339756012,-0.37139686942100525
PI4KB,PI4KB,103,0.7487256,0.9379851,-0.18925953,0.21298418939113617,0.06290184706449509,-0.15008234232664108
FCER1A,FCER1A,94,0.75239766,0.94173235,-0.18933469,0.2824905514717102,0.07449270784854889,-0.20799784362316132
MTSS1,MTSS1,101,0.6925508,0.881965,-0.1894142,0.3833373188972473,0.19275914132595062,-0.1905781775712967
TRPA1,TRPA1,106,0.7469057,0.93635297,-0.18944728,0.32259541749954224,0.09329357743263245,-0.2293018400669098
RN7SL380P,RN7SL380P,103,0.7307385,0.9203521,-0.18961358,0.6597930788993835,0.3110003173351288,-0.34879276156425476
ZNF571,ZNF571,113,0.65374076,0.84373546,-0.1899947,0.37491387128829956,0.2072165310382843,-0.16769734025001526
LGI4,LGI4,110,0.45300794,0.6430606,-0.19005269,0.43410032987594604,0.3232935070991516,-0.11080682277679443
HFE2,HFE2,119,0.699002,0.8892539,-0.19025189,0.5003644824028015,0.2163606584072113,-0.2840038239955902
EGFLAM,EGFLAM,116,0.7101926,0.90050584,-0.19031322,0.4113635718822479,0.15959012508392334,-0.2517734467983246
FAM90A24P,FAM90A24P,105,0.6742651,0.86462337,-0.19035828,0.47589021921157837,0.22674882411956787,-0.2491413950920105
HRG,HRG,111,0.7604532,0.950833,-0.1903798,0.38979676365852356,0.08449406921863556,-0.305302694439888
MAFA,MAFA,98,0.73255485,0.9229397,-0.19038486,0.37498438358306885,0.14770355820655823,-0.22728082537651062
IFI16,IFI16,105,0.74165756,0.9323487,-0.19069117,0.27339476346969604,0.07718849182128906,-0.19620627164840698
LRRC34,LRRC34,122,0.638255,0.829007,-0.19075203,0.5734100341796875,0.3762911260128021,-0.19711890816688538
BOP1,BOP1,109,0.70199066,0.892794,-0.19080335,0.47918933629989624,0.18983888626098633,-0.2893504500389099
IMPA1,IMPA1,121,0.6931643,0.8839845,-0.19082022,0.351414293050766,0.15429988503456116,-0.19711440801620483
MIR646,MIR646,98,0.7521506,0.9431089,-0.19095832,0.2068074494600296,0.053336601704359055,-0.15347084775567055
LCE5A,LCE5A,86,0.6810888,0.8720867,-0.1909979,0.3220519721508026,0.13098612427711487,-0.19106584787368774
C3orf65,C3orf65,111,0.73303014,0.9241221,-0.19109195,0.3879564702510834,0.1118597760796547,-0.2760966941714287
ADCK5,ADCK5,112,0.70196986,0.89323276,-0.1912629,0.4412507116794586,0.177145853638649,-0.26410485804080963
C8orf49,C8orf49,112,0.667768,0.8591646,-0.1913966,0.48377999663352966,0.24123355746269226,-0.2425464391708374
PEA15,PEA15,95,0.65065545,0.8421726,-0.19151717,0.7894508838653564,0.4389900267124176,-0.35046085715293884
RPL8,RPL8,86,0.7268586,0.91845757,-0.19159895,0.3982447385787964,0.13239984214305878,-0.2658448964357376
FAM72B,FAM72B,109,0.6721433,0.8638989,-0.1917556,0.5661887526512146,0.26559561491012573,-0.30059313774108887
CHRNB3,CHRNB3,103,0.5837448,0.7755274,-0.1917826,0.5133119225502014,0.32351961731910706,-0.18979230523109436
GOLT1A,GOLT1A,129,0.7060098,0.8978727,-0.19186288,0.3692881166934967,0.14028431475162506,-0.22900380194187164
GNAS,GNAS,88,0.6552014,0.8470958,-0.19189441,0.774115800857544,0.4959573745727539,-0.27815842628479004
RNA5SP481,RNA5SP481,98,0.6858813,0.8779734,-0.19209206,0.3591662049293518,0.13061527907848358,-0.22855092585086823
KLHDC9,KLHDC9,95,0.6251047,0.81726307,-0.19215834,1.0951727628707886,0.6763019561767578,-0.41887080669403076
MIR4286,MIR4286,108,0.66939026,0.86166435,-0.1922741,0.41980335116386414,0.22312648594379425,-0.19667686522006989
PPP1R2,PPP1R2,114,0.7100783,0.90235686,-0.19227856,0.3748988211154938,0.1361200362443924,-0.23877878487110138
SGK196,SGK196,123,0.580655,0.77293706,-0.19228208,0.9249938130378723,0.5532621145248413,-0.371731698513031
CD9,CD9,97,0.7529723,0.94558764,-0.19261533,0.3145129680633545,0.09264567494392395,-0.22186729311943054
ASPH,ASPH,104,0.681182,0.87401825,-0.19283623,0.38073447346687317,0.16542240977287292,-0.21531206369400024
LINC00686,LINC00686,107,0.6844918,0.87736887,-0.19287705,0.6125428676605225,0.30252671241760254,-0.3100161552429199
RBL1,RBL1,91,0.64370495,0.836639,-0.19293404,0.3297663629055023,0.16252458095550537,-0.16724178194999695
CABLES2,CABLES2,116,0.70930207,0.90231264,-0.19301057,0.4611342251300812,0.20689761638641357,-0.2542366087436676
TTC14,TTC14,103,0.6808826,0.8740393,-0.19315672,0.8319656848907471,0.4045175015926361,-0.42744818329811096
TUBD1,TUBD1,89,0.30174884,0.49507135,-0.19332251,1.2094444036483765,1.0595585107803345,-0.149885892868042
RAE1,RAE1,118,0.6575991,0.8510012,-0.19340211,0.5630531311035156,0.27335208654403687,-0.28970104455947876
MROH6,MROH6,90,0.7354543,0.9289072,-0.1934529,0.6498488783836365,0.21052652597427368,-0.4393223524093628
RN7SL141P,RN7SL141P,110,0.5415597,0.73510814,-0.19354844,0.5880311727523804,0.4167821407318115,-0.17124903202056885
C7,C7,118,0.64531547,0.8389817,-0.19366622,0.47726374864578247,0.2548152804374695,-0.222448468208313
IRX2,IRX2,107,0.49773198,0.69154155,-0.19380957,0.3815416097640991,0.22236576676368713,-0.159175843000412
FAM173B,FAM173B,101,0.6456931,0.8396064,-0.19391328,0.5959334969520569,0.3392575681209564,-0.25667592883110046
AIM2,AIM2,101,0.72513103,0.9191035,-0.19397247,0.31974077224731445,0.10530197620391846,-0.214438796043396
EMG1,EMG1,84,0.7103607,0.90433884,-0.19397813,0.37240490317344666,0.11411558091640472,-0.25828932225704193
GDF5OS,GDF5OS,113,0.714835,0.9088254,-0.19399041,0.44593462347984314,0.1595854014158249,-0.28634922206401825
LRMP,LRMP,118,0.71486056,0.9091734,-0.19431287,0.4532466232776642,0.17156463861465454,-0.28168198466300964
LINC00966,LINC00966,87,0.7181101,0.9125475,-0.19443744,0.6221836805343628,0.2330811619758606,-0.3891025185585022
FAM110B,FAM110B,99,0.72056186,0.91504675,-0.19448489,0.44679349660873413,0.137714222073555,-0.30907927453517914
MTMR9,MTMR9,108,0.7144,0.9088882,-0.19448823,0.49257692694664,0.18951502442359924,-0.30306190252304077
RNA5SP176,RNA5SP176,103,0.6727051,0.8672717,-0.19456661,0.7603083252906799,0.3686745762825012,-0.3916337490081787
RIT1,RIT1,102,0.7155063,0.91031927,-0.19481295,0.3777485191822052,0.1289438158273697,-0.2488047033548355
snoU13,snoU13|ENSG00000238674.1,101,0.66141504,0.85629725,-0.19488221,0.478776752948761,0.23731060326099396,-0.24146614968776703
ITFG2,ITFG2,97,0.58452886,0.7795198,-0.19499093,0.8979843258857727,0.5543586611747742,-0.34362566471099854
RNU6ATAC38P,RNU6ATAC38P,104,0.754767,0.9498269,-0.1950599,0.3488366901874542,0.09460552036762238,-0.25423116981983185
OPLAH,OPLAH,121,0.7447037,0.93989474,-0.19519103,0.33581414818763733,0.09316004812717438,-0.24265410006046295
RNA5SP74,RNA5SP74,97,0.62823325,0.82342565,-0.1951924,0.5114702582359314,0.2654441297054291,-0.24602612853050232
MIR4797,MIR4797,113,0.7467431,0.9419757,-0.19523263,0.5049712657928467,0.1425953060388565,-0.3623759597539902
SNORD54,SNORD54,83,0.6552708,0.8507171,-0.19544631,0.43599098920822144,0.21581074595451355,-0.22018024325370789
VSIG8,VSIG8,92,0.7473744,0.9428307,-0.19545627,0.3627163767814636,0.09605926275253296,-0.26665711402893066
PKLR,PKLR,113,0.7630178,0.95856404,-0.19554627,0.3115605413913727,0.06742148101329803,-0.24413906037807465
ZNF16,ZNF16,91,0.6806597,0.87621135,-0.19555163,0.4562322497367859,0.1858871579170227,-0.2703450918197632
CLEC2B,CLEC2B,112,0.7397569,0.9353302,-0.19557333,0.6394397020339966,0.18629522621631622,-0.45314447581768036
PIGZ,PIGZ,112,0.6960529,0.89164525,-0.19559234,0.36710572242736816,0.16868676245212555,-0.19841895997524261
PLAG1,PLAG1,99,0.7291889,0.92482316,-0.19563425,0.5336189270019531,0.1672029346227646,-0.36641599237918854
RNA5SP356,RNA5SP356,99,0.43265074,0.62830967,-0.19565892,1.0286641120910645,0.7394177913665771,-0.2892463207244873
POLR3GL,POLR3GL,94,0.7301675,0.9258998,-0.1957323,0.4480787515640259,0.14154934883117676,-0.3065294027328491
MIR15B,MIR15B,115,0.7395827,0.93538034,-0.19579762,0.6226837038993835,0.19995419681072235,-0.4227295070886612
PARP8,PARP8,109,0.40232173,0.59836894,-0.19604722,1.1338571310043335,0.8926119208335876,-0.24124521017074585
SMC4,SMC4,113,0.7323868,0.92876846,-0.19638163,0.6842718720436096,0.23179002106189728,-0.45248185098171234
C1orf138,C1orf138,89,0.7736397,0.9700364,-0.19639671,0.35073262453079224,0.06664086878299713,-0.2840917557477951
USP17L2,USP17L2,108,0.58137846,0.77788717,-0.1965087,0.9433068633079529,0.5851991176605225,-0.3581077456474304
SS18L1,SS18L1,104,0.7222591,0.9188512,-0.19659209,0.3036438226699829,0.09680039435625076,-0.20684342831373215
SEMA5A,SEMA5A,133,0.62877214,0.82543945,-0.19666731,0.6706585884094238,0.42271268367767334,-0.2479459047317505
ZMAT4,ZMAT4,123,0.5843661,0.7811289,-0.1967628,0.9612641334533691,0.6150409579277039,-0.3462231755256653
TCAP,TCAP,113,0.4289448,0.62573147,-0.19678667,1.3520944118499756,1.059903860092163,-0.2921905517578125
RPS20P22,RPS20P22,115,0.51974064,0.7165388,-0.19679815,0.775172770023346,0.5388677716255188,-0.23630499839782715
INTS3,INTS3,101,0.711373,0.9082977,-0.19692475,0.4715785086154938,0.19107460975646973,-0.28050389885902405
ZNF696,ZNF696,85,0.71068764,0.9076716,-0.19698393,0.4843585193157196,0.19342519342899323,-0.2909333258867264
OS9,OS9,104,0.69326794,0.8904678,-0.19719988,0.5594098567962646,0.25672584772109985,-0.3026840090751648
TRIO,TRIO,115,0.6791767,0.87648404,-0.19730735,0.44420114159584045,0.22559304535388947,-0.218608096241951
ANKH,ANKH,104,0.5889019,0.7862776,-0.19737571,0.4856068193912506,0.32932430505752563,-0.15628251433372498
RNA5SP253,RNA5SP253,108,0.6599746,0.8573953,-0.19742072,0.7537383437156677,0.4378952085971832,-0.3158431351184845
DNAJB11,DNAJB11,101,0.7165747,0.9140069,-0.19743216,0.5622309446334839,0.25830498337745667,-0.3039259612560272
PARP10,PARP10,93,0.70284647,0.90043044,-0.19758397,0.3833249509334564,0.16290155053138733,-0.2204234004020691
UBE2Q1,UBE2Q1,103,0.7510983,0.9487897,-0.19769144,0.39587509632110596,0.11486171931028366,-0.2810133770108223
snoU13,snoU13|ENSG00000238838.1,100,0.6151675,0.8130473,-0.19787979,0.5171509385108948,0.29004958271980286,-0.22710135579109192
SMCO3,SMCO3,92,0.730718,0.9286764,-0.19795841,0.5131359696388245,0.1571352630853653,-0.35600070655345917
SNORD81,SNORD81|ENSG00000212278.1,112,0.5595212,0.75760955,-0.19808835,0.639284610748291,0.4007191061973572,-0.23856550455093384
TP63,TP63,97,0.718351,0.9164898,-0.19813877,0.2936371862888336,0.09685613960027695,-0.19678104668855667
LCE3E,LCE3E,100,0.70972216,0.9079039,-0.19818175,0.45228278636932373,0.16133564710617065,-0.2909471392631531
FBXL7,FBXL7,105,0.6108684,0.8090792,-0.19821078,0.6999950408935547,0.43319571018218994,-0.26679933071136475
CTSB,CTSB,103,0.6780362,0.8762806,-0.1982444,0.3841874599456787,0.17969056963920593,-0.20449689030647278
APCDD1L,APCDD1L,96,0.727792,0.92605764,-0.19826561,0.24969486892223358,0.08912279456853867,-0.16057207435369492
LYPLA1,LYPLA1,91,0.53448105,0.7330419,-0.19856083,0.6201339364051819,0.3912181258201599,-0.22891581058502197
PPDPF,PPDPF,112,0.69883496,0.89742184,-0.19858688,0.6970272064208984,0.28226611018180847,-0.41476109623908997
POGZ,POGZ,116,0.74438554,0.94304734,-0.1986618,0.4624447524547577,0.13367043435573578,-0.3287743180990219
USP5,USP5,114,0.68116665,0.8799183,-0.19875163,0.3044949173927307,0.12853337824344635,-0.17596153914928436
SNORA40,SNORA40|ENSG00000252083.1,110,0.65965617,0.8584446,-0.1987884,0.5692157745361328,0.26067331433296204,-0.3085424602031708
FAM126A,FAM126A,94,0.5273095,0.72617817,-0.19886869,0.6606605052947998,0.4264582395553589,-0.23420226573944092
CCNL1,CCNL1,96,0.7087718,0.9077564,-0.19898456,0.46823418140411377,0.16128644347190857,-0.3069477379322052
snoU13,snoU13|ENSG00000239033.1,130,0.72294414,0.92194915,-0.19900501,0.29349374771118164,0.10970712453126907,-0.18378662317991257
DYRK1B,DYRK1B,90,0.5510331,0.75007117,-0.19903809,0.3467564880847931,0.2104145884513855,-0.1363418996334076
ARHGEF7,ARHGEF7,109,0.4878165,0.68708706,-0.19927055,0.6303794980049133,0.4302278459072113,-0.20015165209770203
STAC2,STAC2,89,0.25455403,0.45408466,-0.19953063,0.6720043420791626,0.5664997100830078,-0.10550463199615479
LGALS7,LGALS7,94,0.61951524,0.8191391,-0.19962388,0.46221745014190674,0.2468271106481552,-0.21539033949375153
snoU13,snoU13|ENSG00000238714.1,107,0.6018388,0.8015672,-0.19972837,0.7650560140609741,0.46863439679145813,-0.296421617269516
MTL5,MTL5,98,0.35038814,0.5502175,-0.19982937,1.4851456880569458,1.4354243278503418,-0.049721360206604004
MIR3196,MIR3196,94,0.5535358,0.753865,-0.20032918,0.485860139131546,0.28594422340393066,-0.19991591572761536
PMP2,PMP2,107,0.7624409,0.9627754,-0.20033449,0.7273241281509399,0.12702162563800812,-0.6003025025129318
GJA8,GJA8,116,0.7219284,0.9223926,-0.20046419,0.5761069655418396,0.1935785710811615,-0.3825283944606781
ENO2,ENO2,102,0.7257836,0.9263272,-0.20054364,0.264532208442688,0.07388163357973099,-0.190650574862957
MFSD1,MFSD1,122,0.64883095,0.8494364,-0.20060545,0.49169623851776123,0.21883560717105865,-0.2728606313467026
S100A8,S100A8,115,0.70511687,0.9058032,-0.20068634,0.5403622984886169,0.21766100823879242,-0.3227012902498245
ZNF687,ZNF687,98,0.76159406,0.96234876,-0.2007547,0.4556520879268646,0.10665283352136612,-0.3489992544054985
P2RY12,P2RY12,113,0.7121682,0.91295844,-0.20079023,0.5853045582771301,0.21442873775959015,-0.37087582051754
NBPF12,NBPF12,103,0.7022682,0.903207,-0.20093882,0.45554429292678833,0.1638406664133072,-0.29170362651348114
BAIAP2L1,BAIAP2L1,109,0.5208837,0.7220741,-0.20119041,0.72597736120224,0.49335768818855286,-0.23261967301368713
DNAJC5,DNAJC5,98,0.62879354,0.8299899,-0.20119637,0.4413714110851288,0.21525076031684875,-0.22612065076828003
GATAD2B,GATAD2B,85,0.7740577,0.97532356,-0.20126587,0.5410785675048828,0.09393111616373062,-0.4471474513411522
GNRHR2,GNRHR2,84,0.6798813,0.8811906,-0.20130932,0.4248754382133484,0.17150603234767914,-0.25336940586566925
RN7SL615P,RN7SL615P,111,0.7184428,0.92013526,-0.20169246,0.2735101878643036,0.08804881572723389,-0.1854613721370697
WFDC11,WFDC11,86,0.64407045,0.84587735,-0.2018069,0.5096499919891357,0.25368988513946533,-0.2559601068496704
TSHZ3,TSHZ3,103,0.47556522,0.6774167,-0.20185146,0.4194836914539337,0.26184549927711487,-0.15763819217681885
KLRF1,KLRF1,98,0.7415831,0.9436242,-0.20204109,0.5424612760543823,0.24335873126983643,-0.2991025447845459
SSR3,SSR3,102,0.6992404,0.90144104,-0.20220065,0.49392250180244446,0.17761173844337463,-0.3163107633590698
FNDC3B,FNDC3B,97,0.6278326,0.83017087,-0.20233828,0.43351003527641296,0.23395903408527374,-0.19955100119113922
RNA5SP358,RNA5SP358,103,0.69667864,0.89913654,-0.2024579,0.8614291548728943,0.33101457357406616,-0.5304145812988281
MTG2,MTG2,103,0.62438583,0.82688683,-0.202501,0.2937965393066406,0.14607681334018707,-0.14771972596645355
THEM5,THEM5,106,0.7542079,0.9567143,-0.20250636,0.4171546697616577,0.10692854970693588,-0.31022612005472183
VANGL2,VANGL2,104,0.7270051,0.92959356,-0.20258844,0.32522016763687134,0.09529004991054535,-0.229930117726326
RN7SL149P,RN7SL149P,97,0.51541424,0.7182564,-0.20284218,0.8759275078773499,0.589521586894989,-0.28640592098236084
NSUN2,NSUN2,99,0.62591106,0.8288787,-0.20296764,0.8441173434257507,0.4800645709037781,-0.36405277252197266
LINC00969,LINC00969,90,0.6715693,0.87473613,-0.20316684,0.3214263916015625,0.1419031322002411,-0.1795232594013214
RGS5,RGS5,122,0.71939105,0.9225724,-0.20318133,0.29932311177253723,0.09272301197052002,-0.2066000998020172
LRRC14,LRRC14,100,0.6212866,0.8245084,-0.20322186,0.41805046796798706,0.18915320932865143,-0.22889725863933563
F10,F10,104,0.5458507,0.749392,-0.20354128,0.7206236124038696,0.5142503380775452,-0.20637327432632446
SLC30A8,SLC30A8,108,0.7049759,0.9085717,-0.20359582,0.3329806923866272,0.12949012219905853,-0.20349057018756866
WDR87,WDR87,110,0.6160275,0.81968725,-0.20365977,1.1847333908081055,0.7060224413871765,-0.47871094942092896
DPF1,DPF1,101,0.66908735,0.8727816,-0.20369422,0.46729323267936707,0.19063250720500946,-0.2766607254743576
FAM105A,FAM105A,104,0.50541806,0.7092035,-0.20378542,0.4169211685657501,0.2517409026622772,-0.1651802659034729
LINC00987,LINC00987,93,0.70191866,0.905839,-0.20392036,0.3867871165275574,0.11366421729326248,-0.2731228992342949
CDH12,CDH12,108,0.7178758,0.92184705,-0.20397127,0.636685848236084,0.28681138157844543,-0.34987446665763855
ZNF705D,ZNF705D,109,0.7271928,0.9311971,-0.20400429,0.6709569096565247,0.2392035871744156,-0.43175332248210907
OSMR,OSMR,124,0.6548892,0.8589757,-0.20408648,0.6766804456710815,0.3764268755912781,-0.30025357007980347
KIFC2,KIFC2,96,0.70162964,0.90582335,-0.20419371,0.38910040259361267,0.139719620347023,-0.24938078224658966
SSPN,SSPN,97,0.3629071,0.5671074,-0.20420027,1.1569797992706299,0.9772886037826538,-0.17969119548797607
STEAP1B,STEAP1B,106,0.5922997,0.7965496,-0.20424992,0.4982759952545166,0.29625603556632996,-0.20201995968818665
RN7SL852P,RN7SL852P,118,0.5238109,0.72818494,-0.20437402,0.44277724623680115,0.32424619793891907,-0.11853104829788208
GML,GML,117,0.6490505,0.8534262,-0.20437574,0.5774570107460022,0.26561596989631653,-0.31184104084968567
CDH6,CDH6,106,0.5986992,0.80311376,-0.20441455,0.3820626139640808,0.21254150569438934,-0.16952110826969147
ING1,ING1,99,0.43712792,0.6418918,-0.20476386,0.592902421951294,0.44723761081695557,-0.14566481113433838
RHNO1,RHNO1,110,0.7406236,0.9454798,-0.20485622,0.6466588377952576,0.1924588978290558,-0.4541999399662018
F7,F7,123,0.50956285,0.71446174,-0.2048989,1.121895432472229,0.8789543509483337,-0.24294108152389526
DUSP16,DUSP16,92,0.71280515,0.9181108,-0.20530564,0.43914276361465454,0.15235701203346252,-0.286785751581192
ZGPAT,ZGPAT,118,0.7412153,0.946653,-0.20543772,0.47962823510169983,0.12454885244369507,-0.35507938265800476
GGT7,GGT7,113,0.5106231,0.7161513,-0.2055282,1.5568493604660034,1.149019479751587,-0.4078298807144165
SNORA60,SNORA60,95,0.69656026,0.90212697,-0.2055667,0.5291645526885986,0.2230074256658554,-0.3061571270227432
OCSTAMP,OCSTAMP,114,0.6409403,0.8465091,-0.20556879,0.3450270891189575,0.16179631650447845,-0.18323077261447906
SOGA1,SOGA1,96,0.63183236,0.83750683,-0.20567447,0.37974420189857483,0.21080277860164642,-0.1689414232969284
LCE1E,LCE1E,102,0.61581784,0.8215184,-0.20570058,0.5612452030181885,0.2805648744106293,-0.2806803286075592
NKAIN3,NKAIN3,103,0.7318257,0.93792367,-0.20609796,0.5808309316635132,0.1688832938671112,-0.411947637796402
TSPAN11,TSPAN11,110,0.6319176,0.8382135,-0.20629591,0.42128220200538635,0.211964949965477,-0.20931725203990936
PTP4A3,PTP4A3,111,0.7294664,0.93577504,-0.20630866,0.46955999732017517,0.14771825075149536,-0.3218417465686798
CDKN1B,CDKN1B,123,0.6724134,0.8790139,-0.20660049,0.6044360399246216,0.2683347761631012,-0.3361012637615204
SLC15A5,SLC15A5,100,0.63862807,0.84537506,-0.206747,0.45708248019218445,0.23874230682849884,-0.2183401733636856
MED24,MED24,101,0.32176712,0.52858937,-0.20682225,0.5867648124694824,0.4734594225883484,-0.11330538988113403
LINC00941,LINC00941,96,0.6278166,0.834888,-0.20707136,0.36360403895378113,0.18973346054553986,-0.17387057840824127
BPIFB6,BPIFB6,119,0.7419325,0.94903773,-0.20710522,0.5888661742210388,0.1226600930094719,-0.4662060812115669
RNA5SP268,RNA5SP268,93,0.74581635,0.9529426,-0.20712626,0.5284983515739441,0.10897515714168549,-0.4195231944322586
ASXL1,ASXL1,103,0.65494496,0.8622921,-0.20734715,0.6110033392906189,0.22860422730445862,-0.3823991119861603
MED10,MED10,108,0.58264863,0.7900528,-0.20740414,0.4657764136791229,0.24980510771274567,-0.21597130596637726
EFR3A,EFR3A,103,0.6515458,0.8590076,-0.20746177,0.35959699749946594,0.1578482687473297,-0.20174872875213623
IGSF8,IGSF8,91,0.72203,0.92950124,-0.20747125,0.7978870272636414,0.304853230714798,-0.4930337965488434
TMEM52B,TMEM52B,107,0.72940165,0.936881,-0.20747936,0.6884848475456238,0.2700069546699524,-0.4184778928756714
TAGLN2,TAGLN2,123,0.7233419,0.9310755,-0.20773363,0.6661317348480225,0.22833062708377838,-0.4378011077642441
ZPBP2,ZPBP2,86,0.63331383,0.84132344,-0.2080096,0.8157967925071716,0.45461517572402954,-0.3611816167831421
NCOA6,NCOA6,111,0.60525835,0.81330943,-0.20805109,0.866670548915863,0.44401171803474426,-0.4226588308811188
MIR644A,MIR644A,96,0.5395688,0.74774516,-0.20817637,1.0338921546936035,0.6372385025024414,-0.3966536521911621
RN7SL444P,RN7SL444P,105,0.7216562,0.9299066,-0.2082504,0.603337287902832,0.20179103314876556,-0.40154625475406647
OAZ3,OAZ3,110,0.76333576,0.971727,-0.20839125,0.4541068971157074,0.07418226450681686,-0.37992463260889053
MIR4457,MIR4457,117,0.63433075,0.8430114,-0.20868063,0.6736791729927063,0.34551405906677246,-0.32816511392593384
CYP7B1,CYP7B1,113,0.6961464,0.90492254,-0.20877612,0.3293600082397461,0.11086398363113403,-0.21849602460861206
RNU6ATAC32P,RNU6ATAC32P,107,0.61539847,0.8243911,-0.20899266,0.536738932132721,0.331691712141037,-0.20504721999168396
SLC2A4RG,SLC2A4RG,97,0.5386954,0.74768907,-0.20899367,1.159988284111023,0.709313154220581,-0.4506751298904419
MTFR1,MTFR1,112,0.6754235,0.88456607,-0.20914257,0.3952392041683197,0.16161365807056427,-0.23362554609775543
LSM1,LSM1,99,0.5945785,0.80377746,-0.20919895,1.102690577507019,0.7373859882354736,-0.3653045892715454
RNY4P25,RNY4P25,90,0.64556366,0.8549004,-0.20933676,0.5347142815589905,0.28170061111450195,-0.2530136704444885
PIANP,PIANP,115,0.73449767,0.94392055,-0.20942289,0.4750349521636963,0.16085664927959442,-0.31417830288410187
LOH12CR1,LOH12CR1,95,0.64658576,0.8560203,-0.20943451,0.3411283493041992,0.1652897745370865,-0.17583857476711273
IL12A,IL12A,103,0.7378168,0.94730395,-0.20948714,0.42467987537384033,0.11946291476488113,-0.3052169606089592
ANKRD33B,ANKRD33B,113,0.57714945,0.7869758,-0.20982635,0.5702621936798096,0.35152363777160645,-0.21873855590820312
PLCZ1,PLCZ1,100,0.61221385,0.8221744,-0.20996052,0.5465442538261414,0.28145521879196167,-0.2650890350341797
TDRD10,TDRD10,116,0.7199932,0.930339,-0.2103458,0.6027436852455139,0.1868525743484497,-0.4158911108970642
HTR3C,HTR3C,100,0.669919,0.88044685,-0.21052784,0.30113857984542847,0.11781845986843109,-0.18332011997699738
RAI14,RAI14,114,0.6586327,0.8694067,-0.210774,0.3736291825771332,0.15482069551944733,-0.21880848705768585
CD69,CD69,92,0.59166545,0.80256796,-0.21090251,0.7885403633117676,0.49987009167671204,-0.28867027163505554
IKZF3,IKZF3,102,0.50528646,0.7163071,-0.21102065,1.647903323173523,1.0251262187957764,-0.6227771043777466
SNORD12,SNORD12,98,0.6213193,0.8324998,-0.21118051,0.46016785502433777,0.2321075201034546,-0.22806033492088318
RECQL,RECQL,104,0.58842593,0.7997181,-0.21129215,0.522942841053009,0.30692318081855774,-0.2160196602344513
FAM135B,FAM135B,90,0.6795714,0.89107764,-0.21150625,0.46237319707870483,0.18282254040241241,-0.2795506566762924
FCGR1C,FCGR1C,91,0.6282895,0.8399399,-0.21165037,0.8410528898239136,0.4080452620983124,-0.4330076277256012
RNF139,RNF139,102,0.67133045,0.8830365,-0.21170604,0.6640223264694214,0.33203163743019104,-0.33199068903923035
RN7SKP41,RN7SKP41,119,0.5700797,0.7819604,-0.21188074,0.45971250534057617,0.26760682463645935,-0.19210568070411682
DEFB116,DEFB116,103,0.6138124,0.8257368,-0.21192443,0.4945869743824005,0.2682274281978607,-0.2263595461845398
STAU1,STAU1,112,0.72960806,0.94183964,-0.21223158,0.32886794209480286,0.07511651515960693,-0.2537514269351959
PDCD6,PDCD6,110,0.68695843,0.89921534,-0.21225691,0.4174479842185974,0.18357835710048676,-0.23386962711811066
ARPC1A,ARPC1A,115,0.4710692,0.6835717,-0.21250251,0.6032947301864624,0.4064190983772278,-0.19687563180923462
KIRREL,KIRREL,115,0.71003884,0.9227076,-0.21266878,0.44473233819007874,0.13065101206302643,-0.3140813261270523
ST18,ST18,102,0.49564964,0.70836985,-0.21272022,0.4224311113357544,0.2503948211669922,-0.1720362901687622
MIR1273A,MIR1273A,91,0.7183666,0.9311035,-0.2127369,0.3834032714366913,0.12356654554605484,-0.25983672589063644
TSPAN31,TSPAN31,103,0.3507774,0.5637186,-0.21294123,0.8178694844245911,0.6516075730323792,-0.16626191139221191
SNORD72,SNORD72,116,0.6017272,0.81482184,-0.21309465,0.5382956266403198,0.27283838391304016,-0.26545724272727966
RNA5SP181,RNA5SP181,109,0.59104365,0.80418175,-0.2131381,0.4161616563796997,0.23858249187469482,-0.17757916450500488
IFNL1,IFNL1,103,0.5024132,0.71567607,-0.21326286,1.4602856636047363,1.113040804862976,-0.34724485874176025
LINC00453,LINC00453,111,0.33147207,0.5447356,-0.21326354,0.6037856340408325,0.4282881021499634,-0.17549753189086914
C5orf49,C5orf49,102,0.5670102,0.78028065,-0.21327043,0.8926516771316528,0.5483735799789429,-0.34427809715270996
ZNF517,ZNF517,91,0.66252613,0.87588555,-0.21335942,0.6180881857872009,0.25444296002388,-0.3636452257633209
MTMR12,MTMR12,113,0.6921001,0.90583235,-0.21373224,0.5818462371826172,0.28813236951828003,-0.29371386766433716
CD84,CD84,99,0.69617593,0.90997726,-0.21380132,0.28458261489868164,0.09347961843013763,-0.191102996468544
GPR89A,GPR89A,93,0.59621906,0.8100338,-0.21381474,0.41015079617500305,0.2015129178762436,-0.20863787829875946
C19orf33,C19orf33,124,0.43400222,0.64830744,-0.21430522,0.5142696499824524,0.34378886222839355,-0.17048078775405884
LYNX1,LYNX1,103,0.70673585,0.9210573,-0.21432143,0.3701499402523041,0.12861236929893494,-0.24153757095336914
MANBAL,MANBAL,97,0.6734849,0.88784826,-0.21436334,0.5262161493301392,0.21985498070716858,-0.3063611686229706
OR10J1,OR10J1,106,0.70944005,0.92419463,-0.21475458,0.7518054842948914,0.27301618456840515,-0.4787892997264862
RN7SKP22,RN7SKP22,101,0.56215477,0.7769746,-0.21481985,0.5594533681869507,0.35662826895713806,-0.20282509922981262
LMO3,LMO3,110,0.71693134,0.9319234,-0.21499205,0.31507062911987305,0.09569155424833298,-0.21937907487154007
MIR4277,MIR4277,107,0.59681034,0.8118054,-0.21499509,0.47564974427223206,0.2512904405593872,-0.22435930371284485
PPIAL4B,PPIAL4B,113,0.6034924,0.8188997,-0.21540731,0.4607829451560974,0.23207803070545197,-0.22870491445064545
AGR3,AGR3,121,0.47673926,0.69226915,-0.21552989,0.7798583507537842,0.5063192248344421,-0.27353912591934204
MRPS21,MRPS21,104,0.75042284,0.96658653,-0.2161637,0.6525817513465881,0.10778280347585678,-0.5447989478707314
MIR556,MIR556,111,0.67344725,0.88968235,-0.2162351,0.6871516704559326,0.3101028800010681,-0.3770487904548645
MIR5681A,MIR5681A,99,0.7363242,0.9525711,-0.2162469,0.2552732527256012,0.05505313351750374,-0.20022011920809746
LCE1B,LCE1B,114,0.71568155,0.9319803,-0.21629876,0.32385706901550293,0.08393694460391998,-0.23992012441158295
snoU13,snoU13|ENSG00000271922.1,103,0.73030996,0.9466658,-0.21635586,0.6142445206642151,0.1649065464735031,-0.449337974190712
APCS,APCS,99,0.76580465,0.9823095,-0.21650487,0.45292940735816956,0.041439782828092575,-0.411489624530077
DEFB134,DEFB134,111,0.6006446,0.8177616,-0.21711701,0.4449561536312103,0.21581511199474335,-0.22914104163646698
DPM3,DPM3,103,0.671459,0.8885932,-0.21713418,0.7000243067741394,0.3452639579772949,-0.3547603487968445
NLGN1,NLGN1,85,0.6307247,0.8479142,-0.21718949,0.20367778837680817,0.07283695787191391,-0.13084083050489426
CA8,CA8,96,0.64995307,0.8672497,-0.21729666,0.3565041124820709,0.1456652283668518,-0.21083888411521912
C20orf144,C20orf144,114,0.739618,0.9570097,-0.21739167,0.7542245388031006,0.15816792845726013,-0.5960566103458405
SNORA40,SNORA40|ENSG00000253047.1,95,0.61528885,0.8328605,-0.21757168,0.4605259597301483,0.20159150660037994,-0.25893445312976837
ACSM4,ACSM4,130,0.6994366,0.91722596,-0.21778935,0.6192607283592224,0.26365038752555847,-0.35561034083366394
DAB2,DAB2,98,0.69008315,0.9079456,-0.21786243,0.581051230430603,0.2239045947790146,-0.35714663565158844
FAM66A,FAM66A,108,0.57776475,0.795704,-0.21793926,0.551832914352417,0.28563594818115234,-0.26619696617126465
AAR2,AAR2,111,0.57023823,0.7883365,-0.21809828,0.6812066435813904,0.3242083489894867,-0.3569982945919037
C12orf39,C12orf39,116,0.53714174,0.7553712,-0.21822947,0.552535355091095,0.3619353473186493,-0.19060000777244568
TGS1,TGS1,109,0.6320466,0.85029554,-0.21824896,0.3313099443912506,0.15582628548145294,-0.17548365890979767
ADAMTS12,ADAMTS12,101,0.66795796,0.88628584,-0.21832788,0.6276614665985107,0.25142228603363037,-0.37623918056488037
CD4,CD4,116,0.7231322,0.9419642,-0.21883202,0.8775779604911804,0.29542624950408936,-0.5821517109870911
GUSBP1,GUSBP1,98,0.65965503,0.878791,-0.21913594,0.4850243628025055,0.19293943047523499,-0.2920849323272705
RN7SL572P,RN7SL572P,110,0.6907687,0.9100518,-0.2192831,0.5554342269897461,0.1928478628396988,-0.3625863641500473
IFNL2,IFNL2,100,0.5654531,0.78474504,-0.21929193,0.3187389671802521,0.1816592663526535,-0.13707970082759857
PDCD1LG2,PDCD1LG2,101,0.22948588,0.4488911,-0.21940522,1.2746295928955078,1.0789878368377686,-0.19564175605773926
C1orf43,C1orf43,115,0.71904737,0.9385066,-0.21945924,0.44477319717407227,0.1264197826385498,-0.31835341453552246
SLC39A4,SLC39A4,99,0.6519858,0.87173545,-0.21974963,0.6011385321617126,0.24926626682281494,-0.3518722653388977
DDX11,DDX11,90,0.6467668,0.8665655,-0.21979874,0.5213909149169922,0.21965762972831726,-0.3017332851886749
RAD21,RAD21,92,0.700583,0.9206233,-0.22004032,0.6116819977760315,0.20431408286094666,-0.40736791491508484
PFDN4,PFDN4,86,0.63007516,0.85053515,-0.22046,0.8407630920410156,0.4484161138534546,-0.39234697818756104
SPEF2,SPEF2,103,0.70868385,0.9291514,-0.22046757,0.5747484564781189,0.19155515730381012,-0.3831932991743088
TARS,TARS,98,0.6458002,0.8663545,-0.22055435,0.4785081446170807,0.2260151356458664,-0.2524930089712143
TFRC,TFRC,104,0.7236086,0.94430995,-0.22070134,0.5327568650245667,0.13127288222312927,-0.4014839828014374
SNORA63,SNORA63|ENSG00000199552.1,85,0.6288725,0.84962106,-0.22074854,0.4704288840293884,0.22458527982234955,-0.24584360420703888
SNORA25,SNORA25|ENSG00000200075.1,116,0.6088819,0.8304353,-0.22155339,0.5631890892982483,0.2827395796775818,-0.2804495096206665
CCDC19,CCDC19,104,0.74602616,0.9679878,-0.22196162,0.5808106064796448,0.125450998544693,-0.4553596079349518
SPRR2F,SPRR2F,104,0.7245104,0.94669646,-0.22218609,0.6977360248565674,0.23142074048519135,-0.46631528437137604
HIST2H2BF,HIST2H2BF,85,0.63011235,0.8523567,-0.22224432,0.7006093859672546,0.34402093291282654,-0.3565884530544281
RNA5SP178,RNA5SP178,117,0.65153176,0.8739576,-0.22242582,0.7643958926200867,0.4187610149383545,-0.3456348776817322
C20orf173,C20orf173,109,0.4823553,0.70479524,-0.22243994,0.9077857732772827,0.6074909567832947,-0.30029481649398804
KIF3B,KIF3B,103,0.46120137,0.6838933,-0.22269195,0.6071283221244812,0.3933385908603668,-0.21378973126411438
UBXN2B,UBXN2B,92,0.5856736,0.808406,-0.22273242,0.46753811836242676,0.22833481431007385,-0.2392033040523529
NAPRT1,NAPRT1,96,0.6558408,0.87886065,-0.22301984,0.7450284957885742,0.30757877230644226,-0.43744972348213196
MAEL,MAEL,114,0.71625257,0.9392939,-0.22304136,0.38799914717674255,0.08816490322351456,-0.299834243953228
FAM84B,FAM84B,115,0.7364258,0.95994574,-0.22351992,0.36283841729164124,0.09214497357606888,-0.27069344371557236
RXRG,RXRG,101,0.6607159,0.8844375,-0.22372162,0.798591136932373,0.3896256983280182,-0.40896543860435486
PGLYRP3,PGLYRP3,105,0.7114303,0.9353159,-0.2238856,0.3407066762447357,0.1050691232085228,-0.23563755303621292
SNORA25,SNORA25|ENSG00000201957.1,98,0.6235932,0.84779674,-0.22420353,0.3329226076602936,0.1654503047466278,-0.16747230291366577
TDH,TDH,99,0.68586516,0.9103679,-0.22450274,0.41929879784584045,0.13824045658111572,-0.28105834126472473
NUPL2,NUPL2,93,0.5066734,0.7314299,-0.22475648,0.6988760232925415,0.4492945075035095,-0.24958151578903198
PSPH,PSPH,108,0.51317346,0.7380075,-0.22483402,0.47709962725639343,0.26926177740097046,-0.20783784985542297
ATP1A2,ATP1A2,102,0.75511,0.9803743,-0.22526425,0.5298407077789307,0.0765458196401596,-0.45329488813877106
CDH26,CDH26,102,0.6688904,0.89440143,-0.22551101,0.523321270942688,0.231632798910141,-0.291688472032547
TACC1,TACC1,92,0.56254035,0.7881433,-0.22560292,0.43112871050834656,0.22896622121334076,-0.2021624892950058
SNX13,SNX13,102,0.5183417,0.7440668,-0.22572505,0.7350987195968628,0.44276753067970276,-0.29233118891716003
C12orf36,C12orf36,110,0.715432,0.9412341,-0.22580212,0.5295154452323914,0.1719762235879898,-0.35753922164440155
RN7SL566P,RN7SL566P,95,0.5069807,0.73287696,-0.22589624,0.4137115776538849,0.23293408751487732,-0.18077749013900757
CRISPLD1,CRISPLD1,112,0.6585004,0.8846028,-0.22610241,0.553293764591217,0.21010734140872955,-0.3431864231824875
RBBP8NL,RBBP8NL,93,0.6789024,0.90501773,-0.22611535,0.5001576542854309,0.1733320653438568,-0.3268255889415741
TPD52,TPD52,82,0.7086802,0.9351416,-0.22646141,0.44381654262542725,0.16563861072063446,-0.2781779319047928
C5orf38,C5orf38,87,0.56277925,0.78929013,-0.22651088,0.27351075410842896,0.1272778958082199,-0.14623285830020905
PPAPDC1B,PPAPDC1B,119,0.5626958,0.78927124,-0.22657543,0.523668110370636,0.313468337059021,-0.210199773311615
MRPL15,MRPL15,103,0.6905196,0.9171083,-0.22658873,0.4578341841697693,0.14011250436306,-0.3177216798067093
LINC00599,LINC00599,92,0.58934283,0.8159803,-0.22663748,0.5453858375549316,0.2734350860118866,-0.27195075154304504
IGSF9,IGSF9,98,0.69404554,0.92069644,-0.2266509,0.5288425087928772,0.17156550288200378,-0.3572770059108734
MIR5692A2,MIR5692A2,114,0.63809323,0.8648433,-0.22675008,0.6819762587547302,0.3164874017238617,-0.36548885703086853
RNA5SP179,RNA5SP179,107,0.59696066,0.8237771,-0.22681642,0.6302897334098816,0.3219086527824402,-0.3083810806274414
CCND1,CCND1,109,0.28211495,0.509074,-0.22695902,1.4691659212112427,1.2700212001800537,-0.19914472103118896
CDCA7L,CDCA7L,100,0.54617035,0.77317816,-0.2270078,0.45043620467185974,0.26743364334106445,-0.1830025613307953
LCE1F,LCE1F,107,0.7363263,0.9633663,-0.22704005,0.30633512139320374,0.05030707269906998,-0.25602804869413376
B4GALT3,B4GALT3,94,0.73046744,0.9577571,-0.22728968,0.3014912009239197,0.058901213109493256,-0.24258998781442642
RN7SL250P,RN7SL250P,112,0.58158123,0.8089016,-0.22732037,0.7397690415382385,0.37860986590385437,-0.36115917563438416
RPL13P5,RPL13P5,88,0.53493416,0.7623138,-0.22737962,0.32926303148269653,0.18969440460205078,-0.13956862688064575
GYG1,GYG1,101,0.6489047,0.8766943,-0.22778964,0.4517594575881958,0.15534938871860504,-0.29641006886959076
FAM85B,FAM85B,121,0.6618935,0.88982344,-0.22792995,0.8005364537239075,0.30954626202583313,-0.49099019169807434
C8orf12,C8orf12,104,0.62283176,0.8508667,-0.22803491,0.5369637608528137,0.25691303610801697,-0.28005072474479675
DEFB103B,DEFB103B,106,0.62567616,0.8540474,-0.22837126,0.7757422924041748,0.3887346684932709,-0.38700762391090393
ZC3H3,ZC3H3,84,0.68493223,0.9135699,-0.2286377,0.4782979488372803,0.17581042647361755,-0.3024875223636627
STK4,STK4,100,0.5797186,0.80853987,-0.22882128,0.7891111969947815,0.4145270884037018,-0.3745841085910797
RNA5SP252,RNA5SP252,107,0.6703733,0.89948976,-0.22911644,0.6500479578971863,0.2619748115539551,-0.3880731463432312
HAR1A,HAR1A,100,0.6442924,0.87347806,-0.22918564,0.6197288632392883,0.3397223651409149,-0.2800064980983734
TCHH,TCHH,87,0.7285582,0.95790017,-0.22934198,0.8200292587280273,0.1847965270280838,-0.6352327316999435
VPS45,VPS45,109,0.6387586,0.86844456,-0.22968596,0.7512949109077454,0.3826671242713928,-0.36862778663635254
FMO9P,FMO9P,117,0.70057184,0.93034714,-0.22977531,0.3295132517814636,0.0790732204914093,-0.2504400312900543
ZNF546,ZNF546,108,0.6067427,0.8369229,-0.2301802,0.9450743198394775,0.43416741490364075,-0.5109069049358368
SPAG11A,SPAG11A,112,0.6542207,0.88456696,-0.23034626,0.5204300880432129,0.22112755477428436,-0.29930253326892853
HIST2H2AA4,HIST2H2AA4,98,0.7067995,0.9374231,-0.2306236,0.37560567259788513,0.10226361453533173,-0.2733420580625534
NCSTN,NCSTN,112,0.7119835,0.94270146,-0.23071796,0.42993584275245667,0.1061498373746872,-0.32378600537776947
TRRAP,TRRAP,108,0.42268708,0.65367836,-0.23099127,0.5933200716972351,0.40584155917167664,-0.18747851252555847
MDM2,MDM2,94,0.6488144,0.87982225,-0.23100787,0.9197455644607544,0.34678077697753906,-0.5729647874832153
NBPF11,NBPF11,102,0.6706887,0.9018281,-0.23113942,0.4312721788883209,0.13814446330070496,-0.29312771558761597
ANKRD34A,ANKRD34A,99,0.56204975,0.79327327,-0.23122352,0.7306942343711853,0.39886173605918884,-0.33183249831199646
RICTOR,RICTOR,110,0.6059143,0.83715826,-0.23124397,0.41117480397224426,0.2020673304796219,-0.20910747349262238
SNTG1,SNTG1,109,0.5185521,0.7502133,-0.2316612,0.8105922341346741,0.4735886752605438,-0.33700355887413025
HIST2H2BE,HIST2H2BE,118,0.697525,0.9293646,-0.2318396,0.4754284918308258,0.12058195471763611,-0.3548465371131897
MED1,MED1,111,0.40727812,0.63921916,-0.23194104,1.5950721502304077,1.11189603805542,-0.4831761121749878
SOX17,SOX17,101,0.6956885,0.92807305,-0.23238456,1.036427617073059,0.3037128746509552,-0.7327147424221039
RN7SL261P,RN7SL261P,96,0.6563949,0.8888094,-0.23241448,0.27609482407569885,0.09962978214025497,-0.17646504193544388
RIMKLB,RIMKLB,118,0.6877386,0.92024225,-0.23250365,0.5701624155044556,0.1904548555612564,-0.37970755994319916
TAS2R64P,TAS2R64P,91,0.71146166,0.9440406,-0.23257893,0.4371575713157654,0.08047039806842804,-0.35668717324733734
MDM1,MDM1,96,0.35175222,0.58444625,-0.23269403,0.29105904698371887,0.20787431299686432,-0.08318473398685455
C8orf17,C8orf17,84,0.6798948,0.91261023,-0.23271543,0.3454311192035675,0.11357132345438004,-0.23185979574918747
HIST2H2AA3,HIST2H2AA3,111,0.6290268,0.8619229,-0.23289615,0.5817857980728149,0.24247100949287415,-0.3393147885799408
CGN,CGN,120,0.70147175,0.9343793,-0.23290753,0.5239560604095459,0.14783026278018951,-0.3761257976293564
RNA5SP254,RNA5SP254,119,0.6114083,0.84433866,-0.23293036,0.5181486010551453,0.23118439316749573,-0.28696420788764954
SLC9A3,SLC9A3,107,0.67697054,0.90993357,-0.23296303,0.4538995325565338,0.22813458740711212,-0.2257649451494217
LINC00454,LINC00454,104,0.44388455,0.67685056,-0.232966,0.7894570827484131,0.5516781210899353,-0.23777896165847778
RN7SL777P,RN7SL777P,110,0.6601407,0.89312637,-0.23298568,0.5659992098808289,0.26515084505081177,-0.3008483648300171
ARNT,ARNT,107,0.7050042,0.93826777,-0.23326355,0.38222211599349976,0.1250811368227005,-0.25714097917079926
SQLE,SQLE,96,0.52862203,0.76203173,-0.2334097,0.8000248074531555,0.49066734313964844,-0.3093574643135071
PDE4DIP,PDE4DIP,126,0.68195295,0.9154254,-0.23347247,0.35319018363952637,0.12143165618181229,-0.23175852745771408
DUSP15,DUSP15,99,0.5931587,0.8266843,-0.23352557,0.7505306005477905,0.43835827708244324,-0.3121723234653473
LRLE1,LRLE1,94,0.5982638,0.8319877,-0.23372388,0.6617171764373779,0.3250443935394287,-0.3366727828979492
CYC1,CYC1,115,0.63481086,0.8686008,-0.23378992,0.5123541355133057,0.20382709801197052,-0.30852703750133514
FGF10,FGF10,108,0.63763285,0.8715891,-0.23395628,0.5307728052139282,0.2655884921550751,-0.26518431305885315
C8orf33,C8orf33,104,0.6439938,0.8782388,-0.234245,0.4527592360973358,0.15698550641536713,-0.2957737296819687
RN7SL37P,RN7SL37P,111,0.5946728,0.8289936,-0.23432082,0.4100918173789978,0.20750665664672852,-0.2025851607322693
PRKDC,PRKDC,99,0.5290981,0.76360697,-0.23450887,0.5242116451263428,0.28801587224006653,-0.23619577288627625
GRINA,GRINA,111,0.58105063,0.81595904,-0.2349084,0.7267966866493225,0.3944595158100128,-0.3323371708393097
NEURL2,NEURL2,101,0.5912646,0.8263328,-0.2350682,0.47498220205307007,0.25858065485954285,-0.21640154719352722
PRB4,PRB4,110,0.6466612,0.8820824,-0.23542118,0.4494643211364746,0.2006141096353531,-0.24885021150112152
MIR4257,MIR4257,100,0.57624847,0.8117291,-0.2354806,0.6603537201881409,0.37484797835350037,-0.2855057418346405
FAM78B,FAM78B,95,0.6286503,0.8643284,-0.23567808,0.46410834789276123,0.19716627895832062,-0.2669420689344406
ERI1,ERI1,104,0.57720685,0.81308216,-0.23587531,0.6790968775749207,0.3535316288471222,-0.32556524872779846
VSTM2A,VSTM2A,110,0.5411208,0.77735317,-0.23623234,0.2803632915019989,0.14219407737255096,-0.13816921412944794
DEFB130,DEFB130|ENSG00000233050.1,80,0.63666546,0.87289894,-0.23623347,0.6461820602416992,0.27440333366394043,-0.3717787265777588
TTC9B,TTC9B,112,0.46744078,0.70394117,-0.23650038,0.3789716362953186,0.21320927143096924,-0.16576236486434937
ADCY2,ADCY2,104,0.66698027,0.90377665,-0.23679638,0.7130415439605713,0.2864685654640198,-0.4265729784965515
NUF2,NUF2,104,0.6838488,0.92070234,-0.23685354,0.3023739457130432,0.0811818391084671,-0.2211921066045761
SLC35G5,SLC35G5,105,0.627301,0.86420774,-0.23690677,0.4228624999523163,0.175460085272789,-0.24740241467952728
FKBP4,FKBP4,103,0.62425715,0.8612217,-0.23696452,0.5758382081985474,0.25010746717453003,-0.32573074102401733
EYA1,EYA1,97,0.6755584,0.9126122,-0.23705381,0.3778083622455597,0.11439616233110428,-0.2634121999144554
RN7SL395P,RN7SL395P,86,0.6893503,0.92641675,-0.23706645,0.5588716864585876,0.166865736246109,-0.39200595021247864
LINC00477,LINC00477,111,0.6561221,0.8932365,-0.23711443,0.6544647812843323,0.2753925025463104,-0.37907227873802185
ZNF512B,ZNF512B,107,0.69130987,0.9286051,-0.23729521,0.698421061038971,0.2360592484474182,-0.46236181259155273
YAP1,YAP1,107,0.10995914,0.34731495,-0.23735581,0.8253798484802246,0.7243549227714539,-0.10102492570877075
CRNN,CRNN,111,0.6739479,0.91141784,-0.23746997,0.4144343435764313,0.15279845893383026,-0.261635884642601
SLC6A12,SLC6A12,95,0.6608468,0.8988846,-0.23803777,0.2333812564611435,0.08308155834674835,-0.15029969811439514
MAGOHB,MAGOHB,97,0.7226027,0.96120346,-0.23860073,0.9284601807594299,0.2115793526172638,-0.7168808281421661
FASTKD3,FASTKD3,110,0.6460893,0.884957,-0.2388677,0.660147488117218,0.28038516640663147,-0.37976232171058655
EDEM2,EDEM2,98,0.6786221,0.91755694,-0.23893481,0.7740673422813416,0.28802791237831116,-0.4860394299030304
CACNA2D4,CACNA2D4,100,0.67872435,0.9178105,-0.23908615,0.6266012787818909,0.21459995210170746,-0.4120013266801834
GPIHBP1,GPIHBP1,107,0.6803764,0.9195314,-0.239155,0.44728508591651917,0.1534157395362854,-0.29386934638023376
EMP1,EMP1,95,0.61729914,0.85654813,-0.23924899,0.3479723334312439,0.1688024252653122,-0.1791699081659317
ZFAT,ZFAT,111,0.6118904,0.8514788,-0.23958844,0.6392932534217834,0.30974429845809937,-0.3295489549636841
NKD2,NKD2,90,0.6483101,0.8883129,-0.24000275,0.7536129355430603,0.41570112109184265,-0.33791181445121765
TPPP,TPPP,94,0.5002397,0.7404508,-0.24021113,0.45824021100997925,0.2662603557109833,-0.19197985529899597
CCL28,CCL28,84,0.5668273,0.80704105,-0.24021375,0.4210009276866913,0.19233839213848114,-0.22866253554821014
ABCB5,ABCB5,99,0.5702352,0.8105156,-0.24028039,0.6676245927810669,0.33583828806877136,-0.33178630471229553
MYL9,MYL9,96,0.54680866,0.7876637,-0.24085504,0.5068807005882263,0.26181265711784363,-0.2450680434703827
PTCD1,PTCD1,92,0.5193428,0.7603467,-0.24100393,0.49037203192710876,0.2755321264266968,-0.214839905500412
CYP7A1,CYP7A1,104,0.56535774,0.80641735,-0.2410596,0.34724733233451843,0.16320739686489105,-0.18403993546962738
RN7SL7P,RN7SL7P,85,0.32934052,0.5705339,-0.24119335,0.5729687809944153,0.35433605313301086,-0.21863272786140442
RN7SKP294,RN7SKP294,88,0.61659867,0.8578761,-0.24127746,0.8888882994651794,0.3737984001636505,-0.5150898993015289
ING4,ING4,116,0.70035785,0.9416724,-0.24131453,0.686832070350647,0.20931121706962585,-0.4775208532810211
RAPGEF5,RAPGEF5,121,0.5101449,0.75182015,-0.24167526,0.858642578125,0.5000569224357605,-0.3585856556892395
TONSL,TONSL,101,0.6478876,0.89006454,-0.24217695,0.7052887082099915,0.25479376316070557,-0.4504949450492859
EPPK1,EPPK1,97,0.63501775,0.877306,-0.24228823,0.49783074855804443,0.19810105860233307,-0.29972968995571136
GSDMA,GSDMA,105,0.60209876,0.8443945,-0.24229574,0.83774334192276,0.46747756004333496,-0.37026578187942505
snoU13,snoU13|ENSG00000239154.1,100,0.24987651,0.49219218,-0.24231566,1.524298071861267,1.277852177619934,-0.246445894241333
CASC1,CASC1,102,0.370431,0.6128916,-0.24246061,0.6672812104225159,0.47794589400291443,-0.18933531641960144
CDH4,CDH4,108,0.62376595,0.86632574,-0.24255979,0.3206964135169983,0.12411375343799591,-0.19658266007900238
FXYD5,FXYD5,111,0.39756835,0.6404205,-0.24285215,1.4317306280136108,0.9937244653701782,-0.4380061626434326
COL4A2,COL4A2,93,0.40982428,0.6528096,-0.24298534,1.0456783771514893,0.7577192187309265,-0.28795915842056274
C1orf226,C1orf226,108,0.7030735,0.9461688,-0.24309528,0.3110109865665436,0.06708089262247086,-0.24393009394407272
FAM105B,FAM105B,104,0.6928721,0.93647057,-0.24359846,0.5629470348358154,0.17659729719161987,-0.38634973764419556
MIR579,MIR579,82,0.7096948,0.953363,-0.2436682,0.7633002996444702,0.18598850071430206,-0.5773117989301682
LCE2C,LCE2C,117,0.69846064,0.9425646,-0.24410397,0.47534632682800293,0.10683891177177429,-0.36850741505622864
RNA5SP273,RNA5SP273,111,0.6997569,0.9439689,-0.24421197,0.3273533880710602,0.07546363770961761,-0.25188975036144257
ECT2,ECT2,97,0.6039131,0.8481952,-0.24428207,0.43788427114486694,0.21417081356048584,-0.2237134575843811
NBPF20,NBPF20,107,0.682384,0.9266838,-0.24429977,0.9326880574226379,0.3398607075214386,-0.5928273499011993
FCGBP,FCGBP,106,0.5797201,0.8245583,-0.24483824,0.7016710042953491,0.34908974170684814,-0.352581262588501
NUPR1L,NUPR1L,111,0.56875026,0.8136692,-0.24491894,0.43000754714012146,0.253448486328125,-0.17655906081199646
C19orf12,C19orf12,93,-0.010607743,0.23435311,-0.24496086,1.1723188161849976,0.974513053894043,-0.1978057622909546
RNA5SP251,RNA5SP251,105,0.4436426,0.6886155,-0.24497291,0.7983744144439697,0.5380898118019104,-0.2602846026420593
RN7SKP46,RN7SKP46,89,0.63538635,0.8805009,-0.24511456,0.6382530331611633,0.2099478840827942,-0.42830514907836914
NTF3,NTF3,96,0.7023419,0.94749856,-0.24515665,0.3497830629348755,0.07868257164955139,-0.2711004912853241
DKK4,DKK4,97,0.5514679,0.7966272,-0.24515933,0.5592725872993469,0.30758756399154663,-0.2516850233078003
SCARNA15,SCARNA15|ENSG00000252193.1,90,0.6916754,0.9370599,-0.24538445,0.28903982043266296,0.07149088382720947,-0.2175489366054535
EID2,EID2,97,0.5494768,0.79497117,-0.24549437,1.5573409795761108,0.7785400748252869,-0.778800904750824
STAR,STAR,96,0.43429703,0.679895,-0.24559796,0.43820706009864807,0.2706124782562256,-0.16759458184242249
CSTF1,CSTF1,118,0.6592404,0.90519387,-0.24595344,0.507787823677063,0.16784439980983734,-0.33994342386722565
MIR647,MIR647,97,0.6719217,0.9179788,-0.24605715,1.6668739318847656,0.6492053270339966,-1.017668604850769
NANOG,NANOG,105,0.64861304,0.89495224,-0.2463392,0.32867297530174255,0.13763412833213806,-0.1910388469696045
MRPS17,MRPS17,99,0.47752255,0.724166,-0.24664342,0.3938809037208557,0.23425351083278656,-0.15962739288806915
VSTM2B,VSTM2B,100,0.3596638,0.60683084,-0.24716702,1.321401834487915,1.0284570455551147,-0.2929447889328003
DEFB4B,DEFB4B,98,0.6150174,0.86229306,-0.24727565,0.3829265236854553,0.16712689399719238,-0.21579962968826294
SLAMF1,SLAMF1,97,0.6769904,0.9247397,-0.24774933,0.38040891289711,0.11293287575244904,-0.26747603714466095
SCNN1A,SCNN1A,92,0.6988069,0.94671535,-0.24790847,0.6360617280006409,0.19011014699935913,-0.44595158100128174
ATF6,ATF6,97,0.67348474,0.92151994,-0.24803519,0.3401851952075958,0.08080903440713882,-0.259376160800457
RNA5SP75,RNA5SP75,98,0.6311122,0.8792382,-0.24812597,0.3430594205856323,0.13033944368362427,-0.21271997690200806
STMN1P1,STMN1P1,95,0.69214606,0.9405457,-0.24839962,0.5725454092025757,0.12778250873088837,-0.4447629004716873
ANO2,ANO2,108,0.6418619,0.89037573,-0.24851382,0.36884236335754395,0.14158543944358826,-0.2272569239139557
DEFB4A,DEFB4A,117,0.43075287,0.6793242,-0.24857134,1.0585650205612183,0.7060636878013611,-0.3525013327598572
LANCL2,LANCL2,89,0.4681746,0.7168792,-0.24870458,1.9396488666534424,1.1697311401367188,-0.7699177265167236
C1orf192,C1orf192,98,0.6723429,0.92156714,-0.24922425,0.4918530583381653,0.1316959261894226,-0.3601571321487427
MTRNR2L3,MTRNR2L3,114,0.64891624,0.89827543,-0.24935919,0.4730280935764313,0.17201004922389984,-0.30101804435253143
AGAP2,AGAP2,108,0.20509441,0.45460448,-0.24951006,1.1923134326934814,1.036422848701477,-0.1558905839920044
HAS2,HAS2,97,0.6849117,0.9344324,-0.24952066,0.4876912236213684,0.13313570618629456,-0.35455551743507385
MROH5,MROH5,114,0.58007836,0.8296028,-0.24952441,0.5085735321044922,0.21706002950668335,-0.29151350259780884
ADAM5,ADAM5,93,0.26398066,0.51351297,-0.24953231,1.5039689540863037,1.1729950904846191,-0.33097386360168457
SRGAP2B,SRGAP2B,111,0.66408235,0.91413593,-0.25005358,0.6918468475341797,0.2471250295639038,-0.4447218179702759
XRCC6BP1,XRCC6BP1,92,0.5377059,0.78801423,-0.25030833,1.5699471235275269,0.8945432901382446,-0.6754038333892822
ZNF726,ZNF726,104,0.2986313,0.54911786,-0.25048655,0.9904171228408813,0.7682503461837769,-0.2221667766571045
CREB3L4,CREB3L4,114,0.64886016,0.89959276,-0.2507326,0.48352134227752686,0.2087336629629135,-0.27478767931461334
S100A10,S100A10,98,0.69032377,0.94133437,-0.2510106,0.9932996034622192,0.34751206636428833,-0.6457875370979309
SNORD13,SNORD13,89,0.49211204,0.74338144,-0.2512694,0.5432361960411072,0.3277268707752228,-0.2155093252658844
RN7SKP135,RN7SKP135,102,0.6802431,0.93199855,-0.25175548,0.9440662264823914,0.22281476855278015,-0.7212514579296112
UQCC,UQCC,95,0.6199109,0.8719868,-0.2520759,0.5692659616470337,0.20883257687091827,-0.3604333847761154
C6,C6,98,0.6788422,0.93095964,-0.25211746,0.501823902130127,0.13238748908042908,-0.3694364130496979
NBPF15,NBPF15,97,0.64214385,0.89428926,-0.2521454,0.37587761878967285,0.13018423318862915,-0.2456933856010437
PTPRB,PTPRB,116,0.49952605,0.7525378,-0.25301173,1.1183898448944092,0.8106669783592224,-0.30772286653518677
CPB1,CPB1,108,0.59541285,0.848634,-0.25322115,0.5432185530662537,0.21699382364749908,-0.3262247294187546
DEFB106B,DEFB106B,99,0.6224788,0.8757525,-0.25327373,0.5696820020675659,0.22068919241428375,-0.34899280965328217
MIR4458,MIR4458,101,0.58506906,0.8383991,-0.25333005,0.6409311294555664,0.29504886269569397,-0.34588226675987244
RPTN,RPTN,102,0.67625564,0.9299463,-0.25369066,0.7058971524238586,0.19977538287639618,-0.5061217695474625
CD48,CD48,102,0.6255933,0.87936306,-0.25376976,0.767210841178894,0.3584728240966797,-0.40873801708221436
IGHMBP2,IGHMBP2,103,0.4960682,0.7498822,-0.253814,0.925430417060852,0.5715640783309937,-0.3538663387298584
DCST2,DCST2,93,0.711373,0.96540874,-0.25403577,0.5788318514823914,0.09598465263843536,-0.482847198843956
C8orf48,C8orf48,116,0.64730406,0.9015017,-0.25419766,0.6867691278457642,0.26343682408332825,-0.4233323037624359
ANP32E,ANP32E,104,0.6215915,0.87620986,-0.25461835,0.8621030449867249,0.39398840069770813,-0.4681146442890167
SNORA73,SNORA73|ENSG00000252054.1,112,0.3728514,0.6276183,-0.2547669,1.0974658727645874,0.7985967993736267,-0.2988690733909607
PLEKHA2,PLEKHA2,111,0.29972193,0.554854,-0.25513205,1.1069222688674927,0.8564391136169434,-0.2504831552505493
VAPB,VAPB,101,0.55662507,0.8120366,-0.2554115,0.813758373260498,0.4621490240097046,-0.35160934925079346
FAM72D,FAM72D,113,0.6099462,0.865784,-0.2558378,0.5745916366577148,0.2375820279121399,-0.33700960874557495
AADAC,AADAC,112,0.6742224,0.9300749,-0.25585246,0.5092164278030396,0.11571092903614044,-0.3935054987668991
SOX7,SOX7,97,0.56254643,0.81852984,-0.2559834,0.5965224504470825,0.3149911165237427,-0.28153133392333984
CHMP4B,CHMP4B,106,0.6523565,0.9086506,-0.25629407,0.3611578643321991,0.10926951467990875,-0.25188834965229034
SLAMF7,SLAMF7,106,0.67875737,0.93518406,-0.2564267,0.31356102228164673,0.06427842378616333,-0.2492825984954834
KCNV1,KCNV1,106,0.68135643,0.937793,-0.2564366,0.3851132392883301,0.09087162464857101,-0.29424161463975906
C3AR1,C3AR1,93,0.630252,0.88709176,-0.25683975,0.825343906879425,0.38290339708328247,-0.4424405097961426
M6PR,M6PR,99,0.5855478,0.84260494,-0.25705713,0.35838261246681213,0.1613987535238266,-0.19698385894298553
YEATS2,YEATS2,86,0.70878756,0.9659812,-0.25719362,0.37257102131843567,0.1037561297416687,-0.26881489157676697
LCE4A,LCE4A,101,0.66063166,0.91877174,-0.2581401,0.36174023151397705,0.1041758581995964,-0.25756437331438065
UAP1,UAP1,87,0.6801154,0.9387689,-0.25865352,0.36098185181617737,0.0806090459227562,-0.2803728058934212
PNMT,PNMT,90,0.36790928,0.6267766,-0.2588673,1.0207889080047607,0.7301302552223206,-0.2906586527824402
SNORA70,SNORA70|ENSG00000207244.1,125,0.62133193,0.8805599,-0.259228,0.8012421131134033,0.35591644048690796,-0.44532567262649536
RAD1,RAD1,89,0.58125013,0.84051746,-0.25926733,0.5371556282043457,0.23760370910167694,-0.29955191910266876
PRPF6,PRPF6,108,0.64825624,0.90768814,-0.2594319,0.4854028820991516,0.19246120750904083,-0.2929416745901108
MIR4635,MIR4635,98,0.65994495,0.9194787,-0.25953376,0.6923622488975525,0.32096192240715027,-0.3714003264904022
SELENBP1,SELENBP1,98,0.653236,0.912952,-0.25971603,0.49862200021743774,0.14139041304588318,-0.35723158717155457
DEFA5,DEFA5,128,0.5979258,0.85769796,-0.25977218,0.7112632989883423,0.29502931237220764,-0.41623398661613464
CASQ1,CASQ1,94,0.6893216,0.94946784,-0.26014626,0.3377203643321991,0.06353739649057388,-0.2741829678416252
AKT2,AKT2,117,0.60604084,0.8668956,-0.26085478,1.016807198524475,0.40565064549446106,-0.611156553030014
SELT,SELT,124,0.54532695,0.8062455,-0.26091856,1.1038824319839478,0.5528470277786255,-0.5510354042053223
PTPRD,PTPRD,101,0.20705566,0.4684426,-0.26138693,0.8040792346000671,0.6730276942253113,-0.13105154037475586
CYP11B1,CYP11B1,114,0.6162442,0.8777598,-0.26151562,0.5718033909797668,0.20583321154117584,-0.365970179438591
PSMD4,PSMD4,90,0.67185855,0.9338034,-0.26194483,0.5581628680229187,0.14133214950561523,-0.41683071851730347
GMEB2,GMEB2,120,0.62487423,0.8868499,-0.26197565,0.4961133599281311,0.15514661371707916,-0.34096674621105194
DEFA1B,DEFA1B,100,0.63238525,0.8944428,-0.26205754,0.7196379899978638,0.28202465176582336,-0.4376133382320404
MPZ,MPZ,91,0.68172795,0.9439883,-0.26226038,1.0094317197799683,0.3161466121673584,-0.6932851076126099
NR1I3,NR1I3,116,0.6281052,0.8904288,-0.26232356,0.6459879279136658,0.25801995396614075,-0.387967973947525
KCNJ10,KCNJ10,115,0.6576895,0.9202063,-0.2625168,0.9132340550422668,0.335833877325058,-0.5774001777172089
HORMAD1,HORMAD1,98,0.4801327,0.74292237,-0.26278967,0.6769477725028992,0.36486193537712097,-0.3120858371257782
SDHAP3,SDHAP3,100,0.5872574,0.85030293,-0.26304555,0.6815139055252075,0.33255934715270996,-0.34895455837249756
CDC42SE1,CDC42SE1,105,0.6900402,0.95319575,-0.26315558,0.31789085268974304,0.05991051718592644,-0.2579803355038166
MIR548AO,MIR548AO,103,0.5246631,0.7883252,-0.2636621,0.3108738660812378,0.148593470454216,-0.1622803956270218
MIR141,MIR141,107,0.6044548,0.868607,-0.26415217,0.4079208970069885,0.14590653777122498,-0.26201435923576355
CKS1B,CKS1B|ENSG00000173207.8,105,0.7073868,0.9719361,-0.26454931,0.5824843049049377,0.08133016526699066,-0.5011541396379471
RASGRP4,RASGRP4,102,0.37213323,0.6368064,-0.2646732,0.3426629304885864,0.16522793471813202,-0.1774349957704544
GDF5,GDF5,111,0.57973707,0.8448581,-0.26512104,1.2683840990066528,0.6319850087165833,-0.6363990902900696
LPCAT3,LPCAT3,83,0.67314553,0.938352,-0.26520646,0.5193584561347961,0.17163489758968353,-0.3477235585451126
NBPF14,NBPF14,90,0.62486523,0.89012456,-0.26525933,0.8033343553543091,0.30806174874305725,-0.49527260661125183
RN7SKP201,RN7SKP201,99,0.28383106,0.54919666,-0.2653656,0.9777873158454895,0.7210971713066101,-0.2566901445388794
RNA5SP262,RNA5SP262,100,0.4349749,0.70087755,-0.26590264,0.8373478055000305,0.48137885332107544,-0.3559689521789551
HRNR,HRNR,101,0.68648785,0.9525492,-0.26606137,0.27077949047088623,0.041600551456213,-0.22917893901467323
FUT10,FUT10,102,0.49987113,0.766021,-0.26614988,0.8430094122886658,0.4809436798095703,-0.36206573247909546
TDRD12,TDRD12,97,0.39437708,0.660536,-0.2661589,0.6753198504447937,0.449484646320343,-0.22583520412445068
SAMHD1,SAMHD1,112,0.5350682,0.80125296,-0.26618475,0.3831440508365631,0.1571093648672104,-0.22603468596935272
MUC1,MUC1,91,0.6615025,0.9279663,-0.26646382,0.3034094274044037,0.0708727017045021,-0.23253672569990158
GATAD1,GATAD1,103,0.38231343,0.64902055,-0.26670712,0.5030733942985535,0.3164188861846924,-0.18665450811386108
C8orf74,C8orf74,106,0.65071845,0.9178773,-0.26715887,0.6199547648429871,0.19761639833450317,-0.4223383665084839
LINC00529,LINC00529,102,0.60077196,0.86820537,-0.2674334,0.5479889512062073,0.2079959362745285,-0.33999301493167877
FOXM1,FOXM1,109,0.5987934,0.8667571,-0.2679637,0.46641939878463745,0.1867222934961319,-0.27969710528850555
GATA5,GATA5,122,0.6580034,0.92670816,-0.26870477,0.573756754398346,0.19851811230182648,-0.37523864209651947
SNORA75,SNORA75|ENSG00000212432.1,90,0.5730813,0.8420876,-0.2690063,0.5447096228599548,0.22744536399841309,-0.31726425886154175
ZNF705G,ZNF705G,115,0.63031775,0.89977145,-0.2694537,0.5196559429168701,0.18035079538822174,-0.3393051475286484
PIP5K1A,PIP5K1A,88,0.68519735,0.95482075,-0.2696234,0.33812597393989563,0.04974592849612236,-0.28838004544377327
RN7SL58P,RN7SL58P,105,0.6552527,0.92497706,-0.26972437,0.6741122007369995,0.21171337366104126,-0.46239882707595825
SEMA6C,SEMA6C,103,0.63418794,0.9039582,-0.26977026,0.47830814123153687,0.15088681876659393,-0.32742132246494293
FGFR1OP2,FGFR1OP2,100,0.38829118,0.6580742,-0.26978302,0.407634437084198,0.25178927183151245,-0.15584516525268555
TTI2,TTI2,93,0.4869659,0.7573379,-0.27037203,0.6386589407920837,0.3242608308792114,-0.3143981099128723
NADSYN1,NADSYN1,100,0.43942228,0.7099104,-0.2704881,0.8946611285209656,0.622078537940979,-0.2725825905799866
LYST,LYST,105,0.40697032,0.6774839,-0.2705136,0.819204568862915,0.49348184466362,-0.32572272419929504
MCM4,MCM4,92,0.69287825,0.9634271,-0.27054888,0.5119521021842957,0.06860116124153137,-0.4433509409427643
ITLN2,ITLN2,118,0.62767994,0.89827347,-0.27059352,1.0602023601531982,0.4179753065109253,-0.642227053642273
DLC1,DLC1,112,0.57039964,0.84104073,-0.2706411,0.6574603319168091,0.26429957151412964,-0.39316076040267944
RN7SL663P,RN7SL663P,111,0.5509483,0.82164955,-0.27070123,0.5111624002456665,0.2659991979598999,-0.2451632022857666
ZFP41,ZFP41,85,0.6126397,0.8834974,-0.2708577,0.38933849334716797,0.1461513787508011,-0.24318711459636688
SNORA77,SNORA77|ENSG00000221643.1,103,0.53161305,0.8031327,-0.27151966,1.4925974607467651,0.7129733562469482,-0.7796241044998169
NPBWR2,NPBWR2,106,0.6131334,0.8851581,-0.27202475,0.6617910265922546,0.2285381704568863,-0.43325285613536835
ANK1,ANK1,92,0.33590996,0.6079902,-0.27208024,0.8200592994689941,0.4532111585140228,-0.3668481409549713
CD244,CD244,119,0.64287436,0.9151892,-0.27231485,0.6671397089958191,0.21990472078323364,-0.44723498821258545
SYT10,SYT10,93,0.49480677,0.7676711,-0.27286434,0.7918893098831177,0.434285432100296,-0.35760387778282166
DEFB135,DEFB135,85,0.515708,0.7885891,-0.2728811,0.5064886808395386,0.24989229440689087,-0.2565963864326477
SNORA72,SNORA72|ENSG00000200355.1,125,0.5301444,0.8031447,-0.2730003,0.7405283451080322,0.4186283349990845,-0.32190001010894775
UGT3A2,UGT3A2,104,0.5712366,0.84436995,-0.27313334,0.5054879784584045,0.2592957615852356,-0.24619221687316895
WDR70,WDR70,110,0.4716747,0.7448427,-0.273168,0.630233645439148,0.3539581298828125,-0.27627551555633545
FAM66E,FAM66E,95,0.54306287,0.8162875,-0.27322465,0.6255611181259155,0.295547217130661,-0.3300139009952545
CRP,CRP,86,0.6703864,0.9439923,-0.27360594,0.5339370965957642,0.1328413486480713,-0.40109574794769287
SNORD44,SNORD44,100,0.5583685,0.83197796,-0.27360946,0.7970319986343384,0.3748041093349457,-0.4222278892993927
HIST2H2BA,HIST2H2BA,116,0.59156275,0.86565566,-0.2740929,0.353425532579422,0.11488872766494751,-0.2385368049144745
DEFB107A,DEFB107A,102,0.55224967,0.8266631,-0.2744134,0.7446682453155518,0.3707549571990967,-0.3739132881164551
PPFIA1,PPFIA1,103,0.2159171,0.4903493,-0.27443218,0.45051804184913635,0.2956181764602661,-0.15489986538887024
CPA6,CPA6,114,0.60131407,0.8757896,-0.2744755,0.3998044431209564,0.14471900463104248,-0.25508543848991394
CD160,CD160,98,0.6193095,0.89427537,-0.27496588,0.5111241340637207,0.16932563483715057,-0.34179849922657013
GAS6,GAS6,96,0.4673946,0.74251294,-0.27511835,1.000299096107483,0.6905811429023743,-0.30971795320510864
CLECL1,CLECL1,93,0.6185739,0.89412737,-0.27555346,0.567849338054657,0.1806393265724182,-0.38721001148223877
WFDC10A,WFDC10A,92,0.6567486,0.9328837,-0.2761351,0.4164198040962219,0.10953609645366669,-0.30688370764255524
IL1RAP,IL1RAP,106,0.63215715,0.9083361,-0.27617896,0.5965898036956787,0.23417064547538757,-0.36241915822029114
LINC00623,LINC00623,122,0.6048879,0.8811439,-0.27625602,0.473180890083313,0.16637836396694183,-0.30680252611637115
CHD4,CHD4,101,0.639916,0.91803867,-0.27812266,0.699627697467804,0.30936387181282043,-0.3902638256549835
RANBP3L,RANBP3L,113,0.58576626,0.86422855,-0.2784623,0.7979645133018494,0.35288041830062866,-0.4450840950012207
CELF3,CELF3,104,0.66716176,0.94620186,-0.2790401,0.5101257562637329,0.08629824221134186,-0.42382751405239105
NR1D1,NR1D1,106,0.5036204,0.7830062,-0.2793858,0.8334909081459045,0.5083240866661072,-0.32516682147979736
CTSS,CTSS,113,0.54912513,0.8285742,-0.27944905,0.5591639876365662,0.24002237617969513,-0.31914161145687103
TFPI2,TFPI2,116,0.39241862,0.6722237,-0.27980506,0.8956882357597351,0.5378960371017456,-0.3577921986579895
YTHDF1,YTHDF1,107,0.5469031,0.8267921,-0.27988905,0.6580856442451477,0.287203848361969,-0.3708817958831787
ARHGEF10,ARHGEF10,103,0.59448737,0.8744415,-0.27995414,0.6842080354690552,0.26466014981269836,-0.4195478856563568
ANKRD10,ANKRD10,92,0.33088118,0.6112752,-0.28039402,0.9961263537406921,0.703869104385376,-0.29225724935531616
KLRG1,KLRG1,94,0.651917,0.9347805,-0.2828635,0.5335429310798645,0.1144585907459259,-0.4190843403339386
NRBP2,NRBP2,110,0.614281,0.8971728,-0.2828918,0.3903247117996216,0.12152383476495743,-0.26880087703466415
TFDP1,TFDP1,110,0.43331033,0.7169407,-0.28363037,0.8686947822570801,0.5700031518936157,-0.29869163036346436
HIST2H2AC,HIST2H2AC,88,0.59985834,0.88380456,-0.28394622,0.5386751294136047,0.17745226621627808,-0.36122286319732666
RN7SL511P,RN7SL511P,108,0.56454647,0.8486003,-0.28405386,1.3830292224884033,0.6159408688545227,-0.7670883536338806
CLPTM1L,CLPTM1L,99,0.44715613,0.73122877,-0.28407264,1.1963557004928589,0.7630324959754944,-0.4333232045173645
LGALS16,LGALS16,93,0.5766932,0.86091924,-0.28422606,0.9001225233078003,0.3783848285675049,-0.5217376947402954
ZNF780A,ZNF780A,115,0.42061004,0.7050053,-0.28439525,1.2641832828521729,0.8531026244163513,-0.41108065843582153
ZNF527,ZNF527,110,0.5288258,0.81345594,-0.28463012,0.9704970121383667,0.5236207842826843,-0.4468762278556824
TAS2R20,TAS2R20,92,0.41308197,0.69772464,-0.28464267,0.999755859375,0.7036826014518738,-0.2960732579231262
SLC2A3,SLC2A3,99,0.5864199,0.87106544,-0.28464556,0.3429815173149109,0.10508446395397186,-0.23789705336093903
MIR4469,MIR4469,108,0.36971197,0.65441346,-0.2847015,1.198884129524231,0.7584488391876221,-0.4404352903366089
DYRK2,DYRK2,114,0.43579707,0.7208169,-0.28501984,0.497994989156723,0.29571235179901123,-0.2022826373577118
C9,C9,98,0.49118415,0.77626693,-0.2850828,0.7847152948379517,0.4576067328453064,-0.32710856199264526
TSKU,TSKU,110,0.16339792,0.44890976,-0.28551185,0.6093796491622925,0.49397554993629456,-0.11540409922599792
LEUTX,LEUTX,110,0.30711955,0.59279054,-0.285671,0.8989217877388,0.6368529796600342,-0.26206880807876587
NIM1,NIM1,109,0.47037813,0.7561952,-0.28581706,0.453443706035614,0.23626558482646942,-0.2171781212091446
ZNF622,ZNF622,118,0.4556698,0.74192125,-0.28625146,1.075683355331421,0.6450243592262268,-0.4306589961051941
SNORA70,SNORA70|ENSG00000252505.1,110,0.48928362,0.7758563,-0.2865727,0.7034745216369629,0.37024903297424316,-0.3332254886627197
HIST2H4B,HIST2H4B,109,0.5888567,0.87551725,-0.28666055,0.6262102127075195,0.2891855537891388,-0.33702465891838074
ERC1,ERC1,93,0.39377013,0.68055385,-0.28678373,0.5389642119407654,0.3158327043056488,-0.22313150763511658
DEFB107B,DEFB107B,114,0.6117322,0.8987105,-0.2869783,0.6931543350219727,0.24146002531051636,-0.4516943097114563
MIR92B,MIR92B,112,0.63924706,0.92676127,-0.2875142,0.8436300158500671,0.25350111722946167,-0.5901288986206055
TUFT1,TUFT1,98,0.6201527,0.9077026,-0.2875499,0.556645929813385,0.19237056374549866,-0.36427536606788635
SNORA68,SNORA68|ENSG00000201388.1,93,0.63369805,0.92127633,-0.28757828,1.6238685846328735,0.7159504890441895,-0.9079180955886841
SV2A,SV2A,109,0.59964573,0.88732564,-0.2876799,0.4790034890174866,0.15794910490512848,-0.3210543841123581
RNF170,RNF170,98,0.5956341,0.88345855,-0.28782445,0.7459569573402405,0.2604723274707794,-0.48548462986946106
EGFR,EGFR,114,0.33893552,0.62715936,-0.28822383,1.0840129852294922,0.7371931076049805,-0.3468198776245117
DNM1L,DNM1L,110,0.49451923,0.7831555,-0.28863627,0.7628546357154846,0.44842594861984253,-0.3144286870956421
MMP7,MMP7,80,0.24612734,0.5348717,-0.28874436,0.5275017619132996,0.4075085520744324,-0.11999320983886719
PAPD7,PAPD7,108,0.59219635,0.88116217,-0.28896582,0.7330037355422974,0.2604580521583557,-0.47254568338394165
PFDN2,PFDN2,93,0.6351276,0.92429215,-0.28916454,0.253812700510025,0.05743774399161339,-0.19637495651841164
MARCH11,MARCH11,108,0.5364162,0.82570785,-0.28929168,0.9381069540977478,0.44819483160972595,-0.48991212248802185
EPS8,EPS8,116,0.48357138,0.7739475,-0.2903761,0.29718881845474243,0.15289804339408875,-0.1442907750606537
HIST2H2AB,HIST2H2AB,108,0.5607207,0.8514075,-0.29068685,0.6254400610923767,0.2722684144973755,-0.3531716465950012
MANSC4,MANSC4,99,0.48746595,0.77859735,-0.2911314,0.4557429850101471,0.2222452014684677,-0.23349778354167938
PZP,PZP,113,0.5203373,0.81160253,-0.29126525,0.8560950756072998,0.4290357828140259,-0.4270592927932739
CSMD1,CSMD1,99,0.52951354,0.8208971,-0.29138356,0.7260405421257019,0.34806007146835327,-0.37798047065734863
CLN8,CLN8,99,0.5212346,0.8127906,-0.291556,0.7269270420074463,0.33027008175849915,-0.39665696024894714
FCRL6,FCRL6,99,0.48576912,0.77765626,-0.29188713,0.7711300849914551,0.3874013125896454,-0.3837287724018097
DEFB104B,DEFB104B,104,0.58725137,0.8799538,-0.29270244,0.7712115049362183,0.31776100397109985,-0.4534505009651184
MIR598,MIR598,108,0.5809123,0.8742924,-0.29338008,0.5439231395721436,0.20173631608486176,-0.3421868234872818
FKBP9L,FKBP9L,97,0.382238,0.67590195,-0.29366395,1.3501813411712646,0.8802723288536072,-0.46990901231765747
DEFB103A,DEFB103A,104,0.52241087,0.8163602,-0.2939493,0.8128989338874817,0.39537519216537476,-0.41752374172210693
RN7SL135P,RN7SL135P,106,0.5549111,0.84916186,-0.2942508,0.7243838906288147,0.27792805433273315,-0.44645583629608154
RN7SKP133,RN7SKP133,104,0.6027293,0.89716923,-0.2944399,1.0469874143600464,0.4748542606830597,-0.5721331536769867
AQP11,AQP11,107,0.4467788,0.7417912,-0.29501238,0.8697325587272644,0.4604887068271637,-0.4092438519001007
DYRK4,DYRK4,93,0.62623096,0.9214617,-0.29523075,0.3262643814086914,0.07894174754619598,-0.24732263386249542
DEDD,DEDD,95,0.61281824,0.9083041,-0.29548585,1.082532286643982,0.46917539834976196,-0.61335688829422
SMCO2,SMCO2,104,0.5307111,0.8264306,-0.2957195,0.4961118698120117,0.242224782705307,-0.2538870871067047
FMO5,FMO5,97,0.5892113,0.8851343,-0.295923,0.6994988918304443,0.24511361122131348,-0.45438528060913086
MIR596,MIR596,92,0.56898934,0.8651482,-0.29615885,0.9523689150810242,0.3774189352989197,-0.5749499797821045
CHRNA6,CHRNA6,106,0.17713651,0.47369128,-0.29655477,0.7655618190765381,0.5686913132667542,-0.19687050580978394
CTNND2,CTNND2,88,0.47021163,0.76726466,-0.29705304,1.0672450065612793,0.5926662683486938,-0.47457873821258545
NEIL2,NEIL2,92,0.49998617,0.797346,-0.29735982,0.9710123538970947,0.5382055044174194,-0.4328068494796753
FAM134B,FAM134B,113,0.50943196,0.80744225,-0.2980103,0.6553831696510315,0.35331082344055176,-0.30207234621047974
MSL1,MSL1,127,0.33036637,0.6284122,-0.2980458,1.162111759185791,0.7879769206047058,-0.3741348385810852
PPIAL4D,PPIAL4D,80,0.53736305,0.8362199,-0.29885685,0.360292911529541,0.1482006013393402,-0.2120923101902008
ANKRD35,ANKRD35,93,0.59091616,0.88983595,-0.2989198,0.509702205657959,0.1525864452123642,-0.3571157604455948
PAQR6,PAQR6,102,0.6226954,0.92189956,-0.29920417,0.5272647142410278,0.11953669041395187,-0.40772802382707596
MIR653,MIR653,114,0.50983614,0.80917865,-0.2993425,0.8797393441200256,0.5031110644340515,-0.3766282796859741
SLC17A9,SLC17A9,104,0.575231,0.87498116,-0.29975015,0.3103102147579193,0.11301787942647934,-0.19729233533143997
THAP1,THAP1,104,0.29018286,0.59011686,-0.299934,0.8592160940170288,0.5276172161102295,-0.3315988779067993
CT49,CT49,99,0.6108071,0.91182774,-0.30102062,0.6366018056869507,0.21965429186820984,-0.41694751381874084
FAM86B3P,FAM86B3P,96,0.5971409,0.8982801,-0.30113918,0.9079806804656982,0.3079183101654053,-0.600062370300293
DEFA1,DEFA1,93,0.58985674,0.89111537,-0.30125862,0.6008039712905884,0.19822849333286285,-0.4025754779577255
FADD,FADD,90,0.36136797,0.66295534,-0.30158737,1.0332050323486328,0.7427474856376648,-0.290457546710968
SLC1A3,SLC1A3,103,0.58856153,0.8905042,-0.30194265,0.557724118232727,0.18404851853847504,-0.373675599694252
TMEM255B,TMEM255B,97,0.4500347,0.7523872,-0.30235252,0.9245922565460205,0.5621296763420105,-0.36246258020401
LRFN1,LRFN1,102,0.3261441,0.6288542,-0.30271012,1.3345988988876343,0.8605058193206787,-0.47409307956695557
FTH1P10,FTH1P10,109,0.6024218,0.905447,-0.3030252,0.9578447937965393,0.30816391110420227,-0.649680882692337
PTGER4,PTGER4,96,0.575775,0.8788693,-0.30309427,0.4916013777256012,0.17677249014377594,-0.31482888758182526
PARL,PARL,119,0.5335365,0.8367644,-0.3032279,0.8475791215896606,0.39007964730262756,-0.4574994742870331
PRSS55,PRSS55,109,0.5651406,0.86873,-0.3035894,0.9060388207435608,0.35000768303871155,-0.5560311377048492
ZDHHC11B,ZDHHC11B,99,0.46019453,0.7637865,-0.30359197,1.4398324489593506,0.8927325010299683,-0.5470999479293823
MRPS35,MRPS35,117,0.3317673,0.63539326,-0.30362597,1.3976962566375732,0.9221051335334778,-0.47559112310409546
NBPF8,NBPF8,100,0.49844953,0.8021933,-0.30374375,0.4249216318130493,0.19538959860801697,-0.22953203320503235
ZNF131,ZNF131,102,0.57030344,0.8746468,-0.30434334,0.5292186141014099,0.1892634928226471,-0.3399551212787628
TADA1,TADA1,105,0.63317615,0.93778867,-0.30461252,0.5895615816116333,0.14371854066848755,-0.44584304094314575
GNG11,GNG11,111,0.4885709,0.79323226,-0.30466136,0.6902955174446106,0.33135128021240234,-0.35894423723220825
SNORA18,SNORA18|ENSG00000252601.1,112,0.53508395,0.8398431,-0.30475914,0.5698301196098328,0.23716075718402863,-0.33266936242580414
KCNMB4,KCNMB4,99,0.5333194,0.83815527,-0.30483586,0.4507126808166504,0.20314592123031616,-0.24756675958633423
ASIP,ASIP,104,0.62516546,0.9300833,-0.3049178,0.46068447828292847,0.10701657831668854,-0.35366789996623993
KIAA1456,KIAA1456,114,0.5931769,0.89809954,-0.30492264,0.8269616365432739,0.2998398244380951,-0.5271218121051788
TCHHL1,TCHHL1,105,0.5850478,0.8900536,-0.3050058,0.5864731073379517,0.2256796956062317,-0.36079341173171997
RGS19,RGS19,96,0.39093393,0.6960995,-0.3051656,0.5277984738349915,0.3081617057323456,-0.21963676810264587
KPRP,KPRP,110,0.6613247,0.96671426,-0.30538958,0.646649181842804,0.0981113463640213,-0.5485378354787827
MIR548I3,MIR548I3,99,0.60615665,0.9115766,-0.30541998,0.6015400290489197,0.19757643342018127,-0.4039635956287384
U8,U8|ENSG00000202269.1,104,0.4809711,0.7864786,-0.30550748,0.5690270662307739,0.2928694486618042,-0.2761576175689697
RNA5SP60,RNA5SP60,102,0.60429084,0.91007614,-0.3057853,0.5643168687820435,0.16561450064182281,-0.39870236814022064
CDK5RAP1,CDK5RAP1,105,0.58031815,0.8873224,-0.30700427,1.2984659671783447,0.5760751366615295,-0.7223908305168152
FAM90A1,FAM90A1,97,0.5160822,0.8231049,-0.3070227,0.3455074429512024,0.1630440652370453,-0.1824633777141571
SF3B4,SF3B4,100,0.60855687,0.91660047,-0.3080436,0.39433497190475464,0.09607670456171036,-0.2982582673430443
MIR4530,MIR4530,118,0.46935394,0.77744406,-0.30809012,0.6591188907623291,0.331890732049942,-0.3272281587123871
RN7SKP73,RN7SKP73,108,0.5723136,0.8805755,-0.30826187,0.8237813115119934,0.31612423062324524,-0.5076570808887482
MIR4660,MIR4660,108,0.51036066,0.8190236,-0.30866295,0.5870049595832825,0.2672055959701538,-0.31979936361312866
MYRFL,MYRFL,103,0.4136965,0.72247213,-0.30877563,0.9981436133384705,0.7085721492767334,-0.28957146406173706
C20orf195,C20orf195,91,0.56583786,0.8754709,-0.30963302,0.35343116521835327,0.12940774857997894,-0.22402341663837433
PIP4K2C,PIP4K2C,106,0.1574813,0.46726966,-0.30978835,1.1198524236679077,0.9277880787849426,-0.1920643448829651
PAK1,PAK1,107,0.20383474,0.5137099,-0.30987516,0.8694299459457397,0.7101008296012878,-0.1593291163444519
ADAM3A,ADAM3A,106,0.30191165,0.61258256,-0.3106709,0.4234914481639862,0.26799508929252625,-0.15549635887145996
FBXO25,FBXO25,109,0.39477104,0.7056983,-0.31092727,0.7736182808876038,0.4202747642993927,-0.35334351658821106
PRB3,PRB3,100,0.5316502,0.8429913,-0.3113411,0.498607337474823,0.22787612676620483,-0.27073121070861816
AGR2,AGR2,104,0.47282848,0.78478694,-0.31195846,0.8226953744888306,0.4033006429672241,-0.41939473152160645
CAPN5,CAPN5,102,-0.1150212,0.1970709,-0.3120921,1.494535207748413,1.2989670038223267,-0.19556820392608643
RNA5SP180,RNA5SP180,109,0.48905572,0.80119455,-0.31213883,0.5128188729286194,0.20657901465892792,-0.30623985826969147
HTRA4,HTRA4,100,0.5371783,0.84935844,-0.31218016,0.6475669145584106,0.25775396823883057,-0.3898129463195801
PPP6R3,PPP6R3,112,0.30725172,0.61972356,-0.31247184,0.48932942748069763,0.34321922063827515,-0.14611020684242249
KLRC4,KLRC4,120,0.59937733,0.911864,-0.31248665,0.6182639002799988,0.16491232812404633,-0.45335157215595245
ZDHHC11,ZDHHC11,112,0.5635163,0.87652916,-0.31301284,0.7591875791549683,0.3046630322933197,-0.45452454686164856
LST3,LST3,91,0.5398996,0.85379696,-0.31389737,0.9630293250083923,0.3983730971813202,-0.5646562278270721
snoU13,snoU13|ENSG00000238533.1,109,0.56598175,0.8806214,-0.31463963,0.5374017953872681,0.2087385356426239,-0.32866325974464417
BCAS3,BCAS3,115,0.3047199,0.6196623,-0.3149424,0.817696213722229,0.5392786264419556,-0.27841758728027344
CYP51A1,CYP51A1,111,0.47058365,0.7855819,-0.31499824,0.88149493932724,0.46934905648231506,-0.4121458828449249
POP4,POP4,111,0.5421739,0.8572522,-0.31507826,0.6666643023490906,0.350098192691803,-0.3165661096572876
BAG4,BAG4,104,0.5550753,0.8704298,-0.31535453,0.594639241695404,0.20440101623535156,-0.3902382254600525
LONRF1,LONRF1,98,0.5320372,0.84864116,-0.31660396,0.6240006685256958,0.2538611888885498,-0.370139479637146
SPATA16,SPATA16,90,0.47795916,0.7949323,-0.31697315,0.4708443582057953,0.21960559487342834,-0.25123876333236694
MARCH6,MARCH6,87,0.37735766,0.6943577,-0.31700003,1.1299885511398315,0.7208029627799988,-0.40918558835983276
RN7SKP218,RN7SKP218,101,0.4667312,0.7839003,-0.31716913,0.4674093425273895,0.21955205500125885,-0.24785728752613068
RN7SL391P,RN7SL391P,100,0.6240422,0.9413606,-0.31731838,0.6309941411018372,0.19355730712413788,-0.4374368339776993
STARD3,STARD3,99,0.37572733,0.69331306,-0.31758574,0.5132911205291748,0.29549044370651245,-0.21780067682266235
NARS2,NARS2,98,0.33132794,0.6492582,-0.31793025,1.1568676233291626,0.8267316818237305,-0.33013594150543213
LINC00906,LINC00906,98,0.5407823,0.85877633,-0.31799406,0.9719527363777161,0.6283546686172485,-0.34359806776046753
LMBRD2,LMBRD2,99,0.5640444,0.8821398,-0.3180954,0.293175607919693,0.08586282283067703,-0.20731278508901596
ZNF507,ZNF507,103,0.4992563,0.8175986,-0.31834227,0.9979126453399658,0.7611397504806519,-0.23677289485931396
CEP72,CEP72,112,0.5755266,0.89445865,-0.31893206,1.0055075883865356,0.43706759810447693,-0.5684399902820587
TERT,TERT,99,0.55133146,0.8705255,-0.31919402,0.5479796528816223,0.26290592551231384,-0.28507372736930847
DEFB106A,DEFB106A,114,0.55494946,0.8743668,-0.31941736,0.7838560342788696,0.2661576569080353,-0.5176983773708344
A2ML1,A2ML1,101,0.45986998,0.78008336,-0.32021338,1.5422039031982422,0.8121585845947266,-0.7300453186035156
LIFR,LIFR,110,0.59118783,0.9126558,-0.32146794,0.8691733479499817,0.3096003234386444,-0.5595730245113373
SLC7A9,SLC7A9,95,0.58127385,0.90324724,-0.32197338,1.4106448888778687,0.5578908324241638,-0.8527540564537048
MSRA,MSRA,94,0.5971523,0.91924554,-0.32209325,1.0108376741409302,0.28296586871147156,-0.7278718054294586
C20orf24,C20orf24,118,0.5690173,0.89129114,-0.32227385,0.5878591537475586,0.1572125256061554,-0.4306466281414032
NDUFA9,NDUFA9,110,0.5376991,0.86073273,-0.32303363,0.43265461921691895,0.1632503718137741,-0.26940424740314484
USP32,USP32,95,0.2322006,0.5566133,-0.32441273,0.6355535387992859,0.4533158242702484,-0.18223771452903748
GRB7,GRB7,86,0.5303941,0.8552951,-0.32490104,1.0824934244155884,0.4642040729522705,-0.6182893514633179
STRAP,STRAP,96,0.5469811,0.8722675,-0.3252864,0.4992419183254242,0.17422477900981903,-0.32501713931560516
ADAM9,ADAM9,90,0.3778827,0.7033575,-0.32547483,1.1321896314620972,0.6851953268051147,-0.4469943046569824
CDC6,CDC6,106,0.45006087,0.7756858,-0.3256249,0.6223369836807251,0.34021151065826416,-0.28212547302246094
TMCO3,TMCO3,92,0.4832163,0.80901986,-0.32580358,0.7412781119346619,0.41649681329727173,-0.32478129863739014
CAPRIN2,CAPRIN2,111,0.5841427,0.91120166,-0.32705897,0.5873058438301086,0.16759327054023743,-0.4197125732898712
TNKS,TNKS,97,0.54947156,0.8768868,-0.32741523,0.7690044045448303,0.26997125148773193,-0.4990331530570984
DEFB130,DEFB130|ENSG00000232948.1,112,0.49062884,0.81828684,-0.327658,0.8253387808799744,0.3598809540271759,-0.46545782685279846
PPIAL4A,PPIAL4A,83,0.44911537,0.77685297,-0.3277376,0.6217164993286133,0.2649017572402954,-0.35681474208831787
RHPN2,RHPN2,91,0.35435018,0.68224084,-0.32789066,1.320428729057312,0.8176723718643188,-0.5027563571929932
MIR26A2,MIR26A2,117,0.52689785,0.8549275,-0.32802963,1.0027875900268555,0.4013775885105133,-0.6014100015163422
RN7SL806P,RN7SL806P,100,0.31725675,0.64535826,-0.32810152,1.9466482400894165,1.2756438255310059,-0.6710044145584106
ADRB3,ADRB3,100,0.55115247,0.87956834,-0.32841587,0.9700716137886047,0.38972973823547363,-0.5803418755531311
RNF115,RNF115,100,0.6195545,0.9485415,-0.328987,1.0538794994354248,0.22537073493003845,-0.8285087645053864
CSF3,CSF3,98,0.55344635,0.88287044,-0.32942408,0.9193302989006042,0.38419580459594727,-0.535134494304657
SLC6A19,SLC6A19,102,0.40711385,0.73703396,-0.3299201,0.4264816641807556,0.17275716364383698,-0.25372450053691864
C5orf22,C5orf22,101,0.46629015,0.7981741,-0.33188394,0.8977000713348389,0.4288198947906494,-0.46888017654418945
NUDT17,NUDT17,110,0.62175775,0.953712,-0.33195424,0.7438936829566956,0.14140085875988007,-0.6024928241968155
ERLIN2,ERLIN2,91,0.39661285,0.72949535,-0.3328825,0.9371374845504761,0.555204451084137,-0.3819330334663391
LGALS4,LGALS4,123,0.50886524,0.8421874,-0.33332217,0.8984357714653015,0.3679700195789337,-0.5304657518863678
FAM66D,FAM66D,113,0.4804405,0.8142852,-0.33384472,0.7126612067222595,0.2896987795829773,-0.4229624271392822
TXNIP,TXNIP,110,0.47455263,0.8091982,-0.33464557,0.4808095693588257,0.1854826807975769,-0.2953268885612488
RAP1B,RAP1B,113,0.36130723,0.69622195,-0.3349147,0.9572615623474121,0.5766506195068359,-0.38061094284057617
VOPP1,VOPP1,103,0.38462892,0.7196191,-0.33499017,0.45119625329971313,0.24191245436668396,-0.20928379893302917
C5orf17,C5orf17,93,0.5139122,0.8493106,-0.33539838,0.8745731711387634,0.3821078836917877,-0.4924652874469757
TRIP13,TRIP13,116,0.5258471,0.8613561,-0.335509,0.5401827692985535,0.1989133656024933,-0.3412694036960602
RN7SKP79,RN7SKP79,112,0.5860659,0.9217622,-0.33569634,0.8313703536987305,0.3547334671020508,-0.4766368865966797
USP35,USP35,104,0.28360707,0.62015563,-0.33654857,0.4515494704246521,0.3142738938331604,-0.1372755765914917
PDRG1,PDRG1,117,0.5445279,0.8817183,-0.3371904,1.2606531381607056,0.4764976501464844,-0.7841554880142212
SNORD112,SNORD112|ENSG00000252565.1,81,0.5222024,0.8602868,-0.3380844,1.150676965713501,0.5992289185523987,-0.5514480471611023
MIR597,MIR597,113,0.51637024,0.85540265,-0.3390324,0.6256271600723267,0.23533713817596436,-0.3902900218963623
ZNF705B,ZNF705B,98,0.5465319,0.8855793,-0.33904737,0.7402936220169067,0.2842724621295929,-0.45602115988731384
IRS2,IRS2,81,0.4999765,0.83927566,-0.33929917,0.9366868734359741,0.46221622824668884,-0.4744706451892853
XKR6,XKR6,114,0.5586837,0.89880073,-0.34011704,0.8371087908744812,0.25296950340270996,-0.5841392874717712
LINC00681,LINC00681,89,0.37936783,0.7209704,-0.34160256,0.6900957226753235,0.3315575420856476,-0.3585381805896759
ENSA,ENSA,98,0.6235235,0.9652849,-0.3417614,0.6832451820373535,0.11235665529966354,-0.57088852673769
RN7SL443P,RN7SL443P,87,0.36417055,0.7070527,-0.34288216,1.0235905647277832,0.5572463870048523,-0.4663441777229309
DKFZP434E1119,DKFZP434E1119,105,0.32095507,0.6642427,-0.34328762,0.48938265442848206,0.32763776183128357,-0.1617448925971985
LINC00208,LINC00208,112,0.54962623,0.8939535,-0.34432727,0.7352012395858765,0.24434570968151093,-0.49085552990436554
MMP20,MMP20,119,0.16785945,0.5152512,-0.34739178,0.4958356022834778,0.3625777065753937,-0.1332578957080841
NFASC,NFASC,114,0.56157714,0.90932643,-0.3477493,0.9375677108764648,0.22913452982902527,-0.7084331810474396
LYSMD1,LYSMD1,105,0.5527903,0.90056604,-0.34777576,0.6409822106361389,0.19399794936180115,-0.44698426127433777
MRPL36,MRPL36,90,0.53421277,0.8824773,-0.34826452,0.8699578046798706,0.272115558385849,-0.5978422462940216
LPCAT1,LPCAT1,107,0.44557384,0.79402274,-0.3484489,0.6972646117210388,0.33714672923088074,-0.3601178824901581
RPL37,RPL37,93,0.44660586,0.7955155,-0.34890962,0.6027446389198303,0.26095643639564514,-0.3417882025241852
PROCR,PROCR,112,0.4894414,0.8387518,-0.3493104,1.0951792001724243,0.4752497673034668,-0.6199294328689575
GATA4,GATA4,96,0.5966743,0.9459907,-0.34931636,1.0579643249511719,0.21889996528625488,-0.839064359664917
MTERF,MTERF,81,0.18782236,0.53720844,-0.3493861,0.5168739557266235,0.31293269991874695,-0.2039412558078766
NBPF10,NBPF10,113,0.5659579,0.9154943,-0.34953642,0.5466983318328857,0.12363829463720322,-0.4230600371956825
PRKAB2,PRKAB2,105,0.48615474,0.8357466,-0.34959185,1.204411268234253,0.49933111667633057,-0.7050801515579224
SUMF2,SUMF2,103,0.54615337,0.8962994,-0.35014606,0.9740886688232422,0.29540756344795227,-0.6786811053752899
PTPN6,PTPN6,107,0.51913923,0.87039787,-0.35125864,0.3758433759212494,0.12829795479774475,-0.24754542112350464
MIR3193,MIR3193,95,0.5407056,0.8923106,-0.351605,0.702527642250061,0.27374202013015747,-0.42878562211990356
RNA5SP59,RNA5SP59,112,0.4531974,0.8051912,-0.35199383,0.8732318878173828,0.4058249890804291,-0.46740689873695374
ERICH1,ERICH1,96,0.48748422,0.8395962,-0.352112,0.6376600861549377,0.23959343135356903,-0.3980666548013687
PLEKHG2,PLEKHG2,103,0.48716536,0.8394539,-0.3522885,1.0821946859359741,0.4392883777618408,-0.6429063081741333
SLC6A3,SLC6A3,109,0.51716065,0.86988086,-0.3527202,1.0074087381362915,0.3950977623462677,-0.6123109757900238
FAR2,FAR2,100,0.37926975,0.73241204,-0.3531423,1.057835578918457,0.6076709628105164,-0.4501646161079407
PSMD8,PSMD8,86,0.42453995,0.77825093,-0.35371098,0.7424418926239014,0.486008882522583,-0.25643301010131836
UNC5D,UNC5D,117,0.3506133,0.7047063,-0.35409302,1.0941784381866455,0.6630815267562866,-0.4310969114303589
CTSZ,CTSZ,104,0.54939014,0.90409243,-0.3547023,1.4052716493606567,0.4835229218006134,-0.9217487275600433
RAB20,RAB20,95,0.44977164,0.8061953,-0.35642368,0.717161238193512,0.32714447379112244,-0.3900167644023895
RN7SL457P,RN7SL457P,104,0.47570777,0.83235544,-0.35664767,0.7591772079467773,0.3023231327533722,-0.45685407519340515
LINC00403,LINC00403,113,0.40055206,0.7574191,-0.35686705,1.4929901361465454,1.0602138042449951,-0.4327763319015503
NRG1,NRG1,109,0.3439794,0.7040079,-0.36002854,0.6769070625305176,0.3731359541416168,-0.30377110838890076
PEPD,PEPD,70,0.4035408,0.7636081,-0.3600673,1.7802387475967407,1.0445923805236816,-0.7356463670730591
RP1L1,RP1L1,96,0.5539181,0.91436553,-0.3604474,1.3414093255996704,0.4437044560909271,-0.8977048695087433
SFRP1,SFRP1,99,0.2835946,0.6449642,-0.3613696,1.2667713165283203,0.7938221096992493,-0.47294920682907104
ALG1L13P,ALG1L13P,111,0.51128393,0.8727045,-0.36142057,0.7327937483787537,0.2749377489089966,-0.4578559994697571
TSFM,TSFM,103,0.52588195,0.88750196,-0.36162,1.6202937364578247,0.4445347785949707,-1.175758957862854
SLC35E3,SLC35E3,111,0.38965982,0.7521673,-0.36250746,0.24079619348049164,0.11380760371685028,-0.12698858976364136
FAM133B,FAM133B,92,0.40321895,0.7660614,-0.36284247,0.7386232614517212,0.32917341589927673,-0.40944984555244446
SLC6A18,SLC6A18,124,0.56893975,0.9319421,-0.36300236,0.6457002758979797,0.1805374175310135,-0.46516285836696625
REP15,REP15,99,0.48489854,0.8483186,-0.36342004,0.2721320390701294,0.09157795459032059,-0.1805540844798088
VDAC3,VDAC3,103,0.40312037,0.766545,-0.36342463,0.673887312412262,0.33284860849380493,-0.34103870391845703
SCARNA20,SCARNA20|ENSG00000251861.1,87,0.5827909,0.9464834,-0.36369246,1.2130732536315918,0.19228389859199524,-1.0207893550395966
C20orf203,C20orf203,119,0.5349961,0.89894074,-0.36394465,0.7444495558738708,0.24267378449440002,-0.5017757713794708
SAMD9L,SAMD9L,104,0.4571774,0.8221841,-0.3650067,1.0261682271957397,0.5241479873657227,-0.5020202398300171
LETM2,LETM2,116,0.29877198,0.6640579,-0.36528593,1.1636736392974854,0.6930571794509888,-0.4706164598464966
ADAM32,ADAM32,115,0.33944687,0.7051024,-0.3656555,0.9988051652908325,0.5667252540588379,-0.43207991123199463
NCCRP1,NCCRP1,105,0.50892437,0.8751737,-0.36624932,0.8570497632026672,0.26988330483436584,-0.5871664583683014
BLK,BLK,98,0.5221602,0.8902805,-0.3681203,0.699923038482666,0.2302796095609665,-0.4696434289216995
NUDT19,NUDT19,109,0.39167866,0.76138073,-0.36970207,0.9838772416114807,0.5307804942131042,-0.45309674739837646
RGS4,RGS4,90,0.4753026,0.84554857,-0.37024596,1.0249336957931519,0.44716382026672363,-0.5777698755264282
DDHD2,DDHD2,111,0.19514239,0.5661919,-0.37104952,0.6638197898864746,0.39469286799430847,-0.26912692189216614
RPS21,RPS21,105,0.4684682,0.84030074,-0.37183255,1.6294561624526978,0.6483674049377441,-0.9810887575149536
ATP11A,ATP11A,103,0.31586495,0.68801284,-0.3721479,1.5941429138183594,1.0372639894485474,-0.556878924369812
ZNF383,ZNF383,99,0.4505833,0.8230657,-0.3724824,0.6436774730682373,0.2345139980316162,-0.4091634750366211
snoU13,snoU13|ENSG00000238511.1,98,0.56858355,0.94214773,-0.37356418,0.5949825048446655,0.10740802437067032,-0.4875744804739952
WHSC1L1,WHSC1L1,98,0.3818698,0.75556517,-0.37369537,0.2962072491645813,0.11225918680429459,-0.1839480623602867
SNORA15,SNORA15|ENSG00000207168.1,103,0.42082372,0.7964054,-0.37558165,2.2196311950683594,1.0554577112197876,-1.1641734838485718
BIRC7,BIRC7,106,0.5925485,0.9700653,-0.3775168,0.8574956059455872,0.1088971346616745,-0.7485984712839127
IDO2,IDO2,128,0.42356142,0.8020444,-0.37848297,1.2915394306182861,0.6005128622055054,-0.6910265684127808
SAMD9,SAMD9,114,0.4080048,0.78672534,-0.37872055,1.0414302349090576,0.5751486420631409,-0.46628159284591675
CCDC91,CCDC91,100,0.2664669,0.64797753,-0.38151065,0.3475959897041321,0.1985253095626831,-0.14907068014144897
SUN5,SUN5,110,0.52297103,0.90534097,-0.38236994,0.7779672145843506,0.24583867192268372,-0.5321285426616669
BIRC3,BIRC3,113,0.29166335,0.6745055,-0.38284212,1.1633847951889038,0.8056568503379822,-0.35772794485092163
CYP27B1,CYP27B1,103,0.5572878,0.94252026,-0.38523245,1.525415062904358,0.2880938649177551,-1.2373211979866028
C1orf51,C1orf51,107,0.5404001,0.92578256,-0.38538247,0.4324564039707184,0.08193638920783997,-0.3505200147628784
MYLK2,MYLK2,103,0.47934157,0.865131,-0.38578945,0.8001845479011536,0.2732762098312378,-0.5269083380699158
TMEM212,TMEM212,100,0.50876313,0.8947002,-0.3859371,1.5995558500289917,0.570014476776123,-1.0295413732528687
GPR89C,GPR89C,91,0.5178225,0.9059917,-0.38816917,0.7853302955627441,0.20228464901447296,-0.5830456465482712
LCE2D,LCE2D,108,0.5628378,0.9512877,-0.3884499,0.5214155912399292,0.07811345160007477,-0.44330213963985443
RNA5SP255,RNA5SP255,107,0.5341868,0.9230882,-0.3889014,0.8786988258361816,0.23022685945034027,-0.6484719663858414
DEFB123,DEFB123,109,0.47807807,0.8672727,-0.3891946,1.4971191883087158,0.6099002957344055,-0.8872188925743103
ANKRD20A12P,ANKRD20A12P,109,0.5620168,0.95362496,-0.39160818,0.809799313545227,0.14722521603107452,-0.6625740975141525
CASC3,CASC3,85,0.45632878,0.8500278,-0.39369902,0.978715717792511,0.3968124985694885,-0.5819032192230225
PINX1,PINX1,122,0.47776738,0.8716527,-0.39388534,0.6020810604095459,0.18760119378566742,-0.4144798666238785
NEUROD2,NEUROD2,100,0.43318075,0.8285342,-0.39535344,0.5957785248756409,0.24911943078041077,-0.3466590940952301
INTS4,INTS4,100,-0.039522395,0.35611334,-0.39563572,0.9223011136054993,0.7752490043640137,-0.1470521092414856
PPIAL4C,PPIAL4C,113,0.54344577,0.9394994,-0.3960536,0.9645355343818665,0.16721728444099426,-0.7973182499408722
PEX1,PEX1,112,0.45509875,0.8517047,-0.39660597,1.2168909311294556,0.466021329164505,-0.7508696019649506
MRPS12,MRPS12,101,0.54374826,0.9431287,-0.39938045,1.2640504837036133,0.2347669154405594,-1.029283568263054
MRGPRF,MRGPRF,112,0.3496162,0.7499252,-0.400309,1.0252156257629395,0.7593375444412231,-0.2658780813217163
snoU13,snoU13|ENSG00000239065.1,89,0.4929449,0.89611894,-0.40317404,0.8786527514457703,0.2926888167858124,-0.5859639346599579
HKR1,HKR1,102,0.48579404,0.8903648,-0.4045708,1.1979784965515137,0.40093353390693665,-0.797044962644577
PPP1R14A,PPP1R14A,117,0.3226001,0.73224545,-0.40964535,0.6768445372581482,0.3642791211605072,-0.312565416097641
RAPGEFL1,RAPGEFL1,109,0.42775387,0.83904725,-0.4112934,1.6390348672866821,0.6219697594642639,-1.0170651078224182
TDRP,TDRP,110,0.48452878,0.89656556,-0.41203678,0.8190246820449829,0.21520304679870605,-0.6038216352462769
ROMO1,ROMO1,114,0.48334116,0.89781684,-0.41447568,0.6361653804779053,0.14178599417209625,-0.494379386305809
HEPACAM2,HEPACAM2,102,0.38001192,0.79537266,-0.41536075,1.34279203414917,0.593984067440033,-0.748807966709137
FCGR1B,FCGR1B,88,0.49428862,0.9100251,-0.4157365,0.459917277097702,0.08086132258176804,-0.379055954515934
CARD6,CARD6,94,0.4603301,0.8768013,-0.4164712,0.6079943180084229,0.19248750805854797,-0.4155068099498749
CHD1L,CHD1L,110,0.51589656,0.9325424,-0.41664582,1.1364057064056396,0.28278809785842896,-0.8536176085472107
SPAG11B,SPAG11B,110,0.48722336,0.9038808,-0.41665742,0.8063643574714661,0.2140238732099533,-0.5923404842615128
METTL1,METTL1,94,0.5001633,0.9171143,-0.416951,1.3347221612930298,0.2722014784812927,-1.062520682811737
ACTN4,ACTN4,117,0.35828987,0.77545166,-0.4171618,0.6846742630004883,0.42263734340667725,-0.26203691959381104
BASP1,BASP1,92,0.47446308,0.89199865,-0.41753557,0.9489427804946899,0.3754836320877075,-0.5734591484069824
ZNF781,ZNF781,102,0.4903431,0.90834796,-0.41800487,1.1009994745254517,0.3261287808418274,-0.7748706936836243
CDK4,CDK4,91,0.28355128,0.70360506,-0.42005378,0.5374853014945984,0.26476749777793884,-0.27271780371665955
CDK12,CDK12,80,0.22979555,0.6504522,-0.42065665,0.7007918357849121,0.43077173829078674,-0.27002009749412537
GMFG,GMFG,101,0.5138479,0.93532956,-0.42148167,0.7665896415710449,0.14106020331382751,-0.6255294382572174
KIF5A,KIF5A,111,0.4443077,0.86759907,-0.42329136,0.7746174335479736,0.3169524669647217,-0.45766496658325195
ASUN,ASUN,91,0.40990093,0.8340494,-0.42414847,0.5936799645423889,0.2113003134727478,-0.3823796510696411
HMGA2,HMGA2,118,0.45326337,0.8796789,-0.42641553,1.8298451900482178,0.6035483479499817,-1.226296842098236
DEFB105B,DEFB105B,99,0.4842795,0.91136116,-0.42708164,0.775292694568634,0.18298259377479553,-0.5923101007938385
KCTD14,KCTD14,103,0.03091349,0.45877564,-0.42786214,1.0175976753234863,0.7952408194541931,-0.2223568558692932
CLNS1A,CLNS1A,107,0.1409148,0.5699887,-0.42907393,1.0225704908370972,0.7880038022994995,-0.23456668853759766
MAP4K1,MAP4K1,107,0.48126802,0.91145134,-0.43018332,0.8826024532318115,0.19393351674079895,-0.6886689364910126
ADPRHL1,ADPRHL1,93,0.22384101,0.6586169,-0.4347759,0.4731108546257019,0.27338898181915283,-0.19972187280654907
GOT1L1,GOT1L1,98,0.19131678,0.6298114,-0.43849462,1.1907793283462524,0.7270739674568176,-0.4637053608894348
RSF1,RSF1,103,-0.100891456,0.34558982,-0.4464813,0.8064281940460205,0.6010556817054749,-0.20537251234054565
SIPA1L3,SIPA1L3,103,0.33836913,0.7859117,-0.44754255,0.6195883750915527,0.2857216000556946,-0.33386677503585815
OR4F21,OR4F21,105,0.4123141,0.8626022,-0.4502881,1.17493736743927,0.3916682302951813,-0.7832691371440887
CLEC12B,CLEC12B,102,0.4064146,0.8587089,-0.45229432,0.5331419110298157,0.17858096957206726,-0.3545609414577484
SNORD65,SNORD65|ENSG00000238936.1,93,0.18418926,0.6370478,-0.45285857,1.14163076877594,0.5681692361831665,-0.5734615325927734
CATSPERG,CATSPERG,108,0.4606175,0.9142413,-0.4536238,1.2534292936325073,0.2955395579338074,-0.9578897356987
SUPT5H,SUPT5H,108,0.42434886,0.88063383,-0.45628497,0.9307610392570496,0.2570740878582001,-0.6736869513988495
CEP89,CEP89,95,0.35593092,0.8135126,-0.4575817,1.2637109756469727,0.6394261717796326,-0.6242848038673401
SNORA70G,SNORA70G,108,0.30871668,0.7702685,-0.46155182,1.0752767324447632,0.4949513077735901,-0.5803254246711731
TM2D2,TM2D2,95,0.19786808,0.6603048,-0.4624367,0.9133950471878052,0.509722888469696,-0.40367215871810913
HYDIN2,HYDIN2,117,0.44803157,0.91099346,-0.46296188,0.9128693342208862,0.18822112679481506,-0.7246482074260712
IFNL3,IFNL3,125,0.44502798,0.9134593,-0.46843132,0.797100305557251,0.201725572347641,-0.59537473320961
MRGPRD,MRGPRD,96,0.25100103,0.72093594,-0.4699349,1.4829902648925781,1.0676941871643066,-0.4152960777282715
GAB2,GAB2,100,0.2514972,0.7221599,-0.4706627,1.0125259160995483,0.6997737884521484,-0.3127521276473999
LYZ,LYZ,87,0.43122563,0.9048614,-0.47363576,0.967612624168396,0.3398965001106262,-0.6277161240577698
ACER3,ACER3,114,-0.0303077,0.44352794,-0.47383565,1.4273419380187988,1.080974817276001,-0.34636712074279785
RPL23AP53,RPL23AP53,103,0.340869,0.81600106,-0.47513205,0.6963775157928467,0.27928799390792847,-0.4170895218849182
CALCR,CALCR,111,0.3615522,0.8367006,-0.4751484,1.097151279449463,0.4073859751224518,-0.6897653043270111
POLB,POLB,97,0.21980232,0.69776183,-0.4779595,2.2094826698303223,1.228087306022644,-0.9813953638076782
SLCO1B1,SLCO1B1,96,0.41914225,0.8987539,-0.47961164,0.42694199085235596,0.09002423286437988,-0.3369177579879761
ZNF793,ZNF793,104,0.39823943,0.8809291,-0.48268968,1.1038403511047363,0.3241962194442749,-0.7796441316604614
PHKG1,PHKG1,111,0.34506047,0.83184665,-0.4867862,1.5399746894836426,0.616733729839325,-0.9232409596443176
FAM66B,FAM66B,102,0.4071656,0.8941252,-0.48695964,1.1574116945266724,0.25404471158981323,-0.9033669829368591
ADAM2,ADAM2,118,0.28875646,0.7759929,-0.4872364,0.6735963225364685,0.2645148038864136,-0.40908151865005493
MFHAS1,MFHAS1,105,0.36464128,0.8578849,-0.4932436,0.6921206712722778,0.19934220612049103,-0.4927784651517868
AGPAT6,AGPAT6,123,0.18829447,0.6838219,-0.49552745,0.9974993467330933,0.49959859251976013,-0.49790075421333313
MIR4637,MIR4637,105,0.41333395,0.90927666,-0.4959427,0.781728208065033,0.25904029607772827,-0.5226879119873047
SGK223,SGK223,109,0.40022784,0.9146261,-0.5143983,0.9597308039665222,0.2074946016073227,-0.7522362023591995
IDO1,IDO1,93,0.1440685,0.6684399,-0.52437145,1.076828956604004,0.5676261782646179,-0.509202778339386
snoU13,snoU13|ENSG00000238673.1,102,0.37091017,0.89651626,-0.5256061,1.4780138731002808,0.4434742033481598,-1.034539669752121
FRS2,FRS2,113,0.3786465,0.90875226,-0.53010577,0.46153825521469116,0.09386937320232391,-0.36766888201236725
PDZK1,PDZK1,101,0.33250836,0.8627366,-0.53022826,1.629149079322815,0.455897718667984,-1.173251360654831
IL22,IL22,104,0.38582122,0.91834795,-0.53252673,0.7905203104019165,0.18682628870010376,-0.6036940217018127
RNF122,RNF122,89,0.044001143,0.5775783,-0.53357714,1.8653037548065186,1.1090666055679321,-0.7562371492385864
GGN,GGN,97,0.28109545,0.8162774,-0.53518194,0.5484545230865479,0.18774104118347168,-0.36071348190307617
IFFO1,IFFO1,87,0.29887044,0.83815366,-0.5392832,0.5251961350440979,0.1687651127576828,-0.3564310222864151
GOLGA7,GOLGA7,102,0.27576274,0.85229564,-0.5765329,0.640616774559021,0.1754574179649353,-0.4651593565940857
RN7SL293P,RN7SL293P,117,0.2868482,0.86617655,-0.57932836,0.8710356950759888,0.24660803377628326,-0.6244276612997055
MYOM2,MYOM2,110,0.26816198,0.8544753,-0.58631337,0.8083758354187012,0.20096103847026825,-0.6074147969484329
NDUFC2,NDUFC2,106,0.15235683,0.76206225,-0.60970545,1.8739906549453735,1.1440114974975586,-0.7299791574478149
IFNG,IFNG,105,0.106114976,0.7462819,-0.64016694,0.9981436133384705,0.4343070983886719,-0.5638365149497986
BOLA1,BOLA1,99,0.289245,0.9328058,-0.64356077,1.0353739261627197,0.13005541265010834,-0.9053185135126114
OMP,OMP,100,0.028200591,0.8382858,-0.81008524,1.4139078855514526,0.7488259077072144,-0.6650819778442383
